2025-09-11 11:26:35,209 - __main__ - INFO - Starting Home Assistant GUI...
2025-09-11 11:26:35,285 - __main__ - INFO - Creating main window...
2025-09-11 11:26:39,480 - services.ha_api - ERROR - WebSocket connection error: [WinError 1225] The remote computer refused the network connection
2025-09-11 11:26:39,528 - ui.widgets.navigation_sidebar - INFO - Navigation changed to: overview
2025-09-11 11:26:44,545 - services.ha_api - ERROR - Error fetching config: HTTPConnectionPool(host='localhost', port=8123): Max retries exceeded with url: /api/config (Caused by NewConnectionError('<urllib3.connection.HTTPConnection object at 0x000001BC0A1B3A40>: Failed to establish a new connection: [WinError 10061] No connection could be made because the target machine actively refused it'))
2025-09-11 11:33:31,326 - __main__ - INFO - Starting Home Assistant GUI...
2025-09-11 11:33:31,350 - __main__ - INFO - Creating main window...
2025-09-11 11:33:35,448 - services.ha_api - ERROR - WebSocket connection error: [WinError 1225] The remote computer refused the network connection
2025-09-11 11:33:35,456 - ui.widgets.navigation_sidebar - INFO - Navigation changed to: overview
2025-09-11 11:33:40,164 - services.ha_api - ERROR - Error fetching config: HTTPConnectionPool(host='localhost', port=8123): Max retries exceeded with url: /api/config (Caused by NewConnectionError('<urllib3.connection.HTTPConnection object at 0x000001DA6EFD7B60>: Failed to establish a new connection: [WinError 10061] No connection could be made because the target machine actively refused it'))
2025-09-11 11:34:28,640 - __main__ - INFO - Starting Home Assistant GUI...
2025-09-11 11:34:28,668 - __main__ - INFO - Creating main window...
2025-09-11 11:34:28,668 - __main__ - ERROR - Failed to start application: 'NoneType' object is not subscriptable
Traceback (most recent call last):
  File "c:\Users\youss\OneDrive\Desktop\VT courses\Semester 5 - F25\IDC\SMART_HOME_ASSISTANT_GUI_QT\main.py", line 47, in main
    window = MainWindow()
             ^^^^^^^^^^^^
  File "c:\Users\youss\OneDrive\Desktop\VT courses\Semester 5 - F25\IDC\SMART_HOME_ASSISTANT_GUI_QT\ui\main_window.py", line 38, in __init__
    host=self.api_config["host"],
         ~~~~~~~~~~~~~~~^^^^^^^^
TypeError: 'NoneType' object is not subscriptable
2025-09-11 11:36:35,383 - __main__ - INFO - Starting Home Assistant GUI...
2025-09-11 11:36:35,406 - __main__ - INFO - Creating main window...
2025-09-11 11:36:39,484 - services.ha_api - ERROR - WebSocket connection error: [WinError 1225] The remote computer refused the network connection
2025-09-11 11:36:39,492 - ui.widgets.navigation_sidebar - INFO - Navigation changed to: overview
2025-09-11 11:36:44,031 - services.ha_api - ERROR - Error fetching config: HTTPConnectionPool(host='localhost', port=8123): Max retries exceeded with url: /api/config (Caused by NewConnectionError('<urllib3.connection.HTTPConnection object at 0x000002A59D047A10>: Failed to establish a new connection: [WinError 10061] No connection could be made because the target machine actively refused it'))
2025-09-11 11:46:51,167 - __main__ - INFO - Starting Home Assistant GUI...
2025-09-11 11:46:51,188 - __main__ - INFO - Creating main window...
2025-09-11 11:46:51,253 - ui.widgets.navigation_sidebar - INFO - Navigation changed to: overview
2025-09-11 11:46:56,021 - services.ha_api - ERROR - WebSocket connection error: [WinError 1225] The remote computer refused the network connection
2025-09-11 11:46:56,021 - services.ha_api - ERROR - Error fetching states: HTTPConnectionPool(host='localhost', port=8123): Max retries exceeded with url: /api/states (Caused by NewConnectionError('<urllib3.connection.HTTPConnection object at 0x00000252BAB1D6D0>: Failed to establish a new connection: [WinError 10061] No connection could be made because the target machine actively refused it'))
2025-09-11 11:49:20,182 - __main__ - INFO - Starting Home Assistant GUI...
2025-09-11 11:49:20,214 - __main__ - INFO - Creating main window...
2025-09-11 11:49:20,233 - ui.widgets.navigation_sidebar - INFO - Navigation changed to: overview
2025-09-11 11:49:24,712 - services.ha_api - ERROR - WebSocket connection error: [WinError 1225] The remote computer refused the network connection
2025-09-11 11:49:24,729 - services.ha_api - ERROR - Error fetching states: HTTPConnectionPool(host='localhost', port=8123): Max retries exceeded with url: /api/states (Caused by NewConnectionError('<urllib3.connection.HTTPConnection object at 0x000001AADD5904A0>: Failed to establish a new connection: [WinError 10061] No connection could be made because the target machine actively refused it'))
2025-09-11 11:59:03,351 - __main__ - INFO - Starting Home Assistant GUI...
2025-09-11 11:59:03,383 - __main__ - INFO - Creating main window...
2025-09-11 11:59:03,534 - ui.widgets.navigation_sidebar - INFO - Navigation changed to: overview
2025-09-11 11:59:08,325 - services.ha_api - ERROR - WebSocket connection error: [WinError 1225] The remote computer refused the network connection
2025-09-11 11:59:08,358 - services.ha_api - ERROR - Error fetching states: HTTPConnectionPool(host='localhost', port=8123): Max retries exceeded with url: /api/states (Caused by NewConnectionError('<urllib3.connection.HTTPConnection object at 0x00000248529301D0>: Failed to establish a new connection: [WinError 10061] No connection could be made because the target machine actively refused it'))
2025-09-11 11:59:08,369 - ui.widgets.scenes_page - INFO - Refreshed 0 scenes
2025-09-11 11:59:12,521 - services.ha_api - ERROR - Error fetching config: HTTPConnectionPool(host='localhost', port=8123): Max retries exceeded with url: /api/config (Caused by NewConnectionError('<urllib3.connection.HTTPConnection object at 0x000002484E454140>: Failed to establish a new connection: [WinError 10061] No connection could be made because the target machine actively refused it'))
2025-09-11 11:59:12,586 - ui.widgets.page_stack_manager - INFO - Added page 'overview' at index 0
2025-09-11 11:59:12,589 - ui.widgets.page_stack_manager - INFO - Added page 'devices' at index 1
2025-09-11 11:59:12,593 - ui.widgets.page_stack_manager - INFO - Added page 'automations' at index 2
2025-09-11 11:59:12,593 - ui.widgets.page_stack_manager - INFO - Added page 'scenes' at index 3
2025-09-11 11:59:12,595 - ui.widgets.page_stack_manager - INFO - Added page 'scripts' at index 4
2025-09-11 11:59:12,951 - ui.widgets.page_stack_manager - INFO - Added page 'settings' at index 5
2025-09-11 11:59:12,951 - ui.main_window - INFO - All pages initialized successfully
2025-09-11 11:59:12,953 - ui.widgets.page_stack_manager - INFO - Switched to page 'overview'
2025-09-11 11:59:13,352 - __main__ - INFO - Application started successfully
2025-09-11 11:59:17,384 - services.ha_api - ERROR - Error fetching config: HTTPConnectionPool(host='localhost', port=8123): Max retries exceeded with url: /api/config (Caused by NewConnectionError('<urllib3.connection.HTTPConnection object at 0x000002485295E840>: Failed to establish a new connection: [WinError 10061] No connection could be made because the target machine actively refused it'))
2025-09-11 11:59:21,484 - services.ha_api - ERROR - Error fetching states: HTTPConnectionPool(host='localhost', port=8123): Max retries exceeded with url: /api/states (Caused by NewConnectionError('<urllib3.connection.HTTPConnection object at 0x000002485295EF00>: Failed to establish a new connection: [WinError 10061] No connection could be made because the target machine actively refused it'))
2025-09-11 11:59:21,495 - ui.widgets.overview_page - INFO - Overview page refreshed successfully
2025-09-11 11:59:25,533 - services.ha_api - ERROR - Error fetching states: HTTPConnectionPool(host='localhost', port=8123): Max retries exceeded with url: /api/states (Caused by NewConnectionError('<urllib3.connection.HTTPConnection object at 0x000002485295F5F0>: Failed to establish a new connection: [WinError 10061] No connection could be made because the target machine actively refused it'))
2025-09-11 11:59:25,536 - ui.widgets.device_grid - INFO - Refreshed 0 entities
2025-09-11 11:59:29,617 - services.ha_api - ERROR - Error fetching automations: HTTPConnectionPool(host='localhost', port=8123): Max retries exceeded with url: /api/config/automation/config (Caused by NewConnectionError('<urllib3.connection.HTTPConnection object at 0x000002485295FD10>: Failed to establish a new connection: [WinError 10061] No connection could be made because the target machine actively refused it'))
2025-09-11 11:59:29,618 - ui.widgets.automation_editor - INFO - Refreshed 0 automations
2025-09-11 11:59:33,665 - services.ha_api - ERROR - Error fetching states: HTTPConnectionPool(host='localhost', port=8123): Max retries exceeded with url: /api/states (Caused by NewConnectionError('<urllib3.connection.HTTPConnection object at 0x000002485295F080>: Failed to establish a new connection: [WinError 10061] No connection could be made because the target machine actively refused it'))
2025-09-11 11:59:33,666 - ui.widgets.scripts_page - INFO - Refreshed 0 scripts
2025-09-11 11:59:37,711 - services.ha_api - ERROR - Error fetching config: HTTPConnectionPool(host='localhost', port=8123): Max retries exceeded with url: /api/config (Caused by NewConnectionError('<urllib3.connection.HTTPConnection object at 0x000002485295E900>: Failed to establish a new connection: [WinError 10061] No connection could be made because the target machine actively refused it'))
2025-09-11 11:59:41,868 - services.ha_api - ERROR - Error fetching config: HTTPConnectionPool(host='localhost', port=8123): Max retries exceeded with url: /api/config (Caused by NewConnectionError('<urllib3.connection.HTTPConnection object at 0x000002485295D8E0>: Failed to establish a new connection: [WinError 10061] No connection could be made because the target machine actively refused it'))
2025-09-11 11:59:45,921 - services.ha_api - ERROR - Error fetching states: HTTPConnectionPool(host='localhost', port=8123): Max retries exceeded with url: /api/states (Caused by NewConnectionError('<urllib3.connection.HTTPConnection object at 0x0000024852980110>: Failed to establish a new connection: [WinError 10061] No connection could be made because the target machine actively refused it'))
2025-09-11 11:59:45,922 - ui.widgets.overview_page - INFO - Overview page refreshed successfully
2025-09-11 11:59:45,922 - ui.widgets.page_stack_manager - INFO - Refreshed page 'overview'
2025-09-11 11:59:50,045 - ui.widgets.page_stack_manager - INFO - Switched to page 'devices'
2025-09-11 11:59:50,051 - ui.main_window - INFO - Switched to page: devices
2025-09-11 11:59:50,051 - ui.widgets.navigation_sidebar - INFO - Navigation changed to: devices
2025-09-11 11:59:57,016 - services.ha_api - ERROR - Error fetching states: HTTPConnectionPool(host='localhost', port=8123): Max retries exceeded with url: /api/states (Caused by NewConnectionError('<urllib3.connection.HTTPConnection object at 0x00000248529812E0>: Failed to establish a new connection: [WinError 10061] No connection could be made because the target machine actively refused it'))
2025-09-11 11:59:57,016 - ui.widgets.device_grid - INFO - Refreshed 0 entities
2025-09-11 11:59:57,018 - ui.widgets.page_stack_manager - INFO - Refreshed page 'devices'
2025-09-11 11:59:57,031 - ui.widgets.page_stack_manager - INFO - Switched to page 'automations'
2025-09-11 11:59:57,031 - ui.main_window - INFO - Switched to page: automations
2025-09-11 11:59:57,063 - ui.widgets.navigation_sidebar - INFO - Navigation changed to: automations
2025-09-11 12:00:02,011 - services.ha_api - ERROR - Error fetching automations: HTTPConnectionPool(host='localhost', port=8123): Max retries exceeded with url: /api/config/automation/config (Caused by NewConnectionError('<urllib3.connection.HTTPConnection object at 0x000002485295E720>: Failed to establish a new connection: [WinError 10061] No connection could be made because the target machine actively refused it'))
2025-09-11 12:00:02,012 - ui.widgets.automation_editor - INFO - Refreshed 0 automations
2025-09-11 12:00:02,013 - ui.widgets.page_stack_manager - INFO - Refreshed page 'automations'
2025-09-11 12:00:02,027 - ui.widgets.page_stack_manager - INFO - Switched to page 'scenes'
2025-09-11 12:00:02,034 - ui.main_window - INFO - Switched to page: scenes
2025-09-11 12:00:02,035 - ui.widgets.navigation_sidebar - INFO - Navigation changed to: scenes
2025-09-11 12:00:07,038 - services.ha_api - ERROR - Error fetching states: HTTPConnectionPool(host='localhost', port=8123): Max retries exceeded with url: /api/states (Caused by NewConnectionError('<urllib3.connection.HTTPConnection object at 0x000002485295E930>: Failed to establish a new connection: [WinError 10061] No connection could be made because the target machine actively refused it'))
2025-09-11 12:00:07,040 - ui.widgets.scenes_page - INFO - Refreshed 0 scenes
2025-09-11 12:00:07,040 - ui.widgets.page_stack_manager - INFO - Refreshed page 'scenes'
2025-09-11 12:00:11,120 - ui.widgets.page_stack_manager - INFO - Switched to page 'scripts'
2025-09-11 12:00:11,123 - ui.main_window - INFO - Switched to page: scripts
2025-09-11 12:00:11,123 - ui.widgets.navigation_sidebar - INFO - Navigation changed to: scripts
2025-09-11 12:00:12,591 - ui.widgets.page_stack_manager - INFO - Switched to page 'overview'
2025-09-11 12:00:12,592 - ui.main_window - INFO - Switched to page: overview
2025-09-11 12:00:12,592 - ui.widgets.navigation_sidebar - INFO - Navigation changed to: overview
2025-09-11 12:00:16,990 - services.ha_api - ERROR - Error fetching config: HTTPConnectionPool(host='localhost', port=8123): Max retries exceeded with url: /api/config (Caused by NewConnectionError('<urllib3.connection.HTTPConnection object at 0x00000248529809E0>: Failed to establish a new connection: [WinError 10061] No connection could be made because the target machine actively refused it'))
2025-09-11 12:00:21,057 - services.ha_api - ERROR - Error fetching states: HTTPConnectionPool(host='localhost', port=8123): Max retries exceeded with url: /api/states (Caused by NewConnectionError('<urllib3.connection.HTTPConnection object at 0x0000024852981550>: Failed to establish a new connection: [WinError 10061] No connection could be made because the target machine actively refused it'))
2025-09-11 12:00:21,057 - ui.widgets.overview_page - INFO - Overview page refreshed successfully
2025-09-11 12:00:21,057 - ui.widgets.page_stack_manager - INFO - Refreshed page 'overview'
2025-09-11 12:00:27,015 - services.ha_api - ERROR - Error fetching config: HTTPConnectionPool(host='localhost', port=8123): Max retries exceeded with url: /api/config (Caused by NewConnectionError('<urllib3.connection.HTTPConnection object at 0x000002484F0F6CC0>: Failed to establish a new connection: [WinError 10061] No connection could be made because the target machine actively refused it'))
2025-09-11 12:00:31,098 - services.ha_api - ERROR - Error fetching states: HTTPConnectionPool(host='localhost', port=8123): Max retries exceeded with url: /api/states (Caused by NewConnectionError('<urllib3.connection.HTTPConnection object at 0x000002485295F5F0>: Failed to establish a new connection: [WinError 10061] No connection could be made because the target machine actively refused it'))
2025-09-11 12:00:31,099 - ui.widgets.overview_page - INFO - Overview page refreshed successfully
2025-09-11 12:00:31,099 - ui.widgets.page_stack_manager - INFO - Refreshed page 'overview'
2025-09-11 12:00:37,043 - services.ha_api - ERROR - Error fetching config: HTTPConnectionPool(host='localhost', port=8123): Max retries exceeded with url: /api/config (Caused by NewConnectionError('<urllib3.connection.HTTPConnection object at 0x000002485295E7E0>: Failed to establish a new connection: [WinError 10061] No connection could be made because the target machine actively refused it'))
2025-09-11 12:00:41,124 - services.ha_api - ERROR - Error fetching states: HTTPConnectionPool(host='localhost', port=8123): Max retries exceeded with url: /api/states (Caused by NewConnectionError('<urllib3.connection.HTTPConnection object at 0x000002485295FF50>: Failed to establish a new connection: [WinError 10061] No connection could be made because the target machine actively refused it'))
2025-09-11 12:00:41,129 - ui.widgets.overview_page - INFO - Overview page refreshed successfully
2025-09-11 12:00:41,130 - ui.widgets.page_stack_manager - INFO - Refreshed page 'overview'
2025-09-11 12:00:52,034 - services.ha_api - ERROR - Error fetching config: HTTPConnectionPool(host='localhost', port=8123): Max retries exceeded with url: /api/config (Caused by NewConnectionError('<urllib3.connection.HTTPConnection object at 0x0000024852980D10>: Failed to establish a new connection: [WinError 10061] No connection could be made because the target machine actively refused it'))
2025-09-11 12:00:56,090 - services.ha_api - ERROR - Error fetching states: HTTPConnectionPool(host='localhost', port=8123): Max retries exceeded with url: /api/states (Caused by NewConnectionError('<urllib3.connection.HTTPConnection object at 0x0000024852981DC0>: Failed to establish a new connection: [WinError 10061] No connection could be made because the target machine actively refused it'))
2025-09-11 12:00:56,095 - ui.widgets.overview_page - INFO - Overview page refreshed successfully
2025-09-11 12:00:56,095 - ui.widgets.page_stack_manager - INFO - Refreshed page 'overview'
2025-09-11 12:01:02,031 - services.ha_api - ERROR - Error fetching config: HTTPConnectionPool(host='localhost', port=8123): Max retries exceeded with url: /api/config (Caused by NewConnectionError('<urllib3.connection.HTTPConnection object at 0x000002485295D790>: Failed to establish a new connection: [WinError 10061] No connection could be made because the target machine actively refused it'))
2025-09-11 12:01:06,102 - services.ha_api - ERROR - Error fetching states: HTTPConnectionPool(host='localhost', port=8123): Max retries exceeded with url: /api/states (Caused by NewConnectionError('<urllib3.connection.HTTPConnection object at 0x000002485295E6F0>: Failed to establish a new connection: [WinError 10061] No connection could be made because the target machine actively refused it'))
2025-09-11 12:01:06,102 - ui.widgets.overview_page - INFO - Overview page refreshed successfully
2025-09-11 12:01:06,102 - ui.widgets.page_stack_manager - INFO - Refreshed page 'overview'
2025-09-11 12:01:17,020 - services.ha_api - ERROR - Error fetching config: HTTPConnectionPool(host='localhost', port=8123): Max retries exceeded with url: /api/config (Caused by NewConnectionError('<urllib3.connection.HTTPConnection object at 0x0000024852980E60>: Failed to establish a new connection: [WinError 10061] No connection could be made because the target machine actively refused it'))
2025-09-11 12:01:21,094 - services.ha_api - ERROR - Error fetching states: HTTPConnectionPool(host='localhost', port=8123): Max retries exceeded with url: /api/states (Caused by NewConnectionError('<urllib3.connection.HTTPConnection object at 0x0000024852980140>: Failed to establish a new connection: [WinError 10061] No connection could be made because the target machine actively refused it'))
2025-09-11 12:01:21,099 - ui.widgets.overview_page - INFO - Overview page refreshed successfully
2025-09-11 12:01:21,101 - ui.widgets.page_stack_manager - INFO - Refreshed page 'overview'
2025-09-11 12:01:27,010 - services.ha_api - ERROR - Error fetching config: HTTPConnectionPool(host='localhost', port=8123): Max retries exceeded with url: /api/config (Caused by NewConnectionError('<urllib3.connection.HTTPConnection object at 0x0000024852981C40>: Failed to establish a new connection: [WinError 10061] No connection could be made because the target machine actively refused it'))
2025-09-11 12:01:31,093 - services.ha_api - ERROR - Error fetching states: HTTPConnectionPool(host='localhost', port=8123): Max retries exceeded with url: /api/states (Caused by NewConnectionError('<urllib3.connection.HTTPConnection object at 0x000002485295ED50>: Failed to establish a new connection: [WinError 10061] No connection could be made because the target machine actively refused it'))
2025-09-11 12:01:31,099 - ui.widgets.overview_page - INFO - Overview page refreshed successfully
2025-09-11 12:01:31,113 - ui.widgets.page_stack_manager - INFO - Refreshed page 'overview'
2025-09-11 12:01:37,017 - services.ha_api - ERROR - Error fetching config: HTTPConnectionPool(host='localhost', port=8123): Max retries exceeded with url: /api/config (Caused by NewConnectionError('<urllib3.connection.HTTPConnection object at 0x000002485295EE70>: Failed to establish a new connection: [WinError 10061] No connection could be made because the target machine actively refused it'))
2025-09-11 12:01:41,100 - services.ha_api - ERROR - Error fetching states: HTTPConnectionPool(host='localhost', port=8123): Max retries exceeded with url: /api/states (Caused by NewConnectionError('<urllib3.connection.HTTPConnection object at 0x000002485295FDD0>: Failed to establish a new connection: [WinError 10061] No connection could be made because the target machine actively refused it'))
2025-09-11 12:01:41,102 - ui.widgets.overview_page - INFO - Overview page refreshed successfully
2025-09-11 12:01:41,104 - ui.widgets.page_stack_manager - INFO - Refreshed page 'overview'
2025-09-11 12:01:52,034 - services.ha_api - ERROR - Error fetching config: HTTPConnectionPool(host='localhost', port=8123): Max retries exceeded with url: /api/config (Caused by NewConnectionError('<urllib3.connection.HTTPConnection object at 0x00000248529808C0>: Failed to establish a new connection: [WinError 10061] No connection could be made because the target machine actively refused it'))
2025-09-11 12:01:56,110 - services.ha_api - ERROR - Error fetching states: HTTPConnectionPool(host='localhost', port=8123): Max retries exceeded with url: /api/states (Caused by NewConnectionError('<urllib3.connection.HTTPConnection object at 0x0000024852981340>: Failed to establish a new connection: [WinError 10061] No connection could be made because the target machine actively refused it'))
2025-09-11 12:01:56,112 - ui.widgets.overview_page - INFO - Overview page refreshed successfully
2025-09-11 12:01:56,115 - ui.widgets.page_stack_manager - INFO - Refreshed page 'overview'
2025-09-11 12:02:02,045 - services.ha_api - ERROR - Error fetching config: HTTPConnectionPool(host='localhost', port=8123): Max retries exceeded with url: /api/config (Caused by NewConnectionError('<urllib3.connection.HTTPConnection object at 0x000002485295E4B0>: Failed to establish a new connection: [WinError 10061] No connection could be made because the target machine actively refused it'))
2025-09-11 12:02:06,086 - services.ha_api - ERROR - Error fetching states: HTTPConnectionPool(host='localhost', port=8123): Max retries exceeded with url: /api/states (Caused by NewConnectionError('<urllib3.connection.HTTPConnection object at 0x000002485295E360>: Failed to establish a new connection: [WinError 10061] No connection could be made because the target machine actively refused it'))
2025-09-11 12:02:06,203 - ui.widgets.overview_page - INFO - Overview page refreshed successfully
2025-09-11 12:02:06,381 - ui.widgets.page_stack_manager - INFO - Refreshed page 'overview'
2025-09-11 12:02:17,042 - services.ha_api - ERROR - Error fetching config: HTTPConnectionPool(host='localhost', port=8123): Max retries exceeded with url: /api/config (Caused by NewConnectionError('<urllib3.connection.HTTPConnection object at 0x0000024852980A40>: Failed to establish a new connection: [WinError 10061] No connection could be made because the target machine actively refused it'))
2025-09-11 12:02:21,144 - services.ha_api - ERROR - Error fetching states: HTTPConnectionPool(host='localhost', port=8123): Max retries exceeded with url: /api/states (Caused by NewConnectionError('<urllib3.connection.HTTPConnection object at 0x0000024852980A10>: Failed to establish a new connection: [WinError 10061] No connection could be made because the target machine actively refused it'))
2025-09-11 12:02:21,146 - ui.widgets.overview_page - INFO - Overview page refreshed successfully
2025-09-11 12:02:21,146 - ui.widgets.page_stack_manager - INFO - Refreshed page 'overview'
2025-09-11 12:02:27,023 - services.ha_api - ERROR - Error fetching config: HTTPConnectionPool(host='localhost', port=8123): Max retries exceeded with url: /api/config (Caused by NewConnectionError('<urllib3.connection.HTTPConnection object at 0x00000248529825D0>: Failed to establish a new connection: [WinError 10061] No connection could be made because the target machine actively refused it'))
2025-09-11 12:02:31,139 - services.ha_api - ERROR - Error fetching states: HTTPConnectionPool(host='localhost', port=8123): Max retries exceeded with url: /api/states (Caused by NewConnectionError('<urllib3.connection.HTTPConnection object at 0x000002485295EF00>: Failed to establish a new connection: [WinError 10061] No connection could be made because the target machine actively refused it'))
2025-09-11 12:02:31,141 - ui.widgets.overview_page - INFO - Overview page refreshed successfully
2025-09-11 12:02:31,142 - ui.widgets.page_stack_manager - INFO - Refreshed page 'overview'
2025-09-11 12:02:37,013 - services.ha_api - ERROR - Error fetching config: HTTPConnectionPool(host='localhost', port=8123): Max retries exceeded with url: /api/config (Caused by NewConnectionError('<urllib3.connection.HTTPConnection object at 0x000002485295EB40>: Failed to establish a new connection: [WinError 10061] No connection could be made because the target machine actively refused it'))
2025-09-11 12:02:41,103 - services.ha_api - ERROR - Error fetching states: HTTPConnectionPool(host='localhost', port=8123): Max retries exceeded with url: /api/states (Caused by NewConnectionError('<urllib3.connection.HTTPConnection object at 0x000002485295D7F0>: Failed to establish a new connection: [WinError 10061] No connection could be made because the target machine actively refused it'))
2025-09-11 12:02:41,104 - ui.widgets.overview_page - INFO - Overview page refreshed successfully
2025-09-11 12:02:41,104 - ui.widgets.page_stack_manager - INFO - Refreshed page 'overview'
2025-09-11 12:02:52,023 - services.ha_api - ERROR - Error fetching config: HTTPConnectionPool(host='localhost', port=8123): Max retries exceeded with url: /api/config (Caused by NewConnectionError('<urllib3.connection.HTTPConnection object at 0x00000248529811C0>: Failed to establish a new connection: [WinError 10061] No connection could be made because the target machine actively refused it'))
2025-09-11 12:02:56,103 - services.ha_api - ERROR - Error fetching states: HTTPConnectionPool(host='localhost', port=8123): Max retries exceeded with url: /api/states (Caused by NewConnectionError('<urllib3.connection.HTTPConnection object at 0x0000024852982E70>: Failed to establish a new connection: [WinError 10061] No connection could be made because the target machine actively refused it'))
2025-09-11 12:02:56,106 - ui.widgets.overview_page - INFO - Overview page refreshed successfully
2025-09-11 12:02:56,108 - ui.widgets.page_stack_manager - INFO - Refreshed page 'overview'
2025-09-11 12:03:02,037 - services.ha_api - ERROR - Error fetching config: HTTPConnectionPool(host='localhost', port=8123): Max retries exceeded with url: /api/config (Caused by NewConnectionError('<urllib3.connection.HTTPConnection object at 0x000002485295DAC0>: Failed to establish a new connection: [WinError 10061] No connection could be made because the target machine actively refused it'))
2025-09-11 12:03:06,088 - services.ha_api - ERROR - Error fetching states: HTTPConnectionPool(host='localhost', port=8123): Max retries exceeded with url: /api/states (Caused by NewConnectionError('<urllib3.connection.HTTPConnection object at 0x000002485295EE10>: Failed to establish a new connection: [WinError 10061] No connection could be made because the target machine actively refused it'))
2025-09-11 12:03:06,091 - ui.widgets.overview_page - INFO - Overview page refreshed successfully
2025-09-11 12:03:06,091 - ui.widgets.page_stack_manager - INFO - Refreshed page 'overview'
2025-09-11 12:03:17,034 - services.ha_api - ERROR - Error fetching config: HTTPConnectionPool(host='localhost', port=8123): Max retries exceeded with url: /api/config (Caused by NewConnectionError('<urllib3.connection.HTTPConnection object at 0x0000024852980620>: Failed to establish a new connection: [WinError 10061] No connection could be made because the target machine actively refused it'))
2025-09-11 12:03:21,096 - services.ha_api - ERROR - Error fetching states: HTTPConnectionPool(host='localhost', port=8123): Max retries exceeded with url: /api/states (Caused by NewConnectionError('<urllib3.connection.HTTPConnection object at 0x0000024852982270>: Failed to establish a new connection: [WinError 10061] No connection could be made because the target machine actively refused it'))
2025-09-11 12:03:21,096 - ui.widgets.overview_page - INFO - Overview page refreshed successfully
2025-09-11 12:03:21,099 - ui.widgets.page_stack_manager - INFO - Refreshed page 'overview'
2025-09-11 12:03:26,983 - services.ha_api - ERROR - Error fetching config: HTTPConnectionPool(host='localhost', port=8123): Max retries exceeded with url: /api/config (Caused by NewConnectionError('<urllib3.connection.HTTPConnection object at 0x0000024852983710>: Failed to establish a new connection: [WinError 10061] No connection could be made because the target machine actively refused it'))
2025-09-11 12:03:31,049 - services.ha_api - ERROR - Error fetching states: HTTPConnectionPool(host='localhost', port=8123): Max retries exceeded with url: /api/states (Caused by NewConnectionError('<urllib3.connection.HTTPConnection object at 0x000002485295F140>: Failed to establish a new connection: [WinError 10061] No connection could be made because the target machine actively refused it'))
2025-09-11 12:03:31,049 - ui.widgets.overview_page - INFO - Overview page refreshed successfully
2025-09-11 12:03:31,049 - ui.widgets.page_stack_manager - INFO - Refreshed page 'overview'
2025-09-11 12:03:37,057 - services.ha_api - ERROR - Error fetching config: HTTPConnectionPool(host='localhost', port=8123): Max retries exceeded with url: /api/config (Caused by NewConnectionError('<urllib3.connection.HTTPConnection object at 0x000002485295ECF0>: Failed to establish a new connection: [WinError 10061] No connection could be made because the target machine actively refused it'))
2025-09-11 12:03:41,143 - services.ha_api - ERROR - Error fetching states: HTTPConnectionPool(host='localhost', port=8123): Max retries exceeded with url: /api/states (Caused by NewConnectionError('<urllib3.connection.HTTPConnection object at 0x000002485295DAF0>: Failed to establish a new connection: [WinError 10061] No connection could be made because the target machine actively refused it'))
2025-09-11 12:03:41,146 - ui.widgets.overview_page - INFO - Overview page refreshed successfully
2025-09-11 12:03:41,147 - ui.widgets.page_stack_manager - INFO - Refreshed page 'overview'
2025-09-11 12:03:52,005 - services.ha_api - ERROR - Error fetching config: HTTPConnectionPool(host='localhost', port=8123): Max retries exceeded with url: /api/config (Caused by NewConnectionError('<urllib3.connection.HTTPConnection object at 0x0000024852980920>: Failed to establish a new connection: [WinError 10061] No connection could be made because the target machine actively refused it'))
2025-09-11 12:03:56,096 - services.ha_api - ERROR - Error fetching states: HTTPConnectionPool(host='localhost', port=8123): Max retries exceeded with url: /api/states (Caused by NewConnectionError('<urllib3.connection.HTTPConnection object at 0x0000024852983EF0>: Failed to establish a new connection: [WinError 10061] No connection could be made because the target machine actively refused it'))
2025-09-11 12:03:56,096 - ui.widgets.overview_page - INFO - Overview page refreshed successfully
2025-09-11 12:03:56,096 - ui.widgets.page_stack_manager - INFO - Refreshed page 'overview'
2025-09-11 12:04:02,021 - services.ha_api - ERROR - Error fetching config: HTTPConnectionPool(host='localhost', port=8123): Max retries exceeded with url: /api/config (Caused by NewConnectionError('<urllib3.connection.HTTPConnection object at 0x000002485295E450>: Failed to establish a new connection: [WinError 10061] No connection could be made because the target machine actively refused it'))
2025-09-11 12:04:06,119 - services.ha_api - ERROR - Error fetching states: HTTPConnectionPool(host='localhost', port=8123): Max retries exceeded with url: /api/states (Caused by NewConnectionError('<urllib3.connection.HTTPConnection object at 0x000002485295E990>: Failed to establish a new connection: [WinError 10061] No connection could be made because the target machine actively refused it'))
2025-09-11 12:04:06,119 - ui.widgets.overview_page - INFO - Overview page refreshed successfully
2025-09-11 12:04:06,119 - ui.widgets.page_stack_manager - INFO - Refreshed page 'overview'
2025-09-11 12:04:17,051 - services.ha_api - ERROR - Error fetching config: HTTPConnectionPool(host='localhost', port=8123): Max retries exceeded with url: /api/config (Caused by NewConnectionError('<urllib3.connection.HTTPConnection object at 0x00000248529808C0>: Failed to establish a new connection: [WinError 10061] No connection could be made because the target machine actively refused it'))
2025-09-11 12:04:21,143 - services.ha_api - ERROR - Error fetching states: HTTPConnectionPool(host='localhost', port=8123): Max retries exceeded with url: /api/states (Caused by NewConnectionError('<urllib3.connection.HTTPConnection object at 0x0000024852983230>: Failed to establish a new connection: [WinError 10061] No connection could be made because the target machine actively refused it'))
2025-09-11 12:04:21,143 - ui.widgets.overview_page - INFO - Overview page refreshed successfully
2025-09-11 12:04:21,143 - ui.widgets.page_stack_manager - INFO - Refreshed page 'overview'
2025-09-11 12:04:27,022 - services.ha_api - ERROR - Error fetching config: HTTPConnectionPool(host='localhost', port=8123): Max retries exceeded with url: /api/config (Caused by NewConnectionError('<urllib3.connection.HTTPConnection object at 0x00000248529A07D0>: Failed to establish a new connection: [WinError 10061] No connection could be made because the target machine actively refused it'))
2025-09-11 12:04:31,100 - services.ha_api - ERROR - Error fetching states: HTTPConnectionPool(host='localhost', port=8123): Max retries exceeded with url: /api/states (Caused by NewConnectionError('<urllib3.connection.HTTPConnection object at 0x00000248529818E0>: Failed to establish a new connection: [WinError 10061] No connection could be made because the target machine actively refused it'))
2025-09-11 12:04:31,101 - ui.widgets.overview_page - INFO - Overview page refreshed successfully
2025-09-11 12:04:31,101 - ui.widgets.page_stack_manager - INFO - Refreshed page 'overview'
2025-09-11 12:04:37,010 - services.ha_api - ERROR - Error fetching config: HTTPConnectionPool(host='localhost', port=8123): Max retries exceeded with url: /api/config (Caused by NewConnectionError('<urllib3.connection.HTTPConnection object at 0x0000024852983E30>: Failed to establish a new connection: [WinError 10061] No connection could be made because the target machine actively refused it'))
2025-09-11 12:04:41,078 - services.ha_api - ERROR - Error fetching states: HTTPConnectionPool(host='localhost', port=8123): Max retries exceeded with url: /api/states (Caused by NewConnectionError('<urllib3.connection.HTTPConnection object at 0x00000248529834D0>: Failed to establish a new connection: [WinError 10061] No connection could be made because the target machine actively refused it'))
2025-09-11 12:04:41,078 - ui.widgets.overview_page - INFO - Overview page refreshed successfully
2025-09-11 12:04:41,078 - ui.widgets.page_stack_manager - INFO - Refreshed page 'overview'
2025-09-11 12:04:52,012 - services.ha_api - ERROR - Error fetching config: HTTPConnectionPool(host='localhost', port=8123): Max retries exceeded with url: /api/config (Caused by NewConnectionError('<urllib3.connection.HTTPConnection object at 0x00000248529825A0>: Failed to establish a new connection: [WinError 10061] No connection could be made because the target machine actively refused it'))
2025-09-11 12:04:56,075 - services.ha_api - ERROR - Error fetching states: HTTPConnectionPool(host='localhost', port=8123): Max retries exceeded with url: /api/states (Caused by NewConnectionError('<urllib3.connection.HTTPConnection object at 0x0000024852981D60>: Failed to establish a new connection: [WinError 10061] No connection could be made because the target machine actively refused it'))
2025-09-11 12:04:56,077 - ui.widgets.overview_page - INFO - Overview page refreshed successfully
2025-09-11 12:04:56,077 - ui.widgets.page_stack_manager - INFO - Refreshed page 'overview'
2025-09-11 12:05:02,042 - services.ha_api - ERROR - Error fetching config: HTTPConnectionPool(host='localhost', port=8123): Max retries exceeded with url: /api/config (Caused by NewConnectionError('<urllib3.connection.HTTPConnection object at 0x00000248529826C0>: Failed to establish a new connection: [WinError 10061] No connection could be made because the target machine actively refused it'))
2025-09-11 12:05:06,133 - services.ha_api - ERROR - Error fetching states: HTTPConnectionPool(host='localhost', port=8123): Max retries exceeded with url: /api/states (Caused by NewConnectionError('<urllib3.connection.HTTPConnection object at 0x0000024852982FF0>: Failed to establish a new connection: [WinError 10061] No connection could be made because the target machine actively refused it'))
2025-09-11 12:05:06,133 - ui.widgets.overview_page - INFO - Overview page refreshed successfully
2025-09-11 12:05:06,133 - ui.widgets.page_stack_manager - INFO - Refreshed page 'overview'
2025-09-11 12:05:17,039 - services.ha_api - ERROR - Error fetching config: HTTPConnectionPool(host='localhost', port=8123): Max retries exceeded with url: /api/config (Caused by NewConnectionError('<urllib3.connection.HTTPConnection object at 0x0000024852980350>: Failed to establish a new connection: [WinError 10061] No connection could be made because the target machine actively refused it'))
2025-09-11 12:05:21,134 - services.ha_api - ERROR - Error fetching states: HTTPConnectionPool(host='localhost', port=8123): Max retries exceeded with url: /api/states (Caused by NewConnectionError('<urllib3.connection.HTTPConnection object at 0x0000024852980800>: Failed to establish a new connection: [WinError 10061] No connection could be made because the target machine actively refused it'))
2025-09-11 12:05:21,134 - ui.widgets.overview_page - INFO - Overview page refreshed successfully
2025-09-11 12:05:21,142 - ui.widgets.page_stack_manager - INFO - Refreshed page 'overview'
2025-09-11 12:05:27,008 - services.ha_api - ERROR - Error fetching config: HTTPConnectionPool(host='localhost', port=8123): Max retries exceeded with url: /api/config (Caused by NewConnectionError('<urllib3.connection.HTTPConnection object at 0x0000024852981730>: Failed to establish a new connection: [WinError 10061] No connection could be made because the target machine actively refused it'))
2025-09-11 12:05:31,090 - services.ha_api - ERROR - Error fetching states: HTTPConnectionPool(host='localhost', port=8123): Max retries exceeded with url: /api/states (Caused by NewConnectionError('<urllib3.connection.HTTPConnection object at 0x00000248529801D0>: Failed to establish a new connection: [WinError 10061] No connection could be made because the target machine actively refused it'))
2025-09-11 12:05:31,094 - ui.widgets.overview_page - INFO - Overview page refreshed successfully
2025-09-11 12:05:31,096 - ui.widgets.page_stack_manager - INFO - Refreshed page 'overview'
2025-09-11 12:05:37,006 - services.ha_api - ERROR - Error fetching config: HTTPConnectionPool(host='localhost', port=8123): Max retries exceeded with url: /api/config (Caused by NewConnectionError('<urllib3.connection.HTTPConnection object at 0x0000024852983F50>: Failed to establish a new connection: [WinError 10061] No connection could be made because the target machine actively refused it'))
2025-09-11 12:05:41,103 - services.ha_api - ERROR - Error fetching states: HTTPConnectionPool(host='localhost', port=8123): Max retries exceeded with url: /api/states (Caused by NewConnectionError('<urllib3.connection.HTTPConnection object at 0x0000024852983A70>: Failed to establish a new connection: [WinError 10061] No connection could be made because the target machine actively refused it'))
2025-09-11 12:05:41,109 - ui.widgets.overview_page - INFO - Overview page refreshed successfully
2025-09-11 12:05:41,115 - ui.widgets.page_stack_manager - INFO - Refreshed page 'overview'
2025-09-11 12:05:52,011 - services.ha_api - ERROR - Error fetching config: HTTPConnectionPool(host='localhost', port=8123): Max retries exceeded with url: /api/config (Caused by NewConnectionError('<urllib3.connection.HTTPConnection object at 0x0000024852982660>: Failed to establish a new connection: [WinError 10061] No connection could be made because the target machine actively refused it'))
2025-09-11 12:05:56,040 - services.ha_api - ERROR - Error fetching states: HTTPConnectionPool(host='localhost', port=8123): Max retries exceeded with url: /api/states (Caused by NewConnectionError('<urllib3.connection.HTTPConnection object at 0x000002485295ED50>: Failed to establish a new connection: [WinError 10061] No connection could be made because the target machine actively refused it'))
2025-09-11 12:05:56,040 - ui.widgets.overview_page - INFO - Overview page refreshed successfully
2025-09-11 12:05:56,043 - ui.widgets.page_stack_manager - INFO - Refreshed page 'overview'
2025-09-11 12:06:02,008 - services.ha_api - ERROR - Error fetching config: HTTPConnectionPool(host='localhost', port=8123): Max retries exceeded with url: /api/config (Caused by NewConnectionError('<urllib3.connection.HTTPConnection object at 0x00000248529825D0>: Failed to establish a new connection: [WinError 10061] No connection could be made because the target machine actively refused it'))
2025-09-11 12:06:06,083 - services.ha_api - ERROR - Error fetching states: HTTPConnectionPool(host='localhost', port=8123): Max retries exceeded with url: /api/states (Caused by NewConnectionError('<urllib3.connection.HTTPConnection object at 0x0000024852983050>: Failed to establish a new connection: [WinError 10061] No connection could be made because the target machine actively refused it'))
2025-09-11 12:06:06,083 - ui.widgets.overview_page - INFO - Overview page refreshed successfully
2025-09-11 12:06:06,083 - ui.widgets.page_stack_manager - INFO - Refreshed page 'overview'
2025-09-11 12:06:17,036 - services.ha_api - ERROR - Error fetching config: HTTPConnectionPool(host='localhost', port=8123): Max retries exceeded with url: /api/config (Caused by NewConnectionError('<urllib3.connection.HTTPConnection object at 0x0000024852983C50>: Failed to establish a new connection: [WinError 10061] No connection could be made because the target machine actively refused it'))
2025-09-11 12:06:21,107 - services.ha_api - ERROR - Error fetching states: HTTPConnectionPool(host='localhost', port=8123): Max retries exceeded with url: /api/states (Caused by NewConnectionError('<urllib3.connection.HTTPConnection object at 0x0000024852980800>: Failed to establish a new connection: [WinError 10061] No connection could be made because the target machine actively refused it'))
2025-09-11 12:06:21,109 - ui.widgets.overview_page - INFO - Overview page refreshed successfully
2025-09-11 12:06:21,110 - ui.widgets.page_stack_manager - INFO - Refreshed page 'overview'
2025-09-11 12:06:27,041 - services.ha_api - ERROR - Error fetching config: HTTPConnectionPool(host='localhost', port=8123): Max retries exceeded with url: /api/config (Caused by NewConnectionError('<urllib3.connection.HTTPConnection object at 0x000002485295E240>: Failed to establish a new connection: [WinError 10061] No connection could be made because the target machine actively refused it'))
2025-09-11 12:06:31,119 - services.ha_api - ERROR - Error fetching states: HTTPConnectionPool(host='localhost', port=8123): Max retries exceeded with url: /api/states (Caused by NewConnectionError('<urllib3.connection.HTTPConnection object at 0x00000248529813D0>: Failed to establish a new connection: [WinError 10061] No connection could be made because the target machine actively refused it'))
2025-09-11 12:06:31,119 - ui.widgets.overview_page - INFO - Overview page refreshed successfully
2025-09-11 12:06:31,119 - ui.widgets.page_stack_manager - INFO - Refreshed page 'overview'
2025-09-11 12:06:37,004 - services.ha_api - ERROR - Error fetching config: HTTPConnectionPool(host='localhost', port=8123): Max retries exceeded with url: /api/config (Caused by NewConnectionError('<urllib3.connection.HTTPConnection object at 0x0000024852980DD0>: Failed to establish a new connection: [WinError 10061] No connection could be made because the target machine actively refused it'))
2025-09-11 12:06:44,286 - __main__ - INFO - Starting Home Assistant GUI...
2025-09-11 12:06:44,308 - __main__ - INFO - Creating main window...
2025-09-11 12:06:44,316 - ui.widgets.navigation_sidebar - INFO - Navigation changed to: overview
2025-09-11 12:06:49,078 - services.ha_api - ERROR - Error fetching config: HTTPConnectionPool(host='localhost', port=8123): Max retries exceeded with url: /api/config (Caused by NewConnectionError('<urllib3.connection.HTTPConnection object at 0x000002C284106A20>: Failed to establish a new connection: [WinError 10061] No connection could be made because the target machine actively refused it'))
2025-09-11 12:06:49,101 - ui.widgets.page_stack_manager - INFO - Added page 'overview' at index 0
2025-09-11 12:06:49,108 - services.ha_api - ERROR - WebSocket connection error: [WinError 1225] The remote computer refused the network connection
2025-09-11 12:06:49,111 - ui.widgets.page_stack_manager - INFO - Added page 'devices' at index 1
2025-09-11 12:06:49,115 - ui.widgets.page_stack_manager - INFO - Added page 'automations' at index 2
2025-09-11 12:06:49,118 - ui.widgets.page_stack_manager - INFO - Added page 'scenes' at index 3
2025-09-11 12:06:49,118 - ui.widgets.page_stack_manager - INFO - Added page 'scripts' at index 4
2025-09-11 12:06:49,517 - ui.widgets.page_stack_manager - INFO - Added page 'settings' at index 5
2025-09-11 12:06:49,517 - ui.main_window - INFO - All pages initialized successfully
2025-09-11 12:06:49,517 - ui.widgets.page_stack_manager - INFO - Switched to page 'overview'
2025-09-11 12:06:49,800 - __main__ - INFO - Application started successfully
2025-09-11 12:06:53,856 - services.ha_api - ERROR - Error fetching config: HTTPConnectionPool(host='localhost', port=8123): Max retries exceeded with url: /api/config (Caused by NewConnectionError('<urllib3.connection.HTTPConnection object at 0x000002C28788A690>: Failed to establish a new connection: [WinError 10061] No connection could be made because the target machine actively refused it'))
2025-09-11 12:06:54,520 - ui.widgets.page_stack_manager - INFO - Refreshed page 'overview'
2025-09-11 12:06:56,757 - ui.widgets.page_stack_manager - INFO - Switched to page 'devices'
2025-09-11 12:06:56,759 - ui.main_window - INFO - Switched to page: devices
2025-09-11 12:06:56,761 - ui.widgets.navigation_sidebar - INFO - Navigation changed to: devices
2025-09-11 12:06:57,232 - ui.widgets.page_stack_manager - INFO - Switched to page 'automations'
2025-09-11 12:06:57,232 - ui.main_window - INFO - Switched to page: automations
2025-09-11 12:06:57,232 - ui.widgets.navigation_sidebar - INFO - Navigation changed to: automations
2025-09-11 12:06:57,827 - ui.widgets.page_stack_manager - INFO - Switched to page 'scenes'
2025-09-11 12:06:57,827 - ui.main_window - INFO - Switched to page: scenes
2025-09-11 12:06:57,829 - ui.widgets.navigation_sidebar - INFO - Navigation changed to: scenes
2025-09-11 12:06:58,409 - ui.widgets.page_stack_manager - INFO - Switched to page 'scripts'
2025-09-11 12:06:58,410 - ui.main_window - INFO - Switched to page: scripts
2025-09-11 12:06:58,410 - ui.widgets.navigation_sidebar - INFO - Navigation changed to: scripts
2025-09-11 12:06:58,898 - ui.widgets.page_stack_manager - INFO - Switched to page 'settings'
2025-09-11 12:06:58,898 - ui.main_window - INFO - Switched to page: settings
2025-09-11 12:06:58,913 - ui.widgets.navigation_sidebar - INFO - Navigation changed to: settings
2025-09-11 12:07:03,571 - services.ha_api - ERROR - Error fetching config: HTTPConnectionPool(host='localhost', port=8123): Max retries exceeded with url: /api/config (Caused by NewConnectionError('<urllib3.connection.HTTPConnection object at 0x000002C28788ADE0>: Failed to establish a new connection: [WinError 10061] No connection could be made because the target machine actively refused it'))
2025-09-11 12:07:03,580 - ui.widgets.page_stack_manager - INFO - Refreshed page 'settings'
2025-09-11 12:07:03,632 - ui.widgets.page_stack_manager - INFO - Switched to page 'overview'
2025-09-11 12:07:03,632 - ui.main_window - INFO - Switched to page: overview
2025-09-11 12:07:03,633 - ui.widgets.navigation_sidebar - INFO - Navigation changed to: overview
2025-09-11 12:07:04,510 - ui.widgets.page_stack_manager - INFO - Refreshed page 'overview'
2025-09-11 12:07:05,092 - ui.widgets.page_stack_manager - INFO - Switched to page 'devices'
2025-09-11 12:07:05,092 - ui.main_window - INFO - Switched to page: devices
2025-09-11 12:07:05,092 - ui.widgets.navigation_sidebar - INFO - Navigation changed to: devices
2025-09-11 12:07:05,661 - ui.widgets.page_stack_manager - INFO - Switched to page 'automations'
2025-09-11 12:07:05,661 - ui.main_window - INFO - Switched to page: automations
2025-09-11 12:07:05,661 - ui.widgets.navigation_sidebar - INFO - Navigation changed to: automations
2025-09-11 12:07:06,200 - ui.widgets.page_stack_manager - INFO - Switched to page 'scenes'
2025-09-11 12:07:06,200 - ui.main_window - INFO - Switched to page: scenes
2025-09-11 12:07:06,200 - ui.widgets.navigation_sidebar - INFO - Navigation changed to: scenes
2025-09-11 12:07:06,932 - ui.widgets.page_stack_manager - INFO - Switched to page 'automations'
2025-09-11 12:07:06,932 - ui.main_window - INFO - Switched to page: automations
2025-09-11 12:07:06,932 - ui.widgets.navigation_sidebar - INFO - Navigation changed to: automations
2025-09-11 12:07:08,505 - ui.widgets.page_stack_manager - INFO - Switched to page 'devices'
2025-09-11 12:07:08,507 - ui.main_window - INFO - Switched to page: devices
2025-09-11 12:07:08,509 - ui.widgets.navigation_sidebar - INFO - Navigation changed to: devices
2025-09-11 12:07:09,517 - ui.widgets.page_stack_manager - INFO - Refreshed page 'devices'
2025-09-11 12:07:09,566 - ui.widgets.page_stack_manager - INFO - Switched to page 'overview'
2025-09-11 12:07:09,569 - ui.main_window - INFO - Switched to page: overview
2025-09-11 12:07:09,569 - ui.widgets.navigation_sidebar - INFO - Navigation changed to: overview
2025-09-11 12:07:11,153 - ui.main_window - INFO - Application closing gracefully
2025-09-11 21:20:11,029 - __main__ - INFO - Starting Home Assistant GUI...
2025-09-11 21:20:11,081 - __main__ - INFO - Creating main window...
2025-09-11 21:20:11,099 - ui.widgets.navigation_sidebar - INFO - Navigation changed to: overview
2025-09-11 21:20:16,976 - services.ha_api - ERROR - Error fetching config: HTTPConnectionPool(host='localhost', port=8123): Max retries exceeded with url: /api/config (Caused by NewConnectionError('<urllib3.connection.HTTPConnection object at 0x00000260CA644BC0>: Failed to establish a new connection: [WinError 10061] No connection could be made because the target machine actively refused it'))
2025-09-11 21:20:17,037 - services.ha_api - ERROR - WebSocket connection error: [WinError 1225] The remote computer refused the network connection
2025-09-11 21:20:17,088 - ui.widgets.page_stack_manager - INFO - Added page 'overview' at index 0
2025-09-11 21:20:17,119 - ui.widgets.page_stack_manager - INFO - Added page 'devices' at index 1
2025-09-11 21:20:17,155 - ui.widgets.page_stack_manager - INFO - Added page 'automations' at index 2
2025-09-11 21:20:17,168 - ui.widgets.page_stack_manager - INFO - Added page 'scenes' at index 3
2025-09-11 21:20:17,178 - ui.widgets.page_stack_manager - INFO - Added page 'scripts' at index 4
2025-09-11 21:20:18,796 - ui.widgets.page_stack_manager - INFO - Added page 'settings' at index 5
2025-09-11 21:20:18,796 - ui.main_window - INFO - All pages initialized successfully
2025-09-11 21:20:18,797 - ui.widgets.page_stack_manager - INFO - Switched to page 'overview'
2025-09-11 21:20:19,410 - __main__ - INFO - Application started successfully
2025-09-11 21:20:23,521 - services.ha_api - ERROR - Error fetching config: HTTPConnectionPool(host='localhost', port=8123): Max retries exceeded with url: /api/config (Caused by NewConnectionError('<urllib3.connection.HTTPConnection object at 0x00000260CFA5E690>: Failed to establish a new connection: [WinError 10061] No connection could be made because the target machine actively refused it'))
2025-09-11 21:20:23,800 - ui.widgets.page_stack_manager - INFO - Refreshed page 'overview'
2025-09-11 21:20:28,806 - ui.widgets.page_stack_manager - INFO - Refreshed page 'overview'
2025-09-11 21:20:33,806 - ui.widgets.page_stack_manager - INFO - Refreshed page 'overview'
2025-09-11 21:20:38,806 - ui.widgets.page_stack_manager - INFO - Refreshed page 'overview'
2025-09-11 21:20:45,152 - ui.widgets.page_stack_manager - INFO - Refreshed page 'overview'
2025-09-11 21:20:48,799 - ui.widgets.page_stack_manager - INFO - Refreshed page 'overview'
2025-09-11 21:20:53,806 - ui.widgets.page_stack_manager - INFO - Refreshed page 'overview'
2025-09-11 21:20:58,803 - ui.widgets.page_stack_manager - INFO - Refreshed page 'overview'
2025-09-11 21:21:03,801 - ui.widgets.page_stack_manager - INFO - Refreshed page 'overview'
2025-09-11 21:21:08,801 - ui.widgets.page_stack_manager - INFO - Refreshed page 'overview'
2025-09-11 21:21:15,168 - ui.widgets.page_stack_manager - INFO - Refreshed page 'overview'
2025-09-11 21:21:18,803 - ui.widgets.page_stack_manager - INFO - Refreshed page 'overview'
2025-09-11 21:21:23,805 - ui.widgets.page_stack_manager - INFO - Refreshed page 'overview'
2025-09-11 21:21:28,799 - ui.widgets.page_stack_manager - INFO - Refreshed page 'overview'
2025-09-11 21:21:33,806 - ui.widgets.page_stack_manager - INFO - Refreshed page 'overview'
2025-09-11 21:21:38,806 - ui.widgets.page_stack_manager - INFO - Refreshed page 'overview'
2025-09-11 21:21:45,167 - ui.widgets.page_stack_manager - INFO - Refreshed page 'overview'
2025-09-11 21:21:48,806 - ui.widgets.page_stack_manager - INFO - Refreshed page 'overview'
2025-09-11 21:21:53,805 - ui.widgets.page_stack_manager - INFO - Refreshed page 'overview'
2025-09-11 21:21:58,804 - ui.widgets.page_stack_manager - INFO - Refreshed page 'overview'
2025-09-11 21:21:58,999 - ui.main_window - INFO - Application closing gracefully
2025-09-11 21:22:05,526 - __main__ - INFO - Starting Home Assistant GUI...
2025-09-11 21:22:05,548 - __main__ - INFO - Creating main window...
2025-09-11 21:22:05,557 - ui.widgets.navigation_sidebar - INFO - Navigation changed to: overview
2025-09-11 21:22:05,946 - services.ha_api - ERROR - Error fetching config: 401 Client Error: Unauthorized for url: http://10.0.0.48:8123/api/config
2025-09-11 21:22:05,957 - ui.widgets.page_stack_manager - INFO - Added page 'overview' at index 0
2025-09-11 21:22:05,959 - ui.widgets.page_stack_manager - INFO - Added page 'devices' at index 1
2025-09-11 21:22:05,960 - ui.widgets.page_stack_manager - INFO - Added page 'automations' at index 2
2025-09-11 21:22:05,961 - ui.widgets.page_stack_manager - INFO - Added page 'scenes' at index 3
2025-09-11 21:22:05,961 - ui.widgets.page_stack_manager - INFO - Added page 'scripts' at index 4
2025-09-11 21:22:06,277 - ui.widgets.page_stack_manager - INFO - Added page 'settings' at index 5
2025-09-11 21:22:06,277 - ui.main_window - INFO - All pages initialized successfully
2025-09-11 21:22:06,277 - ui.widgets.page_stack_manager - INFO - Switched to page 'overview'
2025-09-11 21:22:06,492 - __main__ - INFO - Application started successfully
2025-09-11 21:22:06,541 - services.ha_api - ERROR - Error fetching config: 401 Client Error: Unauthorized for url: http://10.0.0.48:8123/api/config
2025-09-11 21:22:11,272 - ui.widgets.page_stack_manager - INFO - Refreshed page 'overview'
2025-09-11 21:22:16,274 - ui.widgets.page_stack_manager - INFO - Refreshed page 'overview'
2025-09-11 21:22:21,271 - ui.widgets.page_stack_manager - INFO - Refreshed page 'overview'
2025-09-11 21:22:26,267 - ui.widgets.page_stack_manager - INFO - Refreshed page 'overview'
2025-09-11 21:22:31,268 - ui.widgets.page_stack_manager - INFO - Refreshed page 'overview'
2025-09-11 21:22:36,274 - ui.widgets.page_stack_manager - INFO - Refreshed page 'overview'
2025-09-11 21:22:41,271 - ui.widgets.page_stack_manager - INFO - Refreshed page 'overview'
2025-09-11 21:22:46,274 - ui.widgets.page_stack_manager - INFO - Refreshed page 'overview'
2025-09-11 21:22:51,272 - ui.widgets.page_stack_manager - INFO - Refreshed page 'overview'
2025-09-11 21:22:56,272 - ui.widgets.page_stack_manager - INFO - Refreshed page 'overview'
2025-09-11 21:23:01,273 - ui.widgets.page_stack_manager - INFO - Refreshed page 'overview'
2025-09-11 21:23:06,274 - ui.widgets.page_stack_manager - INFO - Refreshed page 'overview'
2025-09-11 21:23:11,273 - ui.widgets.page_stack_manager - INFO - Refreshed page 'overview'
2025-09-11 21:23:16,273 - ui.widgets.page_stack_manager - INFO - Refreshed page 'overview'
2025-09-11 21:23:21,272 - ui.widgets.page_stack_manager - INFO - Refreshed page 'overview'
2025-09-11 21:23:26,269 - ui.widgets.page_stack_manager - INFO - Refreshed page 'overview'
2025-09-11 21:23:31,269 - ui.widgets.page_stack_manager - INFO - Refreshed page 'overview'
2025-09-11 21:23:36,272 - ui.widgets.page_stack_manager - INFO - Refreshed page 'overview'
2025-09-11 21:23:41,273 - ui.widgets.page_stack_manager - INFO - Refreshed page 'overview'
2025-09-11 21:23:46,271 - ui.widgets.page_stack_manager - INFO - Refreshed page 'overview'
2025-09-11 21:23:51,273 - ui.widgets.page_stack_manager - INFO - Refreshed page 'overview'
2025-09-11 21:23:56,272 - ui.widgets.page_stack_manager - INFO - Refreshed page 'overview'
2025-09-11 21:24:01,272 - ui.widgets.page_stack_manager - INFO - Refreshed page 'overview'
2025-09-11 21:24:06,273 - ui.widgets.page_stack_manager - INFO - Refreshed page 'overview'
2025-09-11 21:24:11,271 - ui.widgets.page_stack_manager - INFO - Refreshed page 'overview'
2025-09-11 21:24:16,272 - ui.widgets.page_stack_manager - INFO - Refreshed page 'overview'
2025-09-11 21:24:21,268 - ui.widgets.page_stack_manager - INFO - Refreshed page 'overview'
2025-09-11 21:24:26,267 - ui.widgets.page_stack_manager - INFO - Refreshed page 'overview'
2025-09-11 21:24:31,270 - ui.widgets.page_stack_manager - INFO - Refreshed page 'overview'
2025-09-11 21:24:36,273 - ui.widgets.page_stack_manager - INFO - Refreshed page 'overview'
2025-09-11 21:24:38,528 - ui.main_window - INFO - Application closing gracefully
2025-09-11 21:24:40,718 - __main__ - INFO - Starting Home Assistant GUI...
2025-09-11 21:24:40,739 - __main__ - INFO - Creating main window...
2025-09-11 21:24:40,751 - ui.widgets.navigation_sidebar - INFO - Navigation changed to: overview
2025-09-11 21:24:41,130 - ui.widgets.page_stack_manager - INFO - Added page 'overview' at index 0
2025-09-11 21:24:41,133 - ui.widgets.page_stack_manager - INFO - Added page 'devices' at index 1
2025-09-11 21:24:41,136 - ui.widgets.page_stack_manager - INFO - Added page 'automations' at index 2
2025-09-11 21:24:41,138 - ui.widgets.page_stack_manager - INFO - Added page 'scenes' at index 3
2025-09-11 21:24:41,140 - ui.widgets.page_stack_manager - INFO - Added page 'scripts' at index 4
2025-09-11 21:24:41,472 - ui.widgets.page_stack_manager - INFO - Added page 'settings' at index 5
2025-09-11 21:24:41,473 - ui.main_window - INFO - All pages initialized successfully
2025-09-11 21:24:41,473 - ui.widgets.page_stack_manager - INFO - Switched to page 'overview'
2025-09-11 21:24:41,664 - __main__ - INFO - Application started successfully
2025-09-11 21:24:46,470 - ui.widgets.page_stack_manager - INFO - Refreshed page 'overview'
2025-09-11 21:24:51,014 - ui.widgets.page_stack_manager - INFO - Switched to page 'devices'
2025-09-11 21:24:51,015 - ui.main_window - INFO - Switched to page: devices
2025-09-11 21:24:51,015 - ui.widgets.navigation_sidebar - INFO - Navigation changed to: devices
2025-09-11 21:24:51,473 - ui.widgets.page_stack_manager - INFO - Refreshed page 'devices'
2025-09-11 21:24:51,681 - ui.widgets.page_stack_manager - INFO - Switched to page 'overview'
2025-09-11 21:24:51,682 - ui.main_window - INFO - Switched to page: overview
2025-09-11 21:24:51,683 - ui.widgets.navigation_sidebar - INFO - Navigation changed to: overview
2025-09-11 21:24:54,066 - ui.widgets.page_stack_manager - INFO - Switched to page 'devices'
2025-09-11 21:24:54,067 - ui.main_window - INFO - Switched to page: devices
2025-09-11 21:24:54,069 - ui.widgets.navigation_sidebar - INFO - Navigation changed to: devices
2025-09-11 21:24:54,950 - ui.widgets.page_stack_manager - INFO - Switched to page 'automations'
2025-09-11 21:24:54,950 - ui.main_window - INFO - Switched to page: automations
2025-09-11 21:24:54,951 - ui.widgets.navigation_sidebar - INFO - Navigation changed to: automations
2025-09-11 21:24:56,412 - ui.widgets.page_stack_manager - INFO - Switched to page 'overview'
2025-09-11 21:24:56,414 - ui.main_window - INFO - Switched to page: overview
2025-09-11 21:24:56,414 - ui.widgets.navigation_sidebar - INFO - Navigation changed to: overview
2025-09-11 21:24:56,474 - ui.widgets.page_stack_manager - INFO - Refreshed page 'overview'
2025-09-11 21:25:01,474 - ui.widgets.page_stack_manager - INFO - Refreshed page 'overview'
2025-09-11 21:25:06,473 - ui.widgets.page_stack_manager - INFO - Refreshed page 'overview'
2025-09-11 21:25:11,632 - ui.widgets.overview_page - INFO - Overview page refreshed successfully
2025-09-11 21:25:11,633 - ui.widgets.page_stack_manager - INFO - Refreshed page 'overview'
2025-09-11 21:25:16,534 - ui.widgets.overview_page - INFO - Overview page refreshed successfully
2025-09-11 21:25:16,535 - ui.widgets.page_stack_manager - INFO - Refreshed page 'overview'
2025-09-11 21:25:21,522 - ui.widgets.overview_page - INFO - Overview page refreshed successfully
2025-09-11 21:25:21,523 - ui.widgets.page_stack_manager - INFO - Refreshed page 'overview'
2025-09-11 21:25:26,550 - ui.widgets.overview_page - INFO - Overview page refreshed successfully
2025-09-11 21:25:26,550 - ui.widgets.page_stack_manager - INFO - Refreshed page 'overview'
2025-09-11 21:25:31,595 - ui.widgets.overview_page - INFO - Overview page refreshed successfully
2025-09-11 21:25:31,596 - ui.widgets.page_stack_manager - INFO - Refreshed page 'overview'
2025-09-11 21:25:36,572 - ui.widgets.overview_page - INFO - Overview page refreshed successfully
2025-09-11 21:25:36,573 - ui.widgets.page_stack_manager - INFO - Refreshed page 'overview'
2025-09-11 21:25:41,542 - ui.widgets.overview_page - INFO - Overview page refreshed successfully
2025-09-11 21:25:41,542 - ui.widgets.page_stack_manager - INFO - Refreshed page 'overview'
2025-09-11 21:25:46,527 - ui.widgets.overview_page - INFO - Overview page refreshed successfully
2025-09-11 21:25:46,528 - ui.widgets.page_stack_manager - INFO - Refreshed page 'overview'
2025-09-11 21:25:51,531 - ui.widgets.overview_page - INFO - Overview page refreshed successfully
2025-09-11 21:25:51,531 - ui.widgets.page_stack_manager - INFO - Refreshed page 'overview'
2025-09-11 21:25:56,549 - ui.widgets.overview_page - INFO - Overview page refreshed successfully
2025-09-11 21:25:56,550 - ui.widgets.page_stack_manager - INFO - Refreshed page 'overview'
2025-09-11 21:26:01,511 - ui.widgets.overview_page - INFO - Overview page refreshed successfully
2025-09-11 21:26:01,511 - ui.widgets.page_stack_manager - INFO - Refreshed page 'overview'
2025-09-11 21:26:06,525 - ui.widgets.overview_page - INFO - Overview page refreshed successfully
2025-09-11 21:26:06,525 - ui.widgets.page_stack_manager - INFO - Refreshed page 'overview'
2025-09-11 21:26:11,550 - ui.widgets.overview_page - INFO - Overview page refreshed successfully
2025-09-11 21:26:11,551 - ui.widgets.page_stack_manager - INFO - Refreshed page 'overview'
2025-09-11 21:26:16,630 - ui.widgets.overview_page - INFO - Overview page refreshed successfully
2025-09-11 21:26:16,631 - ui.widgets.page_stack_manager - INFO - Refreshed page 'overview'
2025-09-11 21:26:21,764 - ui.widgets.overview_page - INFO - Overview page refreshed successfully
2025-09-11 21:26:21,765 - ui.widgets.page_stack_manager - INFO - Refreshed page 'overview'
2025-09-11 21:26:26,583 - ui.widgets.overview_page - INFO - Overview page refreshed successfully
2025-09-11 21:26:26,583 - ui.widgets.page_stack_manager - INFO - Refreshed page 'overview'
2025-09-11 21:26:31,560 - ui.widgets.overview_page - INFO - Overview page refreshed successfully
2025-09-11 21:26:31,561 - ui.widgets.page_stack_manager - INFO - Refreshed page 'overview'
2025-09-11 21:26:36,540 - ui.widgets.overview_page - INFO - Overview page refreshed successfully
2025-09-11 21:26:36,540 - ui.widgets.page_stack_manager - INFO - Refreshed page 'overview'
2025-09-11 21:26:41,551 - ui.widgets.overview_page - INFO - Overview page refreshed successfully
2025-09-11 21:26:41,551 - ui.widgets.page_stack_manager - INFO - Refreshed page 'overview'
2025-09-11 21:26:47,005 - ui.widgets.overview_page - INFO - Overview page refreshed successfully
2025-09-11 21:26:47,006 - ui.widgets.page_stack_manager - INFO - Refreshed page 'overview'
2025-09-11 21:26:51,514 - ui.widgets.overview_page - INFO - Overview page refreshed successfully
2025-09-11 21:26:51,514 - ui.widgets.page_stack_manager - INFO - Refreshed page 'overview'
2025-09-11 21:26:56,567 - ui.widgets.overview_page - INFO - Overview page refreshed successfully
2025-09-11 21:26:56,568 - ui.widgets.page_stack_manager - INFO - Refreshed page 'overview'
2025-09-11 21:27:01,583 - ui.widgets.overview_page - INFO - Overview page refreshed successfully
2025-09-11 21:27:01,583 - ui.widgets.page_stack_manager - INFO - Refreshed page 'overview'
2025-09-11 21:27:06,573 - ui.widgets.overview_page - INFO - Overview page refreshed successfully
2025-09-11 21:27:06,573 - ui.widgets.page_stack_manager - INFO - Refreshed page 'overview'
2025-09-11 21:27:11,526 - ui.widgets.overview_page - INFO - Overview page refreshed successfully
2025-09-11 21:27:11,526 - ui.widgets.page_stack_manager - INFO - Refreshed page 'overview'
2025-09-11 21:27:16,553 - ui.widgets.overview_page - INFO - Overview page refreshed successfully
2025-09-11 21:27:16,553 - ui.widgets.page_stack_manager - INFO - Refreshed page 'overview'
2025-09-11 21:27:21,518 - ui.widgets.overview_page - INFO - Overview page refreshed successfully
2025-09-11 21:27:21,519 - ui.widgets.page_stack_manager - INFO - Refreshed page 'overview'
2025-09-11 21:27:26,524 - ui.widgets.overview_page - INFO - Overview page refreshed successfully
2025-09-11 21:27:26,526 - ui.widgets.page_stack_manager - INFO - Refreshed page 'overview'
2025-09-11 21:27:31,982 - ui.widgets.overview_page - INFO - Overview page refreshed successfully
2025-09-11 21:27:31,983 - ui.widgets.page_stack_manager - INFO - Refreshed page 'overview'
2025-09-11 21:27:36,556 - ui.widgets.overview_page - INFO - Overview page refreshed successfully
2025-09-11 21:27:36,556 - ui.widgets.page_stack_manager - INFO - Refreshed page 'overview'
2025-09-11 21:27:41,528 - ui.widgets.overview_page - INFO - Overview page refreshed successfully
2025-09-11 21:27:41,528 - ui.widgets.page_stack_manager - INFO - Refreshed page 'overview'
2025-09-11 21:27:46,864 - ui.widgets.overview_page - INFO - Overview page refreshed successfully
2025-09-11 21:27:46,865 - ui.widgets.page_stack_manager - INFO - Refreshed page 'overview'
2025-09-11 21:27:51,549 - ui.widgets.overview_page - INFO - Overview page refreshed successfully
2025-09-11 21:27:51,549 - ui.widgets.page_stack_manager - INFO - Refreshed page 'overview'
2025-09-11 21:27:56,530 - ui.widgets.overview_page - INFO - Overview page refreshed successfully
2025-09-11 21:27:56,531 - ui.widgets.page_stack_manager - INFO - Refreshed page 'overview'
2025-09-11 21:28:01,520 - ui.widgets.overview_page - INFO - Overview page refreshed successfully
2025-09-11 21:28:01,521 - ui.widgets.page_stack_manager - INFO - Refreshed page 'overview'
2025-09-11 21:28:06,550 - ui.widgets.overview_page - INFO - Overview page refreshed successfully
2025-09-11 21:28:06,551 - ui.widgets.page_stack_manager - INFO - Refreshed page 'overview'
2025-09-11 21:28:11,551 - ui.widgets.overview_page - INFO - Overview page refreshed successfully
2025-09-11 21:28:11,552 - ui.widgets.page_stack_manager - INFO - Refreshed page 'overview'
2025-09-11 21:28:16,784 - ui.widgets.overview_page - INFO - Overview page refreshed successfully
2025-09-11 21:28:16,784 - ui.widgets.page_stack_manager - INFO - Refreshed page 'overview'
2025-09-11 21:28:21,567 - ui.widgets.overview_page - INFO - Overview page refreshed successfully
2025-09-11 21:28:21,567 - ui.widgets.page_stack_manager - INFO - Refreshed page 'overview'
2025-09-11 21:28:26,569 - ui.widgets.overview_page - INFO - Overview page refreshed successfully
2025-09-11 21:28:26,569 - ui.widgets.page_stack_manager - INFO - Refreshed page 'overview'
2025-09-11 21:28:31,684 - ui.widgets.overview_page - INFO - Overview page refreshed successfully
2025-09-11 21:28:31,684 - ui.widgets.page_stack_manager - INFO - Refreshed page 'overview'
2025-09-11 21:28:36,540 - ui.widgets.overview_page - INFO - Overview page refreshed successfully
2025-09-11 21:28:36,540 - ui.widgets.page_stack_manager - INFO - Refreshed page 'overview'
2025-09-11 21:28:41,551 - ui.widgets.overview_page - INFO - Overview page refreshed successfully
2025-09-11 21:28:41,551 - ui.widgets.page_stack_manager - INFO - Refreshed page 'overview'
2025-09-11 21:28:46,638 - ui.widgets.overview_page - INFO - Overview page refreshed successfully
2025-09-11 21:28:46,638 - ui.widgets.page_stack_manager - INFO - Refreshed page 'overview'
2025-09-11 21:28:51,592 - ui.widgets.overview_page - INFO - Overview page refreshed successfully
2025-09-11 21:28:51,592 - ui.widgets.page_stack_manager - INFO - Refreshed page 'overview'
2025-09-11 21:28:56,516 - ui.widgets.overview_page - INFO - Overview page refreshed successfully
2025-09-11 21:28:56,517 - ui.widgets.page_stack_manager - INFO - Refreshed page 'overview'
2025-09-11 21:29:01,526 - ui.widgets.overview_page - INFO - Overview page refreshed successfully
2025-09-11 21:29:01,527 - ui.widgets.page_stack_manager - INFO - Refreshed page 'overview'
2025-09-11 21:29:06,516 - ui.widgets.overview_page - INFO - Overview page refreshed successfully
2025-09-11 21:29:06,516 - ui.widgets.page_stack_manager - INFO - Refreshed page 'overview'
2025-09-11 21:29:11,567 - ui.widgets.overview_page - INFO - Overview page refreshed successfully
2025-09-11 21:29:11,567 - ui.widgets.page_stack_manager - INFO - Refreshed page 'overview'
2025-09-11 21:29:16,577 - ui.widgets.overview_page - INFO - Overview page refreshed successfully
2025-09-11 21:29:16,578 - ui.widgets.page_stack_manager - INFO - Refreshed page 'overview'
2025-09-11 21:29:21,702 - ui.widgets.overview_page - INFO - Overview page refreshed successfully
2025-09-11 21:29:21,702 - ui.widgets.page_stack_manager - INFO - Refreshed page 'overview'
2025-09-11 21:29:26,567 - ui.widgets.overview_page - INFO - Overview page refreshed successfully
2025-09-11 21:29:26,567 - ui.widgets.page_stack_manager - INFO - Refreshed page 'overview'
2025-09-11 21:29:31,535 - ui.widgets.overview_page - INFO - Overview page refreshed successfully
2025-09-11 21:29:31,536 - ui.widgets.page_stack_manager - INFO - Refreshed page 'overview'
2025-09-11 21:29:36,559 - ui.widgets.overview_page - INFO - Overview page refreshed successfully
2025-09-11 21:29:36,559 - ui.widgets.page_stack_manager - INFO - Refreshed page 'overview'
2025-09-11 21:29:41,550 - ui.widgets.overview_page - INFO - Overview page refreshed successfully
2025-09-11 21:29:41,550 - ui.widgets.page_stack_manager - INFO - Refreshed page 'overview'
2025-09-11 21:29:46,986 - ui.widgets.overview_page - INFO - Overview page refreshed successfully
2025-09-11 21:29:46,986 - ui.widgets.page_stack_manager - INFO - Refreshed page 'overview'
2025-09-11 21:29:52,776 - ui.widgets.overview_page - INFO - Overview page refreshed successfully
2025-09-11 21:29:52,776 - ui.widgets.page_stack_manager - INFO - Refreshed page 'overview'
2025-09-11 21:29:56,561 - ui.widgets.overview_page - INFO - Overview page refreshed successfully
2025-09-11 21:29:56,561 - ui.widgets.page_stack_manager - INFO - Refreshed page 'overview'
2025-09-11 21:30:01,531 - ui.widgets.overview_page - INFO - Overview page refreshed successfully
2025-09-11 21:30:01,532 - ui.widgets.page_stack_manager - INFO - Refreshed page 'overview'
2025-09-11 21:30:06,586 - ui.widgets.overview_page - INFO - Overview page refreshed successfully
2025-09-11 21:30:06,586 - ui.widgets.page_stack_manager - INFO - Refreshed page 'overview'
2025-09-11 21:30:11,557 - ui.widgets.overview_page - INFO - Overview page refreshed successfully
2025-09-11 21:30:11,557 - ui.widgets.page_stack_manager - INFO - Refreshed page 'overview'
2025-09-11 21:30:16,925 - ui.widgets.overview_page - INFO - Overview page refreshed successfully
2025-09-11 21:30:16,925 - ui.widgets.page_stack_manager - INFO - Refreshed page 'overview'
2025-09-11 21:30:21,536 - ui.widgets.overview_page - INFO - Overview page refreshed successfully
2025-09-11 21:30:21,536 - ui.widgets.page_stack_manager - INFO - Refreshed page 'overview'
2025-09-11 21:30:26,578 - ui.widgets.overview_page - INFO - Overview page refreshed successfully
2025-09-11 21:30:26,579 - ui.widgets.page_stack_manager - INFO - Refreshed page 'overview'
2025-09-11 21:30:31,523 - ui.widgets.overview_page - INFO - Overview page refreshed successfully
2025-09-11 21:30:31,523 - ui.widgets.page_stack_manager - INFO - Refreshed page 'overview'
2025-09-11 21:30:36,558 - ui.widgets.overview_page - INFO - Overview page refreshed successfully
2025-09-11 21:30:36,558 - ui.widgets.page_stack_manager - INFO - Refreshed page 'overview'
2025-09-11 21:30:41,573 - ui.widgets.overview_page - INFO - Overview page refreshed successfully
2025-09-11 21:30:41,574 - ui.widgets.page_stack_manager - INFO - Refreshed page 'overview'
2025-09-11 21:30:46,573 - ui.widgets.overview_page - INFO - Overview page refreshed successfully
2025-09-11 21:30:46,573 - ui.widgets.page_stack_manager - INFO - Refreshed page 'overview'
2025-09-11 21:30:51,761 - ui.widgets.overview_page - INFO - Overview page refreshed successfully
2025-09-11 21:30:51,762 - ui.widgets.page_stack_manager - INFO - Refreshed page 'overview'
2025-09-11 21:30:56,597 - ui.widgets.overview_page - INFO - Overview page refreshed successfully
2025-09-11 21:30:56,598 - ui.widgets.page_stack_manager - INFO - Refreshed page 'overview'
2025-09-11 21:31:01,550 - ui.widgets.overview_page - INFO - Overview page refreshed successfully
2025-09-11 21:31:01,550 - ui.widgets.page_stack_manager - INFO - Refreshed page 'overview'
2025-09-11 21:31:06,608 - ui.widgets.overview_page - INFO - Overview page refreshed successfully
2025-09-11 21:31:06,609 - ui.widgets.page_stack_manager - INFO - Refreshed page 'overview'
2025-09-11 21:31:11,555 - ui.widgets.overview_page - INFO - Overview page refreshed successfully
2025-09-11 21:31:11,555 - ui.widgets.page_stack_manager - INFO - Refreshed page 'overview'
2025-09-11 21:31:16,536 - ui.widgets.overview_page - INFO - Overview page refreshed successfully
2025-09-11 21:31:16,537 - ui.widgets.page_stack_manager - INFO - Refreshed page 'overview'
2025-09-11 21:31:21,536 - ui.widgets.overview_page - INFO - Overview page refreshed successfully
2025-09-11 21:31:21,537 - ui.widgets.page_stack_manager - INFO - Refreshed page 'overview'
2025-09-11 21:31:26,757 - ui.widgets.overview_page - INFO - Overview page refreshed successfully
2025-09-11 21:31:26,758 - ui.widgets.page_stack_manager - INFO - Refreshed page 'overview'
2025-09-11 21:31:31,559 - ui.widgets.overview_page - INFO - Overview page refreshed successfully
2025-09-11 21:31:31,560 - ui.widgets.page_stack_manager - INFO - Refreshed page 'overview'
2025-09-11 21:31:36,539 - ui.widgets.overview_page - INFO - Overview page refreshed successfully
2025-09-11 21:31:36,540 - ui.widgets.page_stack_manager - INFO - Refreshed page 'overview'
2025-09-11 21:31:41,524 - ui.widgets.overview_page - INFO - Overview page refreshed successfully
2025-09-11 21:31:41,524 - ui.widgets.page_stack_manager - INFO - Refreshed page 'overview'
2025-09-11 21:31:46,515 - ui.widgets.overview_page - INFO - Overview page refreshed successfully
2025-09-11 21:31:46,516 - ui.widgets.page_stack_manager - INFO - Refreshed page 'overview'
2025-09-11 21:31:51,552 - ui.widgets.overview_page - INFO - Overview page refreshed successfully
2025-09-11 21:31:51,552 - ui.widgets.page_stack_manager - INFO - Refreshed page 'overview'
2025-09-11 21:31:56,527 - ui.widgets.overview_page - INFO - Overview page refreshed successfully
2025-09-11 21:31:56,528 - ui.widgets.page_stack_manager - INFO - Refreshed page 'overview'
2025-09-11 21:31:59,285 - ui.widgets.page_stack_manager - INFO - Switched to page 'devices'
2025-09-11 21:31:59,287 - ui.main_window - INFO - Switched to page: devices
2025-09-11 21:31:59,287 - ui.widgets.navigation_sidebar - INFO - Navigation changed to: devices
2025-09-11 21:32:01,614 - ui.widgets.device_grid - INFO - Refreshed 27 entities
2025-09-11 21:32:01,614 - ui.widgets.page_stack_manager - INFO - Refreshed page 'devices'
2025-09-11 21:32:06,588 - ui.widgets.device_grid - INFO - Refreshed 27 entities
2025-09-11 21:32:06,588 - ui.widgets.page_stack_manager - INFO - Refreshed page 'devices'
2025-09-11 21:32:11,563 - ui.widgets.device_grid - INFO - Refreshed 27 entities
2025-09-11 21:32:11,564 - ui.widgets.page_stack_manager - INFO - Refreshed page 'devices'
2025-09-11 21:32:16,582 - ui.widgets.device_grid - INFO - Refreshed 27 entities
2025-09-11 21:32:16,582 - ui.widgets.page_stack_manager - INFO - Refreshed page 'devices'
2025-09-11 21:32:21,586 - ui.widgets.device_grid - INFO - Refreshed 27 entities
2025-09-11 21:32:21,586 - ui.widgets.page_stack_manager - INFO - Refreshed page 'devices'
2025-09-11 21:32:24,101 - ui.widgets.device_card - ERROR - Error updating entity display: setValue(self, value: int): argument 1 has unexpected type 'NoneType'
2025-09-11 21:32:26,283 - ui.widgets.device_card - ERROR - Error toggling entity light.hue_light_1: setValue(self, value: int): argument 1 has unexpected type 'NoneType'
2025-09-11 21:32:27,218 - ui.widgets.device_grid - INFO - Refreshed 27 entities
2025-09-11 21:32:27,218 - ui.widgets.page_stack_manager - INFO - Refreshed page 'devices'
2025-09-11 21:32:32,986 - ui.widgets.device_grid - INFO - Refreshed 27 entities
2025-09-11 21:32:32,988 - ui.widgets.page_stack_manager - INFO - Refreshed page 'devices'
2025-09-11 21:32:38,251 - ui.widgets.device_grid - INFO - Refreshed 27 entities
2025-09-11 21:32:38,252 - ui.widgets.page_stack_manager - INFO - Refreshed page 'devices'
2025-09-11 21:32:43,702 - ui.widgets.device_grid - INFO - Refreshed 27 entities
2025-09-11 21:32:43,702 - ui.widgets.page_stack_manager - INFO - Refreshed page 'devices'
2025-09-11 21:32:47,620 - ui.widgets.device_grid - INFO - Refreshed 27 entities
2025-09-11 21:32:47,621 - ui.widgets.page_stack_manager - INFO - Refreshed page 'devices'
2025-09-11 21:32:53,289 - ui.widgets.device_grid - INFO - Refreshed 27 entities
2025-09-11 21:32:53,291 - ui.widgets.page_stack_manager - INFO - Refreshed page 'devices'
2025-09-11 21:32:57,273 - ui.widgets.device_grid - INFO - Refreshed 27 entities
2025-09-11 21:32:57,274 - ui.widgets.page_stack_manager - INFO - Refreshed page 'devices'
2025-09-11 21:32:58,763 - ui.widgets.device_card - ERROR - Error updating entity display: setValue(self, value: int): argument 1 has unexpected type 'NoneType'
2025-09-11 21:33:09,577 - services.ha_api - ERROR - Error calling service light.turn_on: 500 Server Error: Internal Server Error for url: http://10.0.0.48:8123/api/services/light/turn_on
2025-09-11 21:33:11,463 - services.ha_api - ERROR - Error calling service light.turn_on: 500 Server Error: Internal Server Error for url: http://10.0.0.48:8123/api/services/light/turn_on
2025-09-11 21:33:11,472 - ui.widgets.device_grid - INFO - Refreshed 27 entities
2025-09-11 21:33:11,473 - ui.widgets.page_stack_manager - INFO - Refreshed page 'devices'
2025-09-11 21:33:13,223 - services.ha_api - ERROR - Error calling service light.turn_on: 500 Server Error: Internal Server Error for url: http://10.0.0.48:8123/api/services/light/turn_on
2025-09-11 21:33:14,621 - services.ha_api - ERROR - Error calling service light.turn_on: 500 Server Error: Internal Server Error for url: http://10.0.0.48:8123/api/services/light/turn_on
2025-09-11 21:33:16,191 - services.ha_api - ERROR - Error calling service light.turn_on: 500 Server Error: Internal Server Error for url: http://10.0.0.48:8123/api/services/light/turn_on
2025-09-11 21:33:17,512 - services.ha_api - ERROR - Error calling service light.turn_on: 500 Server Error: Internal Server Error for url: http://10.0.0.48:8123/api/services/light/turn_on
2025-09-11 21:33:19,251 - services.ha_api - ERROR - Error calling service light.turn_on: 500 Server Error: Internal Server Error for url: http://10.0.0.48:8123/api/services/light/turn_on
2025-09-11 21:33:20,642 - services.ha_api - ERROR - Error calling service light.turn_on: 500 Server Error: Internal Server Error for url: http://10.0.0.48:8123/api/services/light/turn_on
2025-09-11 21:33:22,699 - services.ha_api - ERROR - Error calling service light.turn_on: 500 Server Error: Internal Server Error for url: http://10.0.0.48:8123/api/services/light/turn_on
2025-09-11 21:33:22,705 - ui.widgets.device_grid - INFO - Refreshed 27 entities
2025-09-11 21:33:22,706 - ui.widgets.page_stack_manager - INFO - Refreshed page 'devices'
2025-09-11 21:33:22,746 - ui.widgets.page_stack_manager - INFO - Switched to page 'automations'
2025-09-11 21:33:22,746 - ui.main_window - INFO - Switched to page: automations
2025-09-11 21:33:22,746 - ui.widgets.navigation_sidebar - INFO - Navigation changed to: automations
2025-09-11 21:33:26,499 - services.ha_api - ERROR - Error fetching automations: 404 Client Error: Not Found for url: http://10.0.0.48:8123/api/config/automation/config
2025-09-11 21:33:26,500 - ui.widgets.automation_editor - INFO - Refreshed 0 automations
2025-09-11 21:33:26,500 - ui.widgets.page_stack_manager - INFO - Refreshed page 'automations'
2025-09-11 21:33:31,761 - services.ha_api - ERROR - Error fetching automations: 404 Client Error: Not Found for url: http://10.0.0.48:8123/api/config/automation/config
2025-09-11 21:33:31,762 - ui.widgets.automation_editor - INFO - Refreshed 0 automations
2025-09-11 21:33:31,762 - ui.widgets.page_stack_manager - INFO - Refreshed page 'automations'
2025-09-11 21:33:36,540 - services.ha_api - ERROR - Error fetching automations: 404 Client Error: Not Found for url: http://10.0.0.48:8123/api/config/automation/config
2025-09-11 21:33:36,541 - ui.widgets.automation_editor - INFO - Refreshed 0 automations
2025-09-11 21:33:36,542 - ui.widgets.page_stack_manager - INFO - Refreshed page 'automations'
2025-09-11 21:33:41,494 - services.ha_api - ERROR - Error fetching automations: 404 Client Error: Not Found for url: http://10.0.0.48:8123/api/config/automation/config
2025-09-11 21:33:41,494 - ui.widgets.automation_editor - INFO - Refreshed 0 automations
2025-09-11 21:33:41,495 - ui.widgets.page_stack_manager - INFO - Refreshed page 'automations'
2025-09-11 21:33:46,501 - services.ha_api - ERROR - Error fetching automations: 404 Client Error: Not Found for url: http://10.0.0.48:8123/api/config/automation/config
2025-09-11 21:33:46,502 - ui.widgets.automation_editor - INFO - Refreshed 0 automations
2025-09-11 21:33:46,502 - ui.widgets.page_stack_manager - INFO - Refreshed page 'automations'
2025-09-11 21:33:51,542 - services.ha_api - ERROR - Error fetching automations: 404 Client Error: Not Found for url: http://10.0.0.48:8123/api/config/automation/config
2025-09-11 21:33:51,543 - ui.widgets.automation_editor - INFO - Refreshed 0 automations
2025-09-11 21:33:51,543 - ui.widgets.page_stack_manager - INFO - Refreshed page 'automations'
2025-09-11 21:33:56,512 - services.ha_api - ERROR - Error fetching automations: 404 Client Error: Not Found for url: http://10.0.0.48:8123/api/config/automation/config
2025-09-11 21:33:56,513 - ui.widgets.automation_editor - INFO - Refreshed 0 automations
2025-09-11 21:33:56,513 - ui.widgets.page_stack_manager - INFO - Refreshed page 'automations'
2025-09-11 21:34:01,509 - services.ha_api - ERROR - Error fetching automations: 404 Client Error: Not Found for url: http://10.0.0.48:8123/api/config/automation/config
2025-09-11 21:34:01,509 - ui.widgets.automation_editor - INFO - Refreshed 0 automations
2025-09-11 21:34:01,510 - ui.widgets.page_stack_manager - INFO - Refreshed page 'automations'
2025-09-11 21:34:06,580 - services.ha_api - ERROR - Error fetching automations: 404 Client Error: Not Found for url: http://10.0.0.48:8123/api/config/automation/config
2025-09-11 21:34:06,580 - ui.widgets.automation_editor - INFO - Refreshed 0 automations
2025-09-11 21:34:06,580 - ui.widgets.page_stack_manager - INFO - Refreshed page 'automations'
2025-09-11 21:34:11,509 - services.ha_api - ERROR - Error fetching automations: 404 Client Error: Not Found for url: http://10.0.0.48:8123/api/config/automation/config
2025-09-11 21:34:11,510 - ui.widgets.automation_editor - INFO - Refreshed 0 automations
2025-09-11 21:34:11,510 - ui.widgets.page_stack_manager - INFO - Refreshed page 'automations'
2025-09-11 21:34:16,489 - services.ha_api - ERROR - Error fetching automations: 404 Client Error: Not Found for url: http://10.0.0.48:8123/api/config/automation/config
2025-09-11 21:34:16,489 - ui.widgets.automation_editor - INFO - Refreshed 0 automations
2025-09-11 21:34:16,489 - ui.widgets.page_stack_manager - INFO - Refreshed page 'automations'
2025-09-11 21:34:21,499 - services.ha_api - ERROR - Error fetching automations: 404 Client Error: Not Found for url: http://10.0.0.48:8123/api/config/automation/config
2025-09-11 21:34:21,500 - ui.widgets.automation_editor - INFO - Refreshed 0 automations
2025-09-11 21:34:21,500 - ui.widgets.page_stack_manager - INFO - Refreshed page 'automations'
2025-09-11 21:34:26,493 - services.ha_api - ERROR - Error fetching automations: 404 Client Error: Not Found for url: http://10.0.0.48:8123/api/config/automation/config
2025-09-11 21:34:26,494 - ui.widgets.automation_editor - INFO - Refreshed 0 automations
2025-09-11 21:34:26,494 - ui.widgets.page_stack_manager - INFO - Refreshed page 'automations'
2025-09-11 21:34:31,497 - services.ha_api - ERROR - Error fetching automations: 404 Client Error: Not Found for url: http://10.0.0.48:8123/api/config/automation/config
2025-09-11 21:34:31,498 - ui.widgets.automation_editor - INFO - Refreshed 0 automations
2025-09-11 21:34:31,498 - ui.widgets.page_stack_manager - INFO - Refreshed page 'automations'
2025-09-11 21:34:36,509 - services.ha_api - ERROR - Error fetching automations: 404 Client Error: Not Found for url: http://10.0.0.48:8123/api/config/automation/config
2025-09-11 21:34:36,510 - ui.widgets.automation_editor - INFO - Refreshed 0 automations
2025-09-11 21:34:36,510 - ui.widgets.page_stack_manager - INFO - Refreshed page 'automations'
2025-09-11 21:34:41,510 - services.ha_api - ERROR - Error fetching automations: 404 Client Error: Not Found for url: http://10.0.0.48:8123/api/config/automation/config
2025-09-11 21:34:41,511 - ui.widgets.automation_editor - INFO - Refreshed 0 automations
2025-09-11 21:34:41,511 - ui.widgets.page_stack_manager - INFO - Refreshed page 'automations'
2025-09-11 21:34:46,515 - services.ha_api - ERROR - Error fetching automations: 404 Client Error: Not Found for url: http://10.0.0.48:8123/api/config/automation/config
2025-09-11 21:34:46,516 - ui.widgets.automation_editor - INFO - Refreshed 0 automations
2025-09-11 21:34:46,517 - ui.widgets.page_stack_manager - INFO - Refreshed page 'automations'
2025-09-11 21:34:51,532 - services.ha_api - ERROR - Error fetching automations: 404 Client Error: Not Found for url: http://10.0.0.48:8123/api/config/automation/config
2025-09-11 21:34:51,533 - ui.widgets.automation_editor - INFO - Refreshed 0 automations
2025-09-11 21:34:51,533 - ui.widgets.page_stack_manager - INFO - Refreshed page 'automations'
2025-09-11 21:34:56,516 - services.ha_api - ERROR - Error fetching automations: 404 Client Error: Not Found for url: http://10.0.0.48:8123/api/config/automation/config
2025-09-11 21:34:56,516 - ui.widgets.automation_editor - INFO - Refreshed 0 automations
2025-09-11 21:34:56,517 - ui.widgets.page_stack_manager - INFO - Refreshed page 'automations'
2025-09-11 21:35:01,492 - services.ha_api - ERROR - Error fetching automations: 404 Client Error: Not Found for url: http://10.0.0.48:8123/api/config/automation/config
2025-09-11 21:35:01,493 - ui.widgets.automation_editor - INFO - Refreshed 0 automations
2025-09-11 21:35:01,494 - ui.widgets.page_stack_manager - INFO - Refreshed page 'automations'
2025-09-11 21:35:06,495 - services.ha_api - ERROR - Error fetching automations: 404 Client Error: Not Found for url: http://10.0.0.48:8123/api/config/automation/config
2025-09-11 21:35:06,495 - ui.widgets.automation_editor - INFO - Refreshed 0 automations
2025-09-11 21:35:06,497 - ui.widgets.page_stack_manager - INFO - Refreshed page 'automations'
2025-09-11 21:35:11,543 - services.ha_api - ERROR - Error fetching automations: 404 Client Error: Not Found for url: http://10.0.0.48:8123/api/config/automation/config
2025-09-11 21:35:11,543 - ui.widgets.automation_editor - INFO - Refreshed 0 automations
2025-09-11 21:35:11,543 - ui.widgets.page_stack_manager - INFO - Refreshed page 'automations'
2025-09-11 21:35:16,489 - services.ha_api - ERROR - Error fetching automations: 404 Client Error: Not Found for url: http://10.0.0.48:8123/api/config/automation/config
2025-09-11 21:35:16,491 - ui.widgets.automation_editor - INFO - Refreshed 0 automations
2025-09-11 21:35:16,493 - ui.widgets.page_stack_manager - INFO - Refreshed page 'automations'
2025-09-11 21:35:21,517 - services.ha_api - ERROR - Error fetching automations: 404 Client Error: Not Found for url: http://10.0.0.48:8123/api/config/automation/config
2025-09-11 21:35:21,518 - ui.widgets.automation_editor - INFO - Refreshed 0 automations
2025-09-11 21:35:21,518 - ui.widgets.page_stack_manager - INFO - Refreshed page 'automations'
2025-09-11 21:35:26,499 - services.ha_api - ERROR - Error fetching automations: 404 Client Error: Not Found for url: http://10.0.0.48:8123/api/config/automation/config
2025-09-11 21:35:26,500 - ui.widgets.automation_editor - INFO - Refreshed 0 automations
2025-09-11 21:35:26,500 - ui.widgets.page_stack_manager - INFO - Refreshed page 'automations'
2025-09-11 21:35:31,507 - services.ha_api - ERROR - Error fetching automations: 404 Client Error: Not Found for url: http://10.0.0.48:8123/api/config/automation/config
2025-09-11 21:35:31,508 - ui.widgets.automation_editor - INFO - Refreshed 0 automations
2025-09-11 21:35:31,508 - ui.widgets.page_stack_manager - INFO - Refreshed page 'automations'
2025-09-11 21:35:36,514 - services.ha_api - ERROR - Error fetching automations: 404 Client Error: Not Found for url: http://10.0.0.48:8123/api/config/automation/config
2025-09-11 21:35:36,515 - ui.widgets.automation_editor - INFO - Refreshed 0 automations
2025-09-11 21:35:36,515 - ui.widgets.page_stack_manager - INFO - Refreshed page 'automations'
2025-09-11 21:35:41,498 - services.ha_api - ERROR - Error fetching automations: 404 Client Error: Not Found for url: http://10.0.0.48:8123/api/config/automation/config
2025-09-11 21:35:41,498 - ui.widgets.automation_editor - INFO - Refreshed 0 automations
2025-09-11 21:35:41,498 - ui.widgets.page_stack_manager - INFO - Refreshed page 'automations'
2025-09-11 21:35:46,659 - services.ha_api - ERROR - Error fetching automations: 404 Client Error: Not Found for url: http://10.0.0.48:8123/api/config/automation/config
2025-09-11 21:35:46,661 - ui.widgets.automation_editor - INFO - Refreshed 0 automations
2025-09-11 21:35:46,661 - ui.widgets.page_stack_manager - INFO - Refreshed page 'automations'
2025-09-11 21:35:51,698 - services.ha_api - ERROR - Error fetching automations: 404 Client Error: Not Found for url: http://10.0.0.48:8123/api/config/automation/config
2025-09-11 21:35:51,698 - ui.widgets.automation_editor - INFO - Refreshed 0 automations
2025-09-11 21:35:51,698 - ui.widgets.page_stack_manager - INFO - Refreshed page 'automations'
2025-09-11 21:35:56,500 - services.ha_api - ERROR - Error fetching automations: 404 Client Error: Not Found for url: http://10.0.0.48:8123/api/config/automation/config
2025-09-11 21:35:56,501 - ui.widgets.automation_editor - INFO - Refreshed 0 automations
2025-09-11 21:35:56,501 - ui.widgets.page_stack_manager - INFO - Refreshed page 'automations'
2025-09-11 21:36:01,501 - services.ha_api - ERROR - Error fetching automations: 404 Client Error: Not Found for url: http://10.0.0.48:8123/api/config/automation/config
2025-09-11 21:36:01,502 - ui.widgets.automation_editor - INFO - Refreshed 0 automations
2025-09-11 21:36:01,503 - ui.widgets.page_stack_manager - INFO - Refreshed page 'automations'
2025-09-11 21:36:06,490 - services.ha_api - ERROR - Error fetching automations: 404 Client Error: Not Found for url: http://10.0.0.48:8123/api/config/automation/config
2025-09-11 21:36:06,492 - ui.widgets.automation_editor - INFO - Refreshed 0 automations
2025-09-11 21:36:06,492 - ui.widgets.page_stack_manager - INFO - Refreshed page 'automations'
2025-09-11 21:36:11,508 - services.ha_api - ERROR - Error fetching automations: 404 Client Error: Not Found for url: http://10.0.0.48:8123/api/config/automation/config
2025-09-11 21:36:11,508 - ui.widgets.automation_editor - INFO - Refreshed 0 automations
2025-09-11 21:36:11,508 - ui.widgets.page_stack_manager - INFO - Refreshed page 'automations'
2025-09-11 21:36:16,518 - services.ha_api - ERROR - Error fetching automations: 404 Client Error: Not Found for url: http://10.0.0.48:8123/api/config/automation/config
2025-09-11 21:36:16,519 - ui.widgets.automation_editor - INFO - Refreshed 0 automations
2025-09-11 21:36:16,519 - ui.widgets.page_stack_manager - INFO - Refreshed page 'automations'
2025-09-11 21:36:21,537 - services.ha_api - ERROR - Error fetching automations: 404 Client Error: Not Found for url: http://10.0.0.48:8123/api/config/automation/config
2025-09-11 21:36:21,538 - ui.widgets.automation_editor - INFO - Refreshed 0 automations
2025-09-11 21:36:21,538 - ui.widgets.page_stack_manager - INFO - Refreshed page 'automations'
2025-09-11 21:36:26,573 - services.ha_api - ERROR - Error fetching automations: 404 Client Error: Not Found for url: http://10.0.0.48:8123/api/config/automation/config
2025-09-11 21:36:26,574 - ui.widgets.automation_editor - INFO - Refreshed 0 automations
2025-09-11 21:36:26,575 - ui.widgets.page_stack_manager - INFO - Refreshed page 'automations'
2025-09-11 21:36:31,817 - services.ha_api - ERROR - Error fetching automations: 404 Client Error: Not Found for url: http://10.0.0.48:8123/api/config/automation/config
2025-09-11 21:36:31,818 - ui.widgets.automation_editor - INFO - Refreshed 0 automations
2025-09-11 21:36:31,818 - ui.widgets.page_stack_manager - INFO - Refreshed page 'automations'
2025-09-11 21:36:36,516 - services.ha_api - ERROR - Error fetching automations: 404 Client Error: Not Found for url: http://10.0.0.48:8123/api/config/automation/config
2025-09-11 21:36:36,516 - ui.widgets.automation_editor - INFO - Refreshed 0 automations
2025-09-11 21:36:36,517 - ui.widgets.page_stack_manager - INFO - Refreshed page 'automations'
2025-09-11 21:36:41,543 - services.ha_api - ERROR - Error fetching automations: 404 Client Error: Not Found for url: http://10.0.0.48:8123/api/config/automation/config
2025-09-11 21:36:41,544 - ui.widgets.automation_editor - INFO - Refreshed 0 automations
2025-09-11 21:36:41,544 - ui.widgets.page_stack_manager - INFO - Refreshed page 'automations'
2025-09-11 21:36:46,515 - services.ha_api - ERROR - Error fetching automations: 404 Client Error: Not Found for url: http://10.0.0.48:8123/api/config/automation/config
2025-09-11 21:36:46,515 - ui.widgets.automation_editor - INFO - Refreshed 0 automations
2025-09-11 21:36:46,515 - ui.widgets.page_stack_manager - INFO - Refreshed page 'automations'
2025-09-11 21:36:51,824 - services.ha_api - ERROR - Error fetching automations: 404 Client Error: Not Found for url: http://10.0.0.48:8123/api/config/automation/config
2025-09-11 21:36:51,825 - ui.widgets.automation_editor - INFO - Refreshed 0 automations
2025-09-11 21:36:51,825 - ui.widgets.page_stack_manager - INFO - Refreshed page 'automations'
2025-09-11 21:36:56,505 - services.ha_api - ERROR - Error fetching automations: 404 Client Error: Not Found for url: http://10.0.0.48:8123/api/config/automation/config
2025-09-11 21:36:56,505 - ui.widgets.automation_editor - INFO - Refreshed 0 automations
2025-09-11 21:36:56,506 - ui.widgets.page_stack_manager - INFO - Refreshed page 'automations'
2025-09-11 21:37:01,496 - services.ha_api - ERROR - Error fetching automations: 404 Client Error: Not Found for url: http://10.0.0.48:8123/api/config/automation/config
2025-09-11 21:37:01,496 - ui.widgets.automation_editor - INFO - Refreshed 0 automations
2025-09-11 21:37:01,497 - ui.widgets.page_stack_manager - INFO - Refreshed page 'automations'
2025-09-11 21:37:06,500 - services.ha_api - ERROR - Error fetching automations: 404 Client Error: Not Found for url: http://10.0.0.48:8123/api/config/automation/config
2025-09-11 21:37:06,501 - ui.widgets.automation_editor - INFO - Refreshed 0 automations
2025-09-11 21:37:06,501 - ui.widgets.page_stack_manager - INFO - Refreshed page 'automations'
2025-09-11 21:37:11,535 - services.ha_api - ERROR - Error fetching automations: 404 Client Error: Not Found for url: http://10.0.0.48:8123/api/config/automation/config
2025-09-11 21:37:11,535 - ui.widgets.automation_editor - INFO - Refreshed 0 automations
2025-09-11 21:37:11,536 - ui.widgets.page_stack_manager - INFO - Refreshed page 'automations'
2025-09-11 21:37:16,531 - services.ha_api - ERROR - Error fetching automations: 404 Client Error: Not Found for url: http://10.0.0.48:8123/api/config/automation/config
2025-09-11 21:37:16,532 - ui.widgets.automation_editor - INFO - Refreshed 0 automations
2025-09-11 21:37:16,532 - ui.widgets.page_stack_manager - INFO - Refreshed page 'automations'
2025-09-11 21:37:21,500 - services.ha_api - ERROR - Error fetching automations: 404 Client Error: Not Found for url: http://10.0.0.48:8123/api/config/automation/config
2025-09-11 21:37:21,501 - ui.widgets.automation_editor - INFO - Refreshed 0 automations
2025-09-11 21:37:21,501 - ui.widgets.page_stack_manager - INFO - Refreshed page 'automations'
2025-09-11 21:37:26,590 - services.ha_api - ERROR - Error fetching automations: 404 Client Error: Not Found for url: http://10.0.0.48:8123/api/config/automation/config
2025-09-11 21:37:26,591 - ui.widgets.automation_editor - INFO - Refreshed 0 automations
2025-09-11 21:37:26,591 - ui.widgets.page_stack_manager - INFO - Refreshed page 'automations'
2025-09-11 21:37:31,544 - services.ha_api - ERROR - Error fetching automations: 404 Client Error: Not Found for url: http://10.0.0.48:8123/api/config/automation/config
2025-09-11 21:37:31,545 - ui.widgets.automation_editor - INFO - Refreshed 0 automations
2025-09-11 21:37:31,545 - ui.widgets.page_stack_manager - INFO - Refreshed page 'automations'
2025-09-11 21:37:32,526 - ui.widgets.page_stack_manager - INFO - Switched to page 'devices'
2025-09-11 21:37:32,527 - ui.main_window - INFO - Switched to page: devices
2025-09-11 21:37:32,527 - ui.widgets.navigation_sidebar - INFO - Navigation changed to: devices
2025-09-11 21:37:37,572 - services.ha_api - ERROR - Error calling service light.turn_on: 500 Server Error: Internal Server Error for url: http://10.0.0.48:8123/api/services/light/turn_on
2025-09-11 21:37:39,453 - services.ha_api - ERROR - Error calling service light.turn_on: 500 Server Error: Internal Server Error for url: http://10.0.0.48:8123/api/services/light/turn_on
2025-09-11 21:37:40,663 - services.ha_api - ERROR - Error calling service light.turn_on: 500 Server Error: Internal Server Error for url: http://10.0.0.48:8123/api/services/light/turn_on
2025-09-11 21:37:40,669 - ui.widgets.device_grid - INFO - Refreshed 27 entities
2025-09-11 21:37:40,669 - ui.widgets.page_stack_manager - INFO - Refreshed page 'devices'
2025-09-11 21:37:42,620 - services.ha_api - ERROR - Error calling service light.turn_on: 500 Server Error: Internal Server Error for url: http://10.0.0.48:8123/api/services/light/turn_on
2025-09-11 21:37:44,331 - services.ha_api - ERROR - Error calling service light.turn_on: 500 Server Error: Internal Server Error for url: http://10.0.0.48:8123/api/services/light/turn_on
2025-09-11 21:37:44,337 - ui.widgets.device_grid - INFO - Refreshed 27 entities
2025-09-11 21:37:44,338 - ui.widgets.page_stack_manager - INFO - Refreshed page 'devices'
2025-09-11 21:37:47,926 - services.ha_api - ERROR - Error calling service light.turn_on: 500 Server Error: Internal Server Error for url: http://10.0.0.48:8123/api/services/light/turn_on
2025-09-11 21:37:49,180 - services.ha_api - ERROR - Error calling service light.turn_on: 500 Server Error: Internal Server Error for url: http://10.0.0.48:8123/api/services/light/turn_on
2025-09-11 21:37:49,186 - ui.widgets.device_grid - INFO - Refreshed 27 entities
2025-09-11 21:37:49,186 - ui.widgets.page_stack_manager - INFO - Refreshed page 'devices'
2025-09-11 21:37:49,258 - ui.widgets.page_stack_manager - INFO - Switched to page 'automations'
2025-09-11 21:37:49,259 - ui.main_window - INFO - Switched to page: automations
2025-09-11 21:37:49,259 - ui.widgets.navigation_sidebar - INFO - Navigation changed to: automations
2025-09-11 21:37:51,507 - services.ha_api - ERROR - Error fetching automations: 404 Client Error: Not Found for url: http://10.0.0.48:8123/api/config/automation/config
2025-09-11 21:37:51,507 - ui.widgets.automation_editor - INFO - Refreshed 0 automations
2025-09-11 21:37:51,508 - ui.widgets.page_stack_manager - INFO - Refreshed page 'automations'
2025-09-11 21:37:54,627 - ui.widgets.page_stack_manager - INFO - Switched to page 'scenes'
2025-09-11 21:37:54,628 - ui.main_window - INFO - Switched to page: scenes
2025-09-11 21:37:54,628 - ui.widgets.navigation_sidebar - INFO - Navigation changed to: scenes
2025-09-11 21:37:56,506 - ui.widgets.scenes_page - INFO - Refreshed 0 scenes
2025-09-11 21:37:56,507 - ui.widgets.page_stack_manager - INFO - Refreshed page 'scenes'
2025-09-11 21:38:01,507 - ui.widgets.scenes_page - INFO - Refreshed 0 scenes
2025-09-11 21:38:01,508 - ui.widgets.page_stack_manager - INFO - Refreshed page 'scenes'
2025-09-11 21:38:06,518 - ui.widgets.scenes_page - INFO - Refreshed 0 scenes
2025-09-11 21:38:06,518 - ui.widgets.page_stack_manager - INFO - Refreshed page 'scenes'
2025-09-11 21:38:11,517 - ui.widgets.scenes_page - INFO - Refreshed 0 scenes
2025-09-11 21:38:11,517 - ui.widgets.page_stack_manager - INFO - Refreshed page 'scenes'
2025-09-11 21:38:17,504 - ui.widgets.scenes_page - INFO - Refreshed 0 scenes
2025-09-11 21:38:17,504 - ui.widgets.page_stack_manager - INFO - Refreshed page 'scenes'
2025-09-11 21:38:21,496 - ui.widgets.scenes_page - INFO - Refreshed 0 scenes
2025-09-11 21:38:21,496 - ui.widgets.page_stack_manager - INFO - Refreshed page 'scenes'
2025-09-11 21:38:26,520 - ui.widgets.scenes_page - INFO - Refreshed 0 scenes
2025-09-11 21:38:26,520 - ui.widgets.page_stack_manager - INFO - Refreshed page 'scenes'
2025-09-11 21:38:31,522 - ui.widgets.scenes_page - INFO - Refreshed 0 scenes
2025-09-11 21:38:31,522 - ui.widgets.page_stack_manager - INFO - Refreshed page 'scenes'
2025-09-11 21:38:36,550 - ui.widgets.scenes_page - INFO - Refreshed 0 scenes
2025-09-11 21:38:36,551 - ui.widgets.page_stack_manager - INFO - Refreshed page 'scenes'
2025-09-11 21:38:41,581 - ui.widgets.scenes_page - INFO - Refreshed 0 scenes
2025-09-11 21:38:41,588 - ui.widgets.page_stack_manager - INFO - Refreshed page 'scenes'
2025-09-11 21:38:46,498 - ui.widgets.scenes_page - INFO - Refreshed 0 scenes
2025-09-11 21:38:46,498 - ui.widgets.page_stack_manager - INFO - Refreshed page 'scenes'
2025-09-11 21:38:51,512 - ui.widgets.scenes_page - INFO - Refreshed 0 scenes
2025-09-11 21:38:51,513 - ui.widgets.page_stack_manager - INFO - Refreshed page 'scenes'
2025-09-11 21:38:56,520 - ui.widgets.scenes_page - INFO - Refreshed 0 scenes
2025-09-11 21:38:56,521 - ui.widgets.page_stack_manager - INFO - Refreshed page 'scenes'
2025-09-11 21:39:01,545 - ui.widgets.scenes_page - INFO - Refreshed 0 scenes
2025-09-11 21:39:01,546 - ui.widgets.page_stack_manager - INFO - Refreshed page 'scenes'
2025-09-11 21:39:06,702 - ui.widgets.scenes_page - INFO - Refreshed 0 scenes
2025-09-11 21:39:06,703 - ui.widgets.page_stack_manager - INFO - Refreshed page 'scenes'
2025-09-11 21:39:11,497 - ui.widgets.scenes_page - INFO - Refreshed 0 scenes
2025-09-11 21:39:11,498 - ui.widgets.page_stack_manager - INFO - Refreshed page 'scenes'
2025-09-11 21:39:18,703 - ui.widgets.scenes_page - INFO - Refreshed 0 scenes
2025-09-11 21:39:18,703 - ui.widgets.page_stack_manager - INFO - Refreshed page 'scenes'
2025-09-11 21:39:21,498 - ui.widgets.scenes_page - INFO - Refreshed 0 scenes
2025-09-11 21:39:21,498 - ui.widgets.page_stack_manager - INFO - Refreshed page 'scenes'
2025-09-11 21:39:26,666 - ui.widgets.scenes_page - INFO - Refreshed 0 scenes
2025-09-11 21:39:26,666 - ui.widgets.page_stack_manager - INFO - Refreshed page 'scenes'
2025-09-11 21:39:31,740 - ui.widgets.scenes_page - INFO - Refreshed 0 scenes
2025-09-11 21:39:31,740 - ui.widgets.page_stack_manager - INFO - Refreshed page 'scenes'
2025-09-11 21:39:36,675 - ui.widgets.scenes_page - INFO - Refreshed 0 scenes
2025-09-11 21:39:36,676 - ui.widgets.page_stack_manager - INFO - Refreshed page 'scenes'
2025-09-11 21:39:41,543 - ui.widgets.scenes_page - INFO - Refreshed 0 scenes
2025-09-11 21:39:41,544 - ui.widgets.page_stack_manager - INFO - Refreshed page 'scenes'
2025-09-11 21:39:46,494 - ui.widgets.scenes_page - INFO - Refreshed 0 scenes
2025-09-11 21:39:46,494 - ui.widgets.page_stack_manager - INFO - Refreshed page 'scenes'
2025-09-11 21:39:51,521 - ui.widgets.scenes_page - INFO - Refreshed 0 scenes
2025-09-11 21:39:51,521 - ui.widgets.page_stack_manager - INFO - Refreshed page 'scenes'
2025-09-11 21:39:56,515 - ui.widgets.scenes_page - INFO - Refreshed 0 scenes
2025-09-11 21:39:56,515 - ui.widgets.page_stack_manager - INFO - Refreshed page 'scenes'
2025-09-11 21:40:01,505 - ui.widgets.scenes_page - INFO - Refreshed 0 scenes
2025-09-11 21:40:01,506 - ui.widgets.page_stack_manager - INFO - Refreshed page 'scenes'
2025-09-11 21:40:06,509 - ui.widgets.scenes_page - INFO - Refreshed 0 scenes
2025-09-11 21:40:06,509 - ui.widgets.page_stack_manager - INFO - Refreshed page 'scenes'
2025-09-11 21:40:11,505 - ui.widgets.scenes_page - INFO - Refreshed 0 scenes
2025-09-11 21:40:11,507 - ui.widgets.page_stack_manager - INFO - Refreshed page 'scenes'
2025-09-11 21:40:16,520 - ui.widgets.scenes_page - INFO - Refreshed 0 scenes
2025-09-11 21:40:16,521 - ui.widgets.page_stack_manager - INFO - Refreshed page 'scenes'
2025-09-11 21:40:21,493 - ui.widgets.scenes_page - INFO - Refreshed 0 scenes
2025-09-11 21:40:21,493 - ui.widgets.page_stack_manager - INFO - Refreshed page 'scenes'
2025-09-11 21:40:26,520 - ui.widgets.scenes_page - INFO - Refreshed 0 scenes
2025-09-11 21:40:26,520 - ui.widgets.page_stack_manager - INFO - Refreshed page 'scenes'
2025-09-11 21:40:31,590 - ui.widgets.scenes_page - INFO - Refreshed 0 scenes
2025-09-11 21:40:31,591 - ui.widgets.page_stack_manager - INFO - Refreshed page 'scenes'
2025-09-11 21:40:36,518 - ui.widgets.scenes_page - INFO - Refreshed 0 scenes
2025-09-11 21:40:36,518 - ui.widgets.page_stack_manager - INFO - Refreshed page 'scenes'
2025-09-11 21:40:41,494 - ui.widgets.scenes_page - INFO - Refreshed 0 scenes
2025-09-11 21:40:41,494 - ui.widgets.page_stack_manager - INFO - Refreshed page 'scenes'
2025-09-11 21:40:46,797 - ui.widgets.scenes_page - INFO - Refreshed 0 scenes
2025-09-11 21:40:46,798 - ui.widgets.page_stack_manager - INFO - Refreshed page 'scenes'
2025-09-11 21:40:51,544 - ui.widgets.scenes_page - INFO - Refreshed 0 scenes
2025-09-11 21:40:51,544 - ui.widgets.page_stack_manager - INFO - Refreshed page 'scenes'
2025-09-11 21:40:56,572 - ui.widgets.scenes_page - INFO - Refreshed 0 scenes
2025-09-11 21:40:56,572 - ui.widgets.page_stack_manager - INFO - Refreshed page 'scenes'
2025-09-11 21:41:01,579 - ui.widgets.scenes_page - INFO - Refreshed 0 scenes
2025-09-11 21:41:01,580 - ui.widgets.page_stack_manager - INFO - Refreshed page 'scenes'
2025-09-11 21:41:06,505 - ui.widgets.scenes_page - INFO - Refreshed 0 scenes
2025-09-11 21:41:06,505 - ui.widgets.page_stack_manager - INFO - Refreshed page 'scenes'
2025-09-11 21:41:11,502 - ui.widgets.scenes_page - INFO - Refreshed 0 scenes
2025-09-11 21:41:11,502 - ui.widgets.page_stack_manager - INFO - Refreshed page 'scenes'
2025-09-11 21:41:16,502 - ui.widgets.scenes_page - INFO - Refreshed 0 scenes
2025-09-11 21:41:16,503 - ui.widgets.page_stack_manager - INFO - Refreshed page 'scenes'
2025-09-11 21:41:21,502 - ui.widgets.scenes_page - INFO - Refreshed 0 scenes
2025-09-11 21:41:21,502 - ui.widgets.page_stack_manager - INFO - Refreshed page 'scenes'
2025-09-11 21:41:26,492 - ui.widgets.scenes_page - INFO - Refreshed 0 scenes
2025-09-11 21:41:26,492 - ui.widgets.page_stack_manager - INFO - Refreshed page 'scenes'
2025-09-11 21:41:31,548 - ui.widgets.scenes_page - INFO - Refreshed 0 scenes
2025-09-11 21:41:31,548 - ui.widgets.page_stack_manager - INFO - Refreshed page 'scenes'
2025-09-11 21:41:36,512 - ui.widgets.scenes_page - INFO - Refreshed 0 scenes
2025-09-11 21:41:36,513 - ui.widgets.page_stack_manager - INFO - Refreshed page 'scenes'
2025-09-11 21:41:41,501 - ui.widgets.scenes_page - INFO - Refreshed 0 scenes
2025-09-11 21:41:41,501 - ui.widgets.page_stack_manager - INFO - Refreshed page 'scenes'
2025-09-11 21:41:46,503 - ui.widgets.scenes_page - INFO - Refreshed 0 scenes
2025-09-11 21:41:46,503 - ui.widgets.page_stack_manager - INFO - Refreshed page 'scenes'
2025-09-11 21:41:51,564 - ui.widgets.scenes_page - INFO - Refreshed 0 scenes
2025-09-11 21:41:51,564 - ui.widgets.page_stack_manager - INFO - Refreshed page 'scenes'
2025-09-11 21:41:56,500 - ui.widgets.scenes_page - INFO - Refreshed 0 scenes
2025-09-11 21:41:56,500 - ui.widgets.page_stack_manager - INFO - Refreshed page 'scenes'
2025-09-11 21:42:01,505 - ui.widgets.scenes_page - INFO - Refreshed 0 scenes
2025-09-11 21:42:01,506 - ui.widgets.page_stack_manager - INFO - Refreshed page 'scenes'
2025-09-11 21:42:06,508 - ui.widgets.scenes_page - INFO - Refreshed 0 scenes
2025-09-11 21:42:06,508 - ui.widgets.page_stack_manager - INFO - Refreshed page 'scenes'
2025-09-11 21:42:11,753 - ui.widgets.scenes_page - INFO - Refreshed 0 scenes
2025-09-11 21:42:11,754 - ui.widgets.page_stack_manager - INFO - Refreshed page 'scenes'
2025-09-11 21:42:16,509 - ui.widgets.scenes_page - INFO - Refreshed 0 scenes
2025-09-11 21:42:16,510 - ui.widgets.page_stack_manager - INFO - Refreshed page 'scenes'
2025-09-11 21:42:21,502 - ui.widgets.scenes_page - INFO - Refreshed 0 scenes
2025-09-11 21:42:21,502 - ui.widgets.page_stack_manager - INFO - Refreshed page 'scenes'
2025-09-11 21:42:26,537 - ui.widgets.scenes_page - INFO - Refreshed 0 scenes
2025-09-11 21:42:26,537 - ui.widgets.page_stack_manager - INFO - Refreshed page 'scenes'
2025-09-11 21:42:31,500 - ui.widgets.scenes_page - INFO - Refreshed 0 scenes
2025-09-11 21:42:31,501 - ui.widgets.page_stack_manager - INFO - Refreshed page 'scenes'
2025-09-11 21:42:36,527 - ui.widgets.scenes_page - INFO - Refreshed 0 scenes
2025-09-11 21:42:36,528 - ui.widgets.page_stack_manager - INFO - Refreshed page 'scenes'
2025-09-11 21:42:41,498 - ui.widgets.scenes_page - INFO - Refreshed 0 scenes
2025-09-11 21:42:41,498 - ui.widgets.page_stack_manager - INFO - Refreshed page 'scenes'
2025-09-11 21:42:46,506 - ui.widgets.scenes_page - INFO - Refreshed 0 scenes
2025-09-11 21:42:46,507 - ui.widgets.page_stack_manager - INFO - Refreshed page 'scenes'
2025-09-11 21:42:51,522 - ui.widgets.scenes_page - INFO - Refreshed 0 scenes
2025-09-11 21:42:51,525 - ui.widgets.page_stack_manager - INFO - Refreshed page 'scenes'
2025-09-11 21:42:56,612 - ui.widgets.scenes_page - INFO - Refreshed 0 scenes
2025-09-11 21:42:56,612 - ui.widgets.page_stack_manager - INFO - Refreshed page 'scenes'
2025-09-11 21:43:01,524 - ui.widgets.scenes_page - INFO - Refreshed 0 scenes
2025-09-11 21:43:01,524 - ui.widgets.page_stack_manager - INFO - Refreshed page 'scenes'
2025-09-11 21:43:06,501 - ui.widgets.scenes_page - INFO - Refreshed 0 scenes
2025-09-11 21:43:06,502 - ui.widgets.page_stack_manager - INFO - Refreshed page 'scenes'
2025-09-11 21:43:11,492 - ui.widgets.scenes_page - INFO - Refreshed 0 scenes
2025-09-11 21:43:11,492 - ui.widgets.page_stack_manager - INFO - Refreshed page 'scenes'
2025-09-11 21:43:16,543 - ui.widgets.scenes_page - INFO - Refreshed 0 scenes
2025-09-11 21:43:16,544 - ui.widgets.page_stack_manager - INFO - Refreshed page 'scenes'
2025-09-11 21:43:21,498 - ui.widgets.scenes_page - INFO - Refreshed 0 scenes
2025-09-11 21:43:21,498 - ui.widgets.page_stack_manager - INFO - Refreshed page 'scenes'
2025-09-11 21:43:26,501 - ui.widgets.scenes_page - INFO - Refreshed 0 scenes
2025-09-11 21:43:26,501 - ui.widgets.page_stack_manager - INFO - Refreshed page 'scenes'
2025-09-11 21:43:31,531 - ui.widgets.scenes_page - INFO - Refreshed 0 scenes
2025-09-11 21:43:31,531 - ui.widgets.page_stack_manager - INFO - Refreshed page 'scenes'
2025-09-11 21:43:36,516 - ui.widgets.scenes_page - INFO - Refreshed 0 scenes
2025-09-11 21:43:36,517 - ui.widgets.page_stack_manager - INFO - Refreshed page 'scenes'
2025-09-11 21:43:41,520 - ui.widgets.scenes_page - INFO - Refreshed 0 scenes
2025-09-11 21:43:41,520 - ui.widgets.page_stack_manager - INFO - Refreshed page 'scenes'
2025-09-11 21:43:46,495 - ui.widgets.scenes_page - INFO - Refreshed 0 scenes
2025-09-11 21:43:46,495 - ui.widgets.page_stack_manager - INFO - Refreshed page 'scenes'
2025-09-11 21:43:51,890 - ui.widgets.scenes_page - INFO - Refreshed 0 scenes
2025-09-11 21:43:51,890 - ui.widgets.page_stack_manager - INFO - Refreshed page 'scenes'
2025-09-11 21:43:56,609 - ui.widgets.scenes_page - INFO - Refreshed 0 scenes
2025-09-11 21:43:56,610 - ui.widgets.page_stack_manager - INFO - Refreshed page 'scenes'
2025-09-11 21:44:01,683 - ui.widgets.scenes_page - INFO - Refreshed 0 scenes
2025-09-11 21:44:01,684 - ui.widgets.page_stack_manager - INFO - Refreshed page 'scenes'
2025-09-11 21:44:06,554 - ui.widgets.scenes_page - INFO - Refreshed 0 scenes
2025-09-11 21:44:06,554 - ui.widgets.page_stack_manager - INFO - Refreshed page 'scenes'
2025-09-11 21:44:11,503 - ui.widgets.scenes_page - INFO - Refreshed 0 scenes
2025-09-11 21:44:11,503 - ui.widgets.page_stack_manager - INFO - Refreshed page 'scenes'
2025-09-11 21:44:16,527 - ui.widgets.scenes_page - INFO - Refreshed 0 scenes
2025-09-11 21:44:16,528 - ui.widgets.page_stack_manager - INFO - Refreshed page 'scenes'
2025-09-11 21:44:21,544 - ui.widgets.scenes_page - INFO - Refreshed 0 scenes
2025-09-11 21:44:21,544 - ui.widgets.page_stack_manager - INFO - Refreshed page 'scenes'
2025-09-11 21:44:26,621 - ui.widgets.scenes_page - INFO - Refreshed 0 scenes
2025-09-11 21:44:26,621 - ui.widgets.page_stack_manager - INFO - Refreshed page 'scenes'
2025-09-11 21:44:31,503 - ui.widgets.scenes_page - INFO - Refreshed 0 scenes
2025-09-11 21:44:31,503 - ui.widgets.page_stack_manager - INFO - Refreshed page 'scenes'
2025-09-11 21:44:36,829 - ui.widgets.scenes_page - INFO - Refreshed 0 scenes
2025-09-11 21:44:36,830 - ui.widgets.page_stack_manager - INFO - Refreshed page 'scenes'
2025-09-11 21:44:41,517 - ui.widgets.scenes_page - INFO - Refreshed 0 scenes
2025-09-11 21:44:41,517 - ui.widgets.page_stack_manager - INFO - Refreshed page 'scenes'
2025-09-11 21:44:46,519 - ui.widgets.scenes_page - INFO - Refreshed 0 scenes
2025-09-11 21:44:46,519 - ui.widgets.page_stack_manager - INFO - Refreshed page 'scenes'
2025-09-11 21:44:51,553 - ui.widgets.scenes_page - INFO - Refreshed 0 scenes
2025-09-11 21:44:51,554 - ui.widgets.page_stack_manager - INFO - Refreshed page 'scenes'
2025-09-11 21:44:56,500 - ui.widgets.scenes_page - INFO - Refreshed 0 scenes
2025-09-11 21:44:56,501 - ui.widgets.page_stack_manager - INFO - Refreshed page 'scenes'
2025-09-11 21:45:01,504 - ui.widgets.scenes_page - INFO - Refreshed 0 scenes
2025-09-11 21:45:01,504 - ui.widgets.page_stack_manager - INFO - Refreshed page 'scenes'
2025-09-11 21:45:06,521 - ui.widgets.scenes_page - INFO - Refreshed 0 scenes
2025-09-11 21:45:06,522 - ui.widgets.page_stack_manager - INFO - Refreshed page 'scenes'
2025-09-11 21:45:11,519 - ui.widgets.scenes_page - INFO - Refreshed 0 scenes
2025-09-11 21:45:11,519 - ui.widgets.page_stack_manager - INFO - Refreshed page 'scenes'
2025-09-11 21:45:16,501 - ui.widgets.scenes_page - INFO - Refreshed 0 scenes
2025-09-11 21:45:16,502 - ui.widgets.page_stack_manager - INFO - Refreshed page 'scenes'
2025-09-11 21:45:21,772 - ui.widgets.scenes_page - INFO - Refreshed 0 scenes
2025-09-11 21:45:21,772 - ui.widgets.page_stack_manager - INFO - Refreshed page 'scenes'
2025-09-11 21:45:26,517 - ui.widgets.scenes_page - INFO - Refreshed 0 scenes
2025-09-11 21:45:26,518 - ui.widgets.page_stack_manager - INFO - Refreshed page 'scenes'
2025-09-11 21:45:31,535 - ui.widgets.scenes_page - INFO - Refreshed 0 scenes
2025-09-11 21:45:31,535 - ui.widgets.page_stack_manager - INFO - Refreshed page 'scenes'
2025-09-11 21:45:36,647 - ui.widgets.scenes_page - INFO - Refreshed 0 scenes
2025-09-11 21:45:36,647 - ui.widgets.page_stack_manager - INFO - Refreshed page 'scenes'
2025-09-11 21:45:41,520 - ui.widgets.scenes_page - INFO - Refreshed 0 scenes
2025-09-11 21:45:41,520 - ui.widgets.page_stack_manager - INFO - Refreshed page 'scenes'
2025-09-11 21:45:46,495 - ui.widgets.scenes_page - INFO - Refreshed 0 scenes
2025-09-11 21:45:46,495 - ui.widgets.page_stack_manager - INFO - Refreshed page 'scenes'
2025-09-11 21:45:51,641 - ui.widgets.scenes_page - INFO - Refreshed 0 scenes
2025-09-11 21:45:51,642 - ui.widgets.page_stack_manager - INFO - Refreshed page 'scenes'
2025-09-11 21:45:56,494 - ui.widgets.scenes_page - INFO - Refreshed 0 scenes
2025-09-11 21:45:56,495 - ui.widgets.page_stack_manager - INFO - Refreshed page 'scenes'
2025-09-11 21:46:01,545 - ui.widgets.scenes_page - INFO - Refreshed 0 scenes
2025-09-11 21:46:01,547 - ui.widgets.page_stack_manager - INFO - Refreshed page 'scenes'
2025-09-11 21:46:06,488 - ui.widgets.scenes_page - INFO - Refreshed 0 scenes
2025-09-11 21:46:06,488 - ui.widgets.page_stack_manager - INFO - Refreshed page 'scenes'
2025-09-11 21:46:11,517 - ui.widgets.scenes_page - INFO - Refreshed 0 scenes
2025-09-11 21:46:11,517 - ui.widgets.page_stack_manager - INFO - Refreshed page 'scenes'
2025-09-11 21:46:16,521 - ui.widgets.scenes_page - INFO - Refreshed 0 scenes
2025-09-11 21:46:16,522 - ui.widgets.page_stack_manager - INFO - Refreshed page 'scenes'
2025-09-11 21:46:21,541 - ui.widgets.scenes_page - INFO - Refreshed 0 scenes
2025-09-11 21:46:21,542 - ui.widgets.page_stack_manager - INFO - Refreshed page 'scenes'
2025-09-11 21:46:26,502 - ui.widgets.scenes_page - INFO - Refreshed 0 scenes
2025-09-11 21:46:26,503 - ui.widgets.page_stack_manager - INFO - Refreshed page 'scenes'
2025-09-11 21:46:31,507 - ui.widgets.scenes_page - INFO - Refreshed 0 scenes
2025-09-11 21:46:31,507 - ui.widgets.page_stack_manager - INFO - Refreshed page 'scenes'
2025-09-11 21:46:36,494 - ui.widgets.scenes_page - INFO - Refreshed 0 scenes
2025-09-11 21:46:36,494 - ui.widgets.page_stack_manager - INFO - Refreshed page 'scenes'
2025-09-11 21:46:41,541 - ui.widgets.scenes_page - INFO - Refreshed 0 scenes
2025-09-11 21:46:41,541 - ui.widgets.page_stack_manager - INFO - Refreshed page 'scenes'
2025-09-11 21:46:46,493 - ui.widgets.scenes_page - INFO - Refreshed 0 scenes
2025-09-11 21:46:46,493 - ui.widgets.page_stack_manager - INFO - Refreshed page 'scenes'
2025-09-11 21:46:51,517 - ui.widgets.scenes_page - INFO - Refreshed 0 scenes
2025-09-11 21:46:51,518 - ui.widgets.page_stack_manager - INFO - Refreshed page 'scenes'
2025-09-11 21:46:56,504 - ui.widgets.scenes_page - INFO - Refreshed 0 scenes
2025-09-11 21:46:56,504 - ui.widgets.page_stack_manager - INFO - Refreshed page 'scenes'
2025-09-11 21:47:01,503 - ui.widgets.scenes_page - INFO - Refreshed 0 scenes
2025-09-11 21:47:01,503 - ui.widgets.page_stack_manager - INFO - Refreshed page 'scenes'
2025-09-11 21:47:06,505 - ui.widgets.scenes_page - INFO - Refreshed 0 scenes
2025-09-11 21:47:06,505 - ui.widgets.page_stack_manager - INFO - Refreshed page 'scenes'
2025-09-11 21:47:11,519 - ui.widgets.scenes_page - INFO - Refreshed 0 scenes
2025-09-11 21:47:11,519 - ui.widgets.page_stack_manager - INFO - Refreshed page 'scenes'
2025-09-11 21:47:16,521 - ui.widgets.scenes_page - INFO - Refreshed 0 scenes
2025-09-11 21:47:16,521 - ui.widgets.page_stack_manager - INFO - Refreshed page 'scenes'
2025-09-11 21:47:21,538 - ui.widgets.scenes_page - INFO - Refreshed 0 scenes
2025-09-11 21:47:21,539 - ui.widgets.page_stack_manager - INFO - Refreshed page 'scenes'
2025-09-11 21:47:26,505 - ui.widgets.scenes_page - INFO - Refreshed 0 scenes
2025-09-11 21:47:26,505 - ui.widgets.page_stack_manager - INFO - Refreshed page 'scenes'
2025-09-11 21:47:31,493 - ui.widgets.scenes_page - INFO - Refreshed 0 scenes
2025-09-11 21:47:31,494 - ui.widgets.page_stack_manager - INFO - Refreshed page 'scenes'
2025-09-11 21:47:36,522 - ui.widgets.scenes_page - INFO - Refreshed 0 scenes
2025-09-11 21:47:36,525 - ui.widgets.page_stack_manager - INFO - Refreshed page 'scenes'
2025-09-11 21:47:41,490 - ui.widgets.scenes_page - INFO - Refreshed 0 scenes
2025-09-11 21:47:41,492 - ui.widgets.page_stack_manager - INFO - Refreshed page 'scenes'
2025-09-11 21:47:46,520 - ui.widgets.scenes_page - INFO - Refreshed 0 scenes
2025-09-11 21:47:46,520 - ui.widgets.page_stack_manager - INFO - Refreshed page 'scenes'
2025-09-11 21:47:51,511 - ui.widgets.scenes_page - INFO - Refreshed 0 scenes
2025-09-11 21:47:51,511 - ui.widgets.page_stack_manager - INFO - Refreshed page 'scenes'
2025-09-11 21:47:56,493 - ui.widgets.scenes_page - INFO - Refreshed 0 scenes
2025-09-11 21:47:56,494 - ui.widgets.page_stack_manager - INFO - Refreshed page 'scenes'
2025-09-11 21:48:01,493 - ui.widgets.scenes_page - INFO - Refreshed 0 scenes
2025-09-11 21:48:01,493 - ui.widgets.page_stack_manager - INFO - Refreshed page 'scenes'
2025-09-11 21:48:06,525 - ui.widgets.scenes_page - INFO - Refreshed 0 scenes
2025-09-11 21:48:06,526 - ui.widgets.page_stack_manager - INFO - Refreshed page 'scenes'
2025-09-11 21:48:11,503 - ui.widgets.scenes_page - INFO - Refreshed 0 scenes
2025-09-11 21:48:11,503 - ui.widgets.page_stack_manager - INFO - Refreshed page 'scenes'
2025-09-11 21:48:16,510 - ui.widgets.scenes_page - INFO - Refreshed 0 scenes
2025-09-11 21:48:16,510 - ui.widgets.page_stack_manager - INFO - Refreshed page 'scenes'
2025-09-11 21:48:21,491 - ui.widgets.scenes_page - INFO - Refreshed 0 scenes
2025-09-11 21:48:21,491 - ui.widgets.page_stack_manager - INFO - Refreshed page 'scenes'
2025-09-11 21:48:26,503 - ui.widgets.scenes_page - INFO - Refreshed 0 scenes
2025-09-11 21:48:26,503 - ui.widgets.page_stack_manager - INFO - Refreshed page 'scenes'
2025-09-11 21:48:31,513 - ui.widgets.scenes_page - INFO - Refreshed 0 scenes
2025-09-11 21:48:31,513 - ui.widgets.page_stack_manager - INFO - Refreshed page 'scenes'
2025-09-11 21:48:36,503 - ui.widgets.scenes_page - INFO - Refreshed 0 scenes
2025-09-11 21:48:36,504 - ui.widgets.page_stack_manager - INFO - Refreshed page 'scenes'
2025-09-11 21:48:41,599 - ui.widgets.scenes_page - INFO - Refreshed 0 scenes
2025-09-11 21:48:41,599 - ui.widgets.page_stack_manager - INFO - Refreshed page 'scenes'
2025-09-11 21:48:46,512 - ui.widgets.scenes_page - INFO - Refreshed 0 scenes
2025-09-11 21:48:46,513 - ui.widgets.page_stack_manager - INFO - Refreshed page 'scenes'
2025-09-11 21:48:51,523 - ui.widgets.scenes_page - INFO - Refreshed 0 scenes
2025-09-11 21:48:51,523 - ui.widgets.page_stack_manager - INFO - Refreshed page 'scenes'
2025-09-11 21:48:56,507 - ui.widgets.scenes_page - INFO - Refreshed 0 scenes
2025-09-11 21:48:56,507 - ui.widgets.page_stack_manager - INFO - Refreshed page 'scenes'
2025-09-11 21:49:01,511 - ui.widgets.scenes_page - INFO - Refreshed 0 scenes
2025-09-11 21:49:01,511 - ui.widgets.page_stack_manager - INFO - Refreshed page 'scenes'
2025-09-11 21:49:06,504 - ui.widgets.scenes_page - INFO - Refreshed 0 scenes
2025-09-11 21:49:06,505 - ui.widgets.page_stack_manager - INFO - Refreshed page 'scenes'
2025-09-11 21:49:11,497 - ui.widgets.scenes_page - INFO - Refreshed 0 scenes
2025-09-11 21:49:11,498 - ui.widgets.page_stack_manager - INFO - Refreshed page 'scenes'
2025-09-11 21:49:16,499 - ui.widgets.scenes_page - INFO - Refreshed 0 scenes
2025-09-11 21:49:16,499 - ui.widgets.page_stack_manager - INFO - Refreshed page 'scenes'
2025-09-11 21:49:21,522 - ui.widgets.scenes_page - INFO - Refreshed 0 scenes
2025-09-11 21:49:21,524 - ui.widgets.page_stack_manager - INFO - Refreshed page 'scenes'
2025-09-11 21:49:24,788 - ui.widgets.page_stack_manager - INFO - Switched to page 'scripts'
2025-09-11 21:49:24,788 - ui.main_window - INFO - Switched to page: scripts
2025-09-11 21:49:24,788 - ui.widgets.navigation_sidebar - INFO - Navigation changed to: scripts
2025-09-11 21:49:26,535 - ui.widgets.scripts_page - INFO - Refreshed 0 scripts
2025-09-11 21:49:26,535 - ui.widgets.page_stack_manager - INFO - Refreshed page 'scripts'
2025-09-11 21:49:26,715 - ui.widgets.page_stack_manager - INFO - Switched to page 'devices'
2025-09-11 21:49:26,716 - ui.main_window - INFO - Switched to page: devices
2025-09-11 21:49:26,716 - ui.widgets.navigation_sidebar - INFO - Navigation changed to: devices
2025-09-11 21:49:30,671 - services.ha_api - ERROR - Error calling service light.turn_off: 500 Server Error: Internal Server Error for url: http://10.0.0.48:8123/api/services/light/turn_off
2025-09-11 21:49:33,097 - services.ha_api - ERROR - Error calling service light.turn_on: 500 Server Error: Internal Server Error for url: http://10.0.0.48:8123/api/services/light/turn_on
2025-09-11 21:49:34,495 - services.ha_api - ERROR - Error calling service light.turn_on: 500 Server Error: Internal Server Error for url: http://10.0.0.48:8123/api/services/light/turn_on
2025-09-11 21:49:34,502 - ui.widgets.device_grid - INFO - Refreshed 27 entities
2025-09-11 21:49:34,502 - ui.widgets.page_stack_manager - INFO - Refreshed page 'devices'
2025-09-11 21:49:35,865 - services.ha_api - ERROR - Error calling service light.turn_off: 500 Server Error: Internal Server Error for url: http://10.0.0.48:8123/api/services/light/turn_off
2025-09-11 21:49:38,294 - services.ha_api - ERROR - Error calling service light.turn_on: 500 Server Error: Internal Server Error for url: http://10.0.0.48:8123/api/services/light/turn_on
2025-09-11 21:49:39,588 - services.ha_api - ERROR - Error calling service light.turn_on: 500 Server Error: Internal Server Error for url: http://10.0.0.48:8123/api/services/light/turn_on
2025-09-11 21:49:39,596 - ui.widgets.device_grid - INFO - Refreshed 27 entities
2025-09-11 21:49:39,597 - ui.widgets.page_stack_manager - INFO - Refreshed page 'devices'
2025-09-11 21:49:42,963 - services.ha_api - ERROR - Error calling service light.turn_on: 500 Server Error: Internal Server Error for url: http://10.0.0.48:8123/api/services/light/turn_on
2025-09-11 21:49:44,203 - services.ha_api - ERROR - Error calling service light.turn_on: 500 Server Error: Internal Server Error for url: http://10.0.0.48:8123/api/services/light/turn_on
2025-09-11 21:49:44,209 - ui.widgets.device_grid - INFO - Refreshed 27 entities
2025-09-11 21:49:44,210 - ui.widgets.page_stack_manager - INFO - Refreshed page 'devices'
2025-09-11 21:49:48,136 - services.ha_api - ERROR - Error calling service light.turn_on: 500 Server Error: Internal Server Error for url: http://10.0.0.48:8123/api/services/light/turn_on
2025-09-11 21:49:49,716 - services.ha_api - ERROR - Error calling service light.turn_on: 500 Server Error: Internal Server Error for url: http://10.0.0.48:8123/api/services/light/turn_on
2025-09-11 21:49:49,730 - ui.widgets.device_grid - INFO - Refreshed 27 entities
2025-09-11 21:49:49,731 - ui.widgets.page_stack_manager - INFO - Refreshed page 'devices'
2025-09-11 21:49:52,577 - services.ha_api - ERROR - Error calling service light.turn_on: 500 Server Error: Internal Server Error for url: http://10.0.0.48:8123/api/services/light/turn_on
2025-09-11 21:49:54,070 - services.ha_api - ERROR - Error calling service light.turn_on: 500 Server Error: Internal Server Error for url: http://10.0.0.48:8123/api/services/light/turn_on
2025-09-11 21:49:54,074 - ui.widgets.device_grid - INFO - Refreshed 27 entities
2025-09-11 21:49:54,074 - ui.widgets.page_stack_manager - INFO - Refreshed page 'devices'
2025-09-11 21:49:57,796 - services.ha_api - ERROR - Error calling service light.turn_on: 500 Server Error: Internal Server Error for url: http://10.0.0.48:8123/api/services/light/turn_on
2025-09-11 21:49:59,344 - services.ha_api - ERROR - Error calling service light.turn_on: 500 Server Error: Internal Server Error for url: http://10.0.0.48:8123/api/services/light/turn_on
2025-09-11 21:49:59,357 - ui.widgets.device_grid - INFO - Refreshed 27 entities
2025-09-11 21:49:59,358 - ui.widgets.page_stack_manager - INFO - Refreshed page 'devices'
2025-09-11 21:50:02,790 - services.ha_api - ERROR - Error calling service light.turn_on: 500 Server Error: Internal Server Error for url: http://10.0.0.48:8123/api/services/light/turn_on
2025-09-11 21:50:04,454 - services.ha_api - ERROR - Error calling service light.turn_on: 500 Server Error: Internal Server Error for url: http://10.0.0.48:8123/api/services/light/turn_on
2025-09-11 21:50:04,461 - ui.widgets.device_grid - INFO - Refreshed 27 entities
2025-09-11 21:50:04,461 - ui.widgets.page_stack_manager - INFO - Refreshed page 'devices'
2025-09-11 21:50:07,976 - services.ha_api - ERROR - Error calling service light.turn_on: 500 Server Error: Internal Server Error for url: http://10.0.0.48:8123/api/services/light/turn_on
2025-09-11 21:50:09,634 - services.ha_api - ERROR - Error calling service light.turn_on: 500 Server Error: Internal Server Error for url: http://10.0.0.48:8123/api/services/light/turn_on
2025-09-11 21:50:09,640 - ui.widgets.device_grid - INFO - Refreshed 27 entities
2025-09-11 21:50:09,641 - ui.widgets.page_stack_manager - INFO - Refreshed page 'devices'
2025-09-11 21:50:13,210 - services.ha_api - ERROR - Error calling service light.turn_on: 500 Server Error: Internal Server Error for url: http://10.0.0.48:8123/api/services/light/turn_on
2025-09-11 21:50:14,601 - services.ha_api - ERROR - Error calling service light.turn_on: 500 Server Error: Internal Server Error for url: http://10.0.0.48:8123/api/services/light/turn_on
2025-09-11 21:50:14,619 - ui.widgets.device_grid - INFO - Refreshed 27 entities
2025-09-11 21:50:14,621 - ui.widgets.page_stack_manager - INFO - Refreshed page 'devices'
2025-09-11 21:50:17,872 - services.ha_api - ERROR - Error calling service light.turn_on: 500 Server Error: Internal Server Error for url: http://10.0.0.48:8123/api/services/light/turn_on
2025-09-11 21:50:19,198 - services.ha_api - ERROR - Error calling service light.turn_on: 500 Server Error: Internal Server Error for url: http://10.0.0.48:8123/api/services/light/turn_on
2025-09-11 21:50:19,203 - ui.widgets.device_grid - INFO - Refreshed 27 entities
2025-09-11 21:50:19,203 - ui.widgets.page_stack_manager - INFO - Refreshed page 'devices'
2025-09-11 21:50:22,780 - services.ha_api - ERROR - Error calling service light.turn_on: 500 Server Error: Internal Server Error for url: http://10.0.0.48:8123/api/services/light/turn_on
2025-09-11 21:50:23,906 - services.ha_api - ERROR - Error calling service light.turn_on: 500 Server Error: Internal Server Error for url: http://10.0.0.48:8123/api/services/light/turn_on
2025-09-11 21:50:23,913 - ui.widgets.device_grid - INFO - Refreshed 27 entities
2025-09-11 21:50:23,914 - ui.widgets.page_stack_manager - INFO - Refreshed page 'devices'
2025-09-11 21:50:27,750 - services.ha_api - ERROR - Error calling service light.turn_on: 500 Server Error: Internal Server Error for url: http://10.0.0.48:8123/api/services/light/turn_on
2025-09-11 21:50:29,418 - services.ha_api - ERROR - Error calling service light.turn_on: 500 Server Error: Internal Server Error for url: http://10.0.0.48:8123/api/services/light/turn_on
2025-09-11 21:50:29,424 - ui.widgets.device_grid - INFO - Refreshed 27 entities
2025-09-11 21:50:29,424 - ui.widgets.page_stack_manager - INFO - Refreshed page 'devices'
2025-09-11 21:50:32,950 - services.ha_api - ERROR - Error calling service light.turn_on: 500 Server Error: Internal Server Error for url: http://10.0.0.48:8123/api/services/light/turn_on
2025-09-11 21:50:34,563 - services.ha_api - ERROR - Error calling service light.turn_on: 500 Server Error: Internal Server Error for url: http://10.0.0.48:8123/api/services/light/turn_on
2025-09-11 21:50:34,569 - ui.widgets.device_grid - INFO - Refreshed 27 entities
2025-09-11 21:50:34,569 - ui.widgets.page_stack_manager - INFO - Refreshed page 'devices'
2025-09-11 21:50:38,180 - services.ha_api - ERROR - Error calling service light.turn_on: 500 Server Error: Internal Server Error for url: http://10.0.0.48:8123/api/services/light/turn_on
2025-09-11 21:50:39,454 - services.ha_api - ERROR - Error calling service light.turn_on: 500 Server Error: Internal Server Error for url: http://10.0.0.48:8123/api/services/light/turn_on
2025-09-11 21:50:39,486 - ui.widgets.device_grid - INFO - Refreshed 27 entities
2025-09-11 21:50:39,487 - ui.widgets.page_stack_manager - INFO - Refreshed page 'devices'
2025-09-11 21:50:42,722 - services.ha_api - ERROR - Error calling service light.turn_on: 500 Server Error: Internal Server Error for url: http://10.0.0.48:8123/api/services/light/turn_on
2025-09-11 21:50:44,666 - services.ha_api - ERROR - Error calling service light.turn_on: 500 Server Error: Internal Server Error for url: http://10.0.0.48:8123/api/services/light/turn_on
2025-09-11 21:50:44,670 - ui.widgets.device_grid - INFO - Refreshed 27 entities
2025-09-11 21:50:44,671 - ui.widgets.page_stack_manager - INFO - Refreshed page 'devices'
2025-09-11 21:50:47,849 - services.ha_api - ERROR - Error calling service light.turn_on: 500 Server Error: Internal Server Error for url: http://10.0.0.48:8123/api/services/light/turn_on
2025-09-11 21:50:49,533 - services.ha_api - ERROR - Error calling service light.turn_on: 500 Server Error: Internal Server Error for url: http://10.0.0.48:8123/api/services/light/turn_on
2025-09-11 21:50:49,541 - ui.widgets.device_grid - INFO - Refreshed 27 entities
2025-09-11 21:50:49,541 - ui.widgets.page_stack_manager - INFO - Refreshed page 'devices'
2025-09-11 21:50:53,028 - services.ha_api - ERROR - Error calling service light.turn_on: 500 Server Error: Internal Server Error for url: http://10.0.0.48:8123/api/services/light/turn_on
2025-09-11 21:50:54,561 - services.ha_api - ERROR - Error calling service light.turn_on: 500 Server Error: Internal Server Error for url: http://10.0.0.48:8123/api/services/light/turn_on
2025-09-11 21:50:54,567 - ui.widgets.device_grid - INFO - Refreshed 27 entities
2025-09-11 21:50:54,567 - ui.widgets.page_stack_manager - INFO - Refreshed page 'devices'
2025-09-11 21:50:57,855 - services.ha_api - ERROR - Error calling service light.turn_on: 500 Server Error: Internal Server Error for url: http://10.0.0.48:8123/api/services/light/turn_on
2025-09-11 21:50:59,386 - services.ha_api - ERROR - Error calling service light.turn_on: 500 Server Error: Internal Server Error for url: http://10.0.0.48:8123/api/services/light/turn_on
2025-09-11 21:50:59,390 - ui.widgets.device_grid - INFO - Refreshed 27 entities
2025-09-11 21:50:59,391 - ui.widgets.page_stack_manager - INFO - Refreshed page 'devices'
2025-09-11 21:51:03,047 - services.ha_api - ERROR - Error calling service light.turn_on: 500 Server Error: Internal Server Error for url: http://10.0.0.48:8123/api/services/light/turn_on
2025-09-11 21:51:04,604 - services.ha_api - ERROR - Error calling service light.turn_on: 500 Server Error: Internal Server Error for url: http://10.0.0.48:8123/api/services/light/turn_on
2025-09-11 21:51:04,609 - ui.widgets.device_grid - INFO - Refreshed 27 entities
2025-09-11 21:51:04,609 - ui.widgets.page_stack_manager - INFO - Refreshed page 'devices'
2025-09-11 21:51:08,035 - services.ha_api - ERROR - Error calling service light.turn_on: 500 Server Error: Internal Server Error for url: http://10.0.0.48:8123/api/services/light/turn_on
2025-09-11 21:51:09,403 - services.ha_api - ERROR - Error calling service light.turn_on: 500 Server Error: Internal Server Error for url: http://10.0.0.48:8123/api/services/light/turn_on
2025-09-11 21:51:09,406 - ui.widgets.device_grid - INFO - Refreshed 27 entities
2025-09-11 21:51:09,407 - ui.widgets.page_stack_manager - INFO - Refreshed page 'devices'
2025-09-11 21:51:13,249 - services.ha_api - ERROR - Error calling service light.turn_on: 500 Server Error: Internal Server Error for url: http://10.0.0.48:8123/api/services/light/turn_on
2025-09-11 21:51:14,748 - services.ha_api - ERROR - Error calling service light.turn_on: 500 Server Error: Internal Server Error for url: http://10.0.0.48:8123/api/services/light/turn_on
2025-09-11 21:51:14,752 - ui.widgets.device_grid - INFO - Refreshed 27 entities
2025-09-11 21:51:14,752 - ui.widgets.page_stack_manager - INFO - Refreshed page 'devices'
2025-09-11 21:51:17,622 - services.ha_api - ERROR - Error calling service light.turn_on: 500 Server Error: Internal Server Error for url: http://10.0.0.48:8123/api/services/light/turn_on
2025-09-11 21:51:18,623 - services.ha_api - ERROR - Error calling service light.turn_on: 500 Server Error: Internal Server Error for url: http://10.0.0.48:8123/api/services/light/turn_on
2025-09-11 21:51:18,628 - ui.widgets.device_grid - INFO - Refreshed 27 entities
2025-09-11 21:51:18,629 - ui.widgets.page_stack_manager - INFO - Refreshed page 'devices'
2025-09-11 21:51:23,083 - services.ha_api - ERROR - Error calling service light.turn_on: 500 Server Error: Internal Server Error for url: http://10.0.0.48:8123/api/services/light/turn_on
2025-09-11 21:51:23,973 - services.ha_api - ERROR - Error calling service light.turn_on: 500 Server Error: Internal Server Error for url: http://10.0.0.48:8123/api/services/light/turn_on
2025-09-11 21:51:23,980 - ui.widgets.device_grid - INFO - Refreshed 27 entities
2025-09-11 21:51:23,981 - ui.widgets.page_stack_manager - INFO - Refreshed page 'devices'
2025-09-11 21:51:27,665 - services.ha_api - ERROR - Error calling service light.turn_on: 500 Server Error: Internal Server Error for url: http://10.0.0.48:8123/api/services/light/turn_on
2025-09-11 21:51:28,960 - services.ha_api - ERROR - Error calling service light.turn_on: 500 Server Error: Internal Server Error for url: http://10.0.0.48:8123/api/services/light/turn_on
2025-09-11 21:51:28,966 - ui.widgets.device_grid - INFO - Refreshed 27 entities
2025-09-11 21:51:28,967 - ui.widgets.page_stack_manager - INFO - Refreshed page 'devices'
2025-09-11 21:51:33,207 - services.ha_api - ERROR - Error calling service light.turn_on: 500 Server Error: Internal Server Error for url: http://10.0.0.48:8123/api/services/light/turn_on
2025-09-11 21:51:34,866 - services.ha_api - ERROR - Error calling service light.turn_on: 500 Server Error: Internal Server Error for url: http://10.0.0.48:8123/api/services/light/turn_on
2025-09-11 21:51:34,871 - ui.widgets.device_grid - INFO - Refreshed 27 entities
2025-09-11 21:51:34,872 - ui.widgets.page_stack_manager - INFO - Refreshed page 'devices'
2025-09-11 21:51:38,111 - services.ha_api - ERROR - Error calling service light.turn_on: 500 Server Error: Internal Server Error for url: http://10.0.0.48:8123/api/services/light/turn_on
2025-09-11 21:51:39,883 - services.ha_api - ERROR - Error calling service light.turn_on: 500 Server Error: Internal Server Error for url: http://10.0.0.48:8123/api/services/light/turn_on
2025-09-11 21:51:39,887 - ui.widgets.device_grid - INFO - Refreshed 27 entities
2025-09-11 21:51:39,887 - ui.widgets.page_stack_manager - INFO - Refreshed page 'devices'
2025-09-11 21:51:43,167 - services.ha_api - ERROR - Error calling service light.turn_on: 500 Server Error: Internal Server Error for url: http://10.0.0.48:8123/api/services/light/turn_on
2025-09-11 21:51:44,533 - services.ha_api - ERROR - Error calling service light.turn_on: 500 Server Error: Internal Server Error for url: http://10.0.0.48:8123/api/services/light/turn_on
2025-09-11 21:51:44,538 - ui.widgets.device_grid - INFO - Refreshed 27 entities
2025-09-11 21:51:44,538 - ui.widgets.page_stack_manager - INFO - Refreshed page 'devices'
2025-09-11 21:51:45,952 - ui.widgets.page_stack_manager - INFO - Switched to page 'overview'
2025-09-11 21:51:45,952 - ui.main_window - INFO - Switched to page: overview
2025-09-11 21:51:45,952 - ui.widgets.navigation_sidebar - INFO - Navigation changed to: overview
2025-09-11 21:51:46,568 - ui.widgets.overview_page - INFO - Overview page refreshed successfully
2025-09-11 21:51:46,568 - ui.widgets.page_stack_manager - INFO - Refreshed page 'overview'
2025-09-11 21:51:48,665 - services.ha_api - ERROR - Error calling service light.toggle: 500 Server Error: Internal Server Error for url: http://10.0.0.48:8123/api/services/light/toggle
2025-09-11 21:51:51,535 - ui.widgets.overview_page - INFO - Overview page refreshed successfully
2025-09-11 21:51:51,603 - ui.widgets.overview_page - INFO - Overview page refreshed successfully
2025-09-11 21:51:51,604 - ui.widgets.page_stack_manager - INFO - Refreshed page 'overview'
2025-09-11 21:51:52,710 - ui.widgets.overview_page - INFO - Overview page refreshed successfully
2025-09-11 21:51:56,667 - ui.widgets.overview_page - INFO - Overview page refreshed successfully
2025-09-11 21:51:56,668 - ui.widgets.page_stack_manager - INFO - Refreshed page 'overview'
2025-09-11 21:52:01,533 - ui.widgets.overview_page - INFO - Overview page refreshed successfully
2025-09-11 21:52:01,534 - ui.widgets.page_stack_manager - INFO - Refreshed page 'overview'
2025-09-11 21:52:06,517 - ui.widgets.overview_page - INFO - Overview page refreshed successfully
2025-09-11 21:52:06,518 - ui.widgets.page_stack_manager - INFO - Refreshed page 'overview'
2025-09-11 21:52:11,522 - ui.widgets.overview_page - INFO - Overview page refreshed successfully
2025-09-11 21:52:11,523 - ui.widgets.page_stack_manager - INFO - Refreshed page 'overview'
2025-09-11 21:52:16,513 - ui.widgets.overview_page - INFO - Overview page refreshed successfully
2025-09-11 21:52:16,513 - ui.widgets.page_stack_manager - INFO - Refreshed page 'overview'
2025-09-11 21:52:21,540 - ui.widgets.overview_page - INFO - Overview page refreshed successfully
2025-09-11 21:52:21,540 - ui.widgets.page_stack_manager - INFO - Refreshed page 'overview'
2025-09-11 21:52:26,536 - ui.widgets.overview_page - INFO - Overview page refreshed successfully
2025-09-11 21:52:26,537 - ui.widgets.page_stack_manager - INFO - Refreshed page 'overview'
2025-09-11 21:52:31,531 - ui.widgets.overview_page - INFO - Overview page refreshed successfully
2025-09-11 21:52:31,531 - ui.widgets.page_stack_manager - INFO - Refreshed page 'overview'
2025-09-11 21:52:36,550 - ui.widgets.overview_page - INFO - Overview page refreshed successfully
2025-09-11 21:52:36,551 - ui.widgets.page_stack_manager - INFO - Refreshed page 'overview'
2025-09-11 21:52:41,521 - ui.widgets.overview_page - INFO - Overview page refreshed successfully
2025-09-11 21:52:41,522 - ui.widgets.page_stack_manager - INFO - Refreshed page 'overview'
2025-09-11 21:52:46,563 - ui.widgets.overview_page - INFO - Overview page refreshed successfully
2025-09-11 21:52:46,564 - ui.widgets.page_stack_manager - INFO - Refreshed page 'overview'
2025-09-11 21:52:51,541 - ui.widgets.overview_page - INFO - Overview page refreshed successfully
2025-09-11 21:52:51,542 - ui.widgets.page_stack_manager - INFO - Refreshed page 'overview'
2025-09-11 21:52:56,538 - ui.widgets.overview_page - INFO - Overview page refreshed successfully
2025-09-11 21:52:56,538 - ui.widgets.page_stack_manager - INFO - Refreshed page 'overview'
2025-09-11 21:53:01,577 - ui.widgets.overview_page - INFO - Overview page refreshed successfully
2025-09-11 21:53:01,577 - ui.widgets.page_stack_manager - INFO - Refreshed page 'overview'
2025-09-11 21:53:06,535 - ui.widgets.overview_page - INFO - Overview page refreshed successfully
2025-09-11 21:53:06,536 - ui.widgets.page_stack_manager - INFO - Refreshed page 'overview'
2025-09-11 21:53:11,578 - ui.widgets.overview_page - INFO - Overview page refreshed successfully
2025-09-11 21:53:11,578 - ui.widgets.page_stack_manager - INFO - Refreshed page 'overview'
2025-09-11 21:53:16,593 - ui.widgets.overview_page - INFO - Overview page refreshed successfully
2025-09-11 21:53:16,594 - ui.widgets.page_stack_manager - INFO - Refreshed page 'overview'
2025-09-11 21:53:21,605 - ui.widgets.overview_page - INFO - Overview page refreshed successfully
2025-09-11 21:53:21,606 - ui.widgets.page_stack_manager - INFO - Refreshed page 'overview'
2025-09-11 21:53:26,562 - ui.widgets.overview_page - INFO - Overview page refreshed successfully
2025-09-11 21:53:26,562 - ui.widgets.page_stack_manager - INFO - Refreshed page 'overview'
2025-09-11 21:53:31,602 - ui.widgets.overview_page - INFO - Overview page refreshed successfully
2025-09-11 21:53:31,603 - ui.widgets.page_stack_manager - INFO - Refreshed page 'overview'
2025-09-11 21:53:36,574 - ui.widgets.overview_page - INFO - Overview page refreshed successfully
2025-09-11 21:53:36,575 - ui.widgets.page_stack_manager - INFO - Refreshed page 'overview'
2025-09-11 21:53:41,548 - ui.widgets.overview_page - INFO - Overview page refreshed successfully
2025-09-11 21:53:41,548 - ui.widgets.page_stack_manager - INFO - Refreshed page 'overview'
2025-09-11 21:53:46,614 - ui.widgets.overview_page - INFO - Overview page refreshed successfully
2025-09-11 21:53:46,614 - ui.widgets.page_stack_manager - INFO - Refreshed page 'overview'
2025-09-11 21:53:52,524 - ui.widgets.overview_page - INFO - Overview page refreshed successfully
2025-09-11 21:53:52,525 - ui.widgets.page_stack_manager - INFO - Refreshed page 'overview'
2025-09-11 21:53:56,545 - ui.widgets.overview_page - INFO - Overview page refreshed successfully
2025-09-11 21:53:56,545 - ui.widgets.page_stack_manager - INFO - Refreshed page 'overview'
2025-09-11 21:54:01,559 - ui.widgets.overview_page - INFO - Overview page refreshed successfully
2025-09-11 21:54:01,560 - ui.widgets.page_stack_manager - INFO - Refreshed page 'overview'
2025-09-11 21:54:06,554 - ui.widgets.overview_page - INFO - Overview page refreshed successfully
2025-09-11 21:54:06,555 - ui.widgets.page_stack_manager - INFO - Refreshed page 'overview'
2025-09-11 21:54:11,533 - ui.widgets.overview_page - INFO - Overview page refreshed successfully
2025-09-11 21:54:11,534 - ui.widgets.page_stack_manager - INFO - Refreshed page 'overview'
2025-09-11 21:54:16,546 - ui.widgets.overview_page - INFO - Overview page refreshed successfully
2025-09-11 21:54:16,547 - ui.widgets.page_stack_manager - INFO - Refreshed page 'overview'
2025-09-11 21:54:21,581 - ui.widgets.overview_page - INFO - Overview page refreshed successfully
2025-09-11 21:54:21,581 - ui.widgets.page_stack_manager - INFO - Refreshed page 'overview'
2025-09-11 21:54:26,561 - ui.widgets.overview_page - INFO - Overview page refreshed successfully
2025-09-11 21:54:26,561 - ui.widgets.page_stack_manager - INFO - Refreshed page 'overview'
2025-09-11 21:54:31,548 - ui.widgets.overview_page - INFO - Overview page refreshed successfully
2025-09-11 21:54:31,548 - ui.widgets.page_stack_manager - INFO - Refreshed page 'overview'
2025-09-11 21:54:36,713 - ui.widgets.overview_page - INFO - Overview page refreshed successfully
2025-09-11 21:54:36,713 - ui.widgets.page_stack_manager - INFO - Refreshed page 'overview'
2025-09-11 21:54:41,551 - ui.widgets.overview_page - INFO - Overview page refreshed successfully
2025-09-11 21:54:41,553 - ui.widgets.page_stack_manager - INFO - Refreshed page 'overview'
2025-09-11 21:54:46,538 - ui.widgets.overview_page - INFO - Overview page refreshed successfully
2025-09-11 21:54:46,539 - ui.widgets.page_stack_manager - INFO - Refreshed page 'overview'
2025-09-11 21:54:51,890 - ui.widgets.overview_page - INFO - Overview page refreshed successfully
2025-09-11 21:54:51,890 - ui.widgets.page_stack_manager - INFO - Refreshed page 'overview'
2025-09-11 21:54:56,930 - ui.widgets.overview_page - INFO - Overview page refreshed successfully
2025-09-11 21:54:56,931 - ui.widgets.page_stack_manager - INFO - Refreshed page 'overview'
2025-09-11 21:55:01,831 - ui.widgets.overview_page - INFO - Overview page refreshed successfully
2025-09-11 21:55:01,832 - ui.widgets.page_stack_manager - INFO - Refreshed page 'overview'
2025-09-11 21:55:06,547 - ui.widgets.overview_page - INFO - Overview page refreshed successfully
2025-09-11 21:55:06,547 - ui.widgets.page_stack_manager - INFO - Refreshed page 'overview'
2025-09-11 21:55:11,559 - ui.widgets.overview_page - INFO - Overview page refreshed successfully
2025-09-11 21:55:11,559 - ui.widgets.page_stack_manager - INFO - Refreshed page 'overview'
2025-09-11 21:55:16,536 - ui.widgets.overview_page - INFO - Overview page refreshed successfully
2025-09-11 21:55:16,537 - ui.widgets.page_stack_manager - INFO - Refreshed page 'overview'
2025-09-11 21:55:21,563 - ui.widgets.overview_page - INFO - Overview page refreshed successfully
2025-09-11 21:55:21,564 - ui.widgets.page_stack_manager - INFO - Refreshed page 'overview'
2025-09-11 21:55:26,509 - ui.widgets.overview_page - INFO - Overview page refreshed successfully
2025-09-11 21:55:26,510 - ui.widgets.page_stack_manager - INFO - Refreshed page 'overview'
2025-09-11 21:55:31,529 - ui.widgets.overview_page - INFO - Overview page refreshed successfully
2025-09-11 21:55:31,529 - ui.widgets.page_stack_manager - INFO - Refreshed page 'overview'
2025-09-11 21:55:36,569 - ui.widgets.overview_page - INFO - Overview page refreshed successfully
2025-09-11 21:55:36,569 - ui.widgets.page_stack_manager - INFO - Refreshed page 'overview'
2025-09-11 21:55:41,784 - ui.widgets.overview_page - INFO - Overview page refreshed successfully
2025-09-11 21:55:41,785 - ui.widgets.page_stack_manager - INFO - Refreshed page 'overview'
2025-09-11 21:55:46,554 - ui.widgets.overview_page - INFO - Overview page refreshed successfully
2025-09-11 21:55:46,554 - ui.widgets.page_stack_manager - INFO - Refreshed page 'overview'
2025-09-11 21:55:51,536 - ui.widgets.overview_page - INFO - Overview page refreshed successfully
2025-09-11 21:55:51,536 - ui.widgets.page_stack_manager - INFO - Refreshed page 'overview'
2025-09-11 21:55:56,519 - ui.widgets.overview_page - INFO - Overview page refreshed successfully
2025-09-11 21:55:56,519 - ui.widgets.page_stack_manager - INFO - Refreshed page 'overview'
2025-09-11 21:56:01,542 - ui.widgets.overview_page - INFO - Overview page refreshed successfully
2025-09-11 21:56:01,542 - ui.widgets.page_stack_manager - INFO - Refreshed page 'overview'
2025-09-11 21:56:06,554 - ui.widgets.overview_page - INFO - Overview page refreshed successfully
2025-09-11 21:56:06,555 - ui.widgets.page_stack_manager - INFO - Refreshed page 'overview'
2025-09-11 21:56:11,530 - ui.widgets.overview_page - INFO - Overview page refreshed successfully
2025-09-11 21:56:11,531 - ui.widgets.page_stack_manager - INFO - Refreshed page 'overview'
2025-09-11 21:56:16,670 - ui.widgets.overview_page - INFO - Overview page refreshed successfully
2025-09-11 21:56:16,670 - ui.widgets.page_stack_manager - INFO - Refreshed page 'overview'
2025-09-11 21:56:21,535 - ui.widgets.overview_page - INFO - Overview page refreshed successfully
2025-09-11 21:56:21,535 - ui.widgets.page_stack_manager - INFO - Refreshed page 'overview'
2025-09-11 21:56:26,766 - ui.widgets.overview_page - INFO - Overview page refreshed successfully
2025-09-11 21:56:26,766 - ui.widgets.page_stack_manager - INFO - Refreshed page 'overview'
2025-09-11 21:56:31,552 - ui.widgets.overview_page - INFO - Overview page refreshed successfully
2025-09-11 21:56:31,552 - ui.widgets.page_stack_manager - INFO - Refreshed page 'overview'
2025-09-11 21:56:36,575 - ui.widgets.overview_page - INFO - Overview page refreshed successfully
2025-09-11 21:56:36,575 - ui.widgets.page_stack_manager - INFO - Refreshed page 'overview'
2025-09-11 21:56:41,536 - ui.widgets.overview_page - INFO - Overview page refreshed successfully
2025-09-11 21:56:41,536 - ui.widgets.page_stack_manager - INFO - Refreshed page 'overview'
2025-09-11 21:56:46,520 - ui.widgets.overview_page - INFO - Overview page refreshed successfully
2025-09-11 21:56:46,520 - ui.widgets.page_stack_manager - INFO - Refreshed page 'overview'
2025-09-11 21:56:51,545 - ui.widgets.overview_page - INFO - Overview page refreshed successfully
2025-09-11 21:56:51,546 - ui.widgets.page_stack_manager - INFO - Refreshed page 'overview'
2025-09-11 21:56:56,531 - ui.widgets.overview_page - INFO - Overview page refreshed successfully
2025-09-11 21:56:56,531 - ui.widgets.page_stack_manager - INFO - Refreshed page 'overview'
2025-09-11 21:57:01,550 - ui.widgets.overview_page - INFO - Overview page refreshed successfully
2025-09-11 21:57:01,551 - ui.widgets.page_stack_manager - INFO - Refreshed page 'overview'
2025-09-11 21:57:07,834 - ui.widgets.overview_page - INFO - Overview page refreshed successfully
2025-09-11 21:57:07,834 - ui.widgets.page_stack_manager - INFO - Refreshed page 'overview'
2025-09-11 21:57:11,538 - ui.widgets.overview_page - INFO - Overview page refreshed successfully
2025-09-11 21:57:11,539 - ui.widgets.page_stack_manager - INFO - Refreshed page 'overview'
2025-09-11 21:57:16,825 - ui.widgets.overview_page - INFO - Overview page refreshed successfully
2025-09-11 21:57:16,825 - ui.widgets.page_stack_manager - INFO - Refreshed page 'overview'
2025-09-11 21:57:21,828 - ui.widgets.overview_page - INFO - Overview page refreshed successfully
2025-09-11 21:57:21,829 - ui.widgets.page_stack_manager - INFO - Refreshed page 'overview'
2025-09-11 21:57:26,609 - ui.widgets.overview_page - INFO - Overview page refreshed successfully
2025-09-11 21:57:26,610 - ui.widgets.page_stack_manager - INFO - Refreshed page 'overview'
2025-09-11 21:57:31,534 - ui.widgets.overview_page - INFO - Overview page refreshed successfully
2025-09-11 21:57:31,534 - ui.widgets.page_stack_manager - INFO - Refreshed page 'overview'
2025-09-11 21:57:36,668 - ui.widgets.overview_page - INFO - Overview page refreshed successfully
2025-09-11 21:57:36,669 - ui.widgets.page_stack_manager - INFO - Refreshed page 'overview'
2025-09-11 21:57:41,562 - ui.widgets.overview_page - INFO - Overview page refreshed successfully
2025-09-11 21:57:41,562 - ui.widgets.page_stack_manager - INFO - Refreshed page 'overview'
2025-09-11 21:57:46,685 - ui.widgets.overview_page - INFO - Overview page refreshed successfully
2025-09-11 21:57:46,686 - ui.widgets.page_stack_manager - INFO - Refreshed page 'overview'
2025-09-11 21:57:51,550 - ui.widgets.overview_page - INFO - Overview page refreshed successfully
2025-09-11 21:57:51,550 - ui.widgets.page_stack_manager - INFO - Refreshed page 'overview'
2025-09-11 21:57:56,523 - ui.widgets.overview_page - INFO - Overview page refreshed successfully
2025-09-11 21:57:56,523 - ui.widgets.page_stack_manager - INFO - Refreshed page 'overview'
2025-09-11 21:58:01,533 - ui.widgets.overview_page - INFO - Overview page refreshed successfully
2025-09-11 21:58:01,533 - ui.widgets.page_stack_manager - INFO - Refreshed page 'overview'
2025-09-11 21:58:06,839 - ui.widgets.overview_page - INFO - Overview page refreshed successfully
2025-09-11 21:58:06,839 - ui.widgets.page_stack_manager - INFO - Refreshed page 'overview'
2025-09-11 21:58:11,648 - ui.widgets.overview_page - INFO - Overview page refreshed successfully
2025-09-11 21:58:11,648 - ui.widgets.page_stack_manager - INFO - Refreshed page 'overview'
2025-09-11 21:58:16,610 - ui.widgets.overview_page - INFO - Overview page refreshed successfully
2025-09-11 21:58:16,612 - ui.widgets.page_stack_manager - INFO - Refreshed page 'overview'
2025-09-11 21:58:21,605 - ui.widgets.overview_page - INFO - Overview page refreshed successfully
2025-09-11 21:58:21,617 - ui.widgets.page_stack_manager - INFO - Refreshed page 'overview'
2025-09-11 21:58:26,704 - ui.widgets.overview_page - INFO - Overview page refreshed successfully
2025-09-11 21:58:26,705 - ui.widgets.page_stack_manager - INFO - Refreshed page 'overview'
2025-09-11 21:58:31,556 - ui.widgets.overview_page - INFO - Overview page refreshed successfully
2025-09-11 21:58:31,556 - ui.widgets.page_stack_manager - INFO - Refreshed page 'overview'
2025-09-11 21:58:36,515 - ui.widgets.overview_page - INFO - Overview page refreshed successfully
2025-09-11 21:58:36,516 - ui.widgets.page_stack_manager - INFO - Refreshed page 'overview'
2025-09-11 21:58:41,740 - ui.widgets.overview_page - INFO - Overview page refreshed successfully
2025-09-11 21:58:41,744 - ui.widgets.page_stack_manager - INFO - Refreshed page 'overview'
2025-09-11 21:58:46,559 - ui.widgets.overview_page - INFO - Overview page refreshed successfully
2025-09-11 21:58:46,560 - ui.widgets.page_stack_manager - INFO - Refreshed page 'overview'
2025-09-11 21:58:51,755 - ui.widgets.overview_page - INFO - Overview page refreshed successfully
2025-09-11 21:58:51,762 - ui.widgets.page_stack_manager - INFO - Refreshed page 'overview'
2025-09-11 21:58:56,530 - ui.widgets.overview_page - INFO - Overview page refreshed successfully
2025-09-11 21:58:56,530 - ui.widgets.page_stack_manager - INFO - Refreshed page 'overview'
2025-09-11 21:59:01,541 - ui.widgets.overview_page - INFO - Overview page refreshed successfully
2025-09-11 21:59:01,542 - ui.widgets.page_stack_manager - INFO - Refreshed page 'overview'
2025-09-11 21:59:06,556 - ui.widgets.overview_page - INFO - Overview page refreshed successfully
2025-09-11 21:59:06,556 - ui.widgets.page_stack_manager - INFO - Refreshed page 'overview'
2025-09-11 21:59:11,541 - ui.widgets.overview_page - INFO - Overview page refreshed successfully
2025-09-11 21:59:11,542 - ui.widgets.page_stack_manager - INFO - Refreshed page 'overview'
2025-09-11 21:59:16,525 - ui.widgets.overview_page - INFO - Overview page refreshed successfully
2025-09-11 21:59:16,525 - ui.widgets.page_stack_manager - INFO - Refreshed page 'overview'
2025-09-11 21:59:21,525 - ui.widgets.overview_page - INFO - Overview page refreshed successfully
2025-09-11 21:59:21,527 - ui.widgets.page_stack_manager - INFO - Refreshed page 'overview'
2025-09-11 21:59:26,551 - ui.widgets.overview_page - INFO - Overview page refreshed successfully
2025-09-11 21:59:26,551 - ui.widgets.page_stack_manager - INFO - Refreshed page 'overview'
2025-09-11 21:59:31,551 - ui.widgets.overview_page - INFO - Overview page refreshed successfully
2025-09-11 21:59:31,551 - ui.widgets.page_stack_manager - INFO - Refreshed page 'overview'
2025-09-11 21:59:36,524 - ui.widgets.overview_page - INFO - Overview page refreshed successfully
2025-09-11 21:59:36,525 - ui.widgets.page_stack_manager - INFO - Refreshed page 'overview'
2025-09-11 21:59:41,624 - ui.widgets.overview_page - INFO - Overview page refreshed successfully
2025-09-11 21:59:41,624 - ui.widgets.page_stack_manager - INFO - Refreshed page 'overview'
2025-09-11 21:59:46,547 - ui.widgets.overview_page - INFO - Overview page refreshed successfully
2025-09-11 21:59:46,547 - ui.widgets.page_stack_manager - INFO - Refreshed page 'overview'
2025-09-11 21:59:51,547 - ui.widgets.overview_page - INFO - Overview page refreshed successfully
2025-09-11 21:59:51,548 - ui.widgets.page_stack_manager - INFO - Refreshed page 'overview'
2025-09-11 21:59:56,536 - ui.widgets.overview_page - INFO - Overview page refreshed successfully
2025-09-11 21:59:56,537 - ui.widgets.page_stack_manager - INFO - Refreshed page 'overview'
2025-09-11 22:00:01,528 - ui.widgets.overview_page - INFO - Overview page refreshed successfully
2025-09-11 22:00:01,529 - ui.widgets.page_stack_manager - INFO - Refreshed page 'overview'
2025-09-11 22:00:06,535 - ui.widgets.overview_page - INFO - Overview page refreshed successfully
2025-09-11 22:00:06,535 - ui.widgets.page_stack_manager - INFO - Refreshed page 'overview'
2025-09-11 22:00:11,563 - ui.widgets.overview_page - INFO - Overview page refreshed successfully
2025-09-11 22:00:11,563 - ui.widgets.page_stack_manager - INFO - Refreshed page 'overview'
2025-09-11 22:00:16,553 - ui.widgets.overview_page - INFO - Overview page refreshed successfully
2025-09-11 22:00:16,553 - ui.widgets.page_stack_manager - INFO - Refreshed page 'overview'
2025-09-11 22:00:21,529 - ui.widgets.overview_page - INFO - Overview page refreshed successfully
2025-09-11 22:00:21,529 - ui.widgets.page_stack_manager - INFO - Refreshed page 'overview'
2025-09-11 22:00:26,529 - ui.widgets.overview_page - INFO - Overview page refreshed successfully
2025-09-11 22:00:26,530 - ui.widgets.page_stack_manager - INFO - Refreshed page 'overview'
2025-09-11 22:00:31,522 - ui.widgets.overview_page - INFO - Overview page refreshed successfully
2025-09-11 22:00:31,522 - ui.widgets.page_stack_manager - INFO - Refreshed page 'overview'
2025-09-11 22:00:36,565 - ui.widgets.overview_page - INFO - Overview page refreshed successfully
2025-09-11 22:00:36,565 - ui.widgets.page_stack_manager - INFO - Refreshed page 'overview'
2025-09-11 22:00:41,668 - ui.widgets.overview_page - INFO - Overview page refreshed successfully
2025-09-11 22:00:41,668 - ui.widgets.page_stack_manager - INFO - Refreshed page 'overview'
2025-09-11 22:00:46,544 - ui.widgets.overview_page - INFO - Overview page refreshed successfully
2025-09-11 22:00:46,544 - ui.widgets.page_stack_manager - INFO - Refreshed page 'overview'
2025-09-11 22:00:51,562 - ui.widgets.overview_page - INFO - Overview page refreshed successfully
2025-09-11 22:00:51,563 - ui.widgets.page_stack_manager - INFO - Refreshed page 'overview'
2025-09-11 22:00:56,533 - ui.widgets.overview_page - INFO - Overview page refreshed successfully
2025-09-11 22:00:56,533 - ui.widgets.page_stack_manager - INFO - Refreshed page 'overview'
2025-09-11 22:01:01,567 - ui.widgets.overview_page - INFO - Overview page refreshed successfully
2025-09-11 22:01:01,567 - ui.widgets.page_stack_manager - INFO - Refreshed page 'overview'
2025-09-11 22:01:06,543 - ui.widgets.overview_page - INFO - Overview page refreshed successfully
2025-09-11 22:01:06,543 - ui.widgets.page_stack_manager - INFO - Refreshed page 'overview'
2025-09-11 22:01:11,571 - ui.widgets.overview_page - INFO - Overview page refreshed successfully
2025-09-11 22:01:11,572 - ui.widgets.page_stack_manager - INFO - Refreshed page 'overview'
2025-09-11 22:01:16,567 - ui.widgets.overview_page - INFO - Overview page refreshed successfully
2025-09-11 22:01:16,568 - ui.widgets.page_stack_manager - INFO - Refreshed page 'overview'
2025-09-11 22:01:21,619 - ui.widgets.overview_page - INFO - Overview page refreshed successfully
2025-09-11 22:01:21,619 - ui.widgets.page_stack_manager - INFO - Refreshed page 'overview'
2025-09-11 22:01:26,568 - ui.widgets.overview_page - INFO - Overview page refreshed successfully
2025-09-11 22:01:26,569 - ui.widgets.page_stack_manager - INFO - Refreshed page 'overview'
2025-09-11 22:01:31,577 - ui.widgets.overview_page - INFO - Overview page refreshed successfully
2025-09-11 22:01:31,578 - ui.widgets.page_stack_manager - INFO - Refreshed page 'overview'
2025-09-11 22:01:36,539 - ui.widgets.overview_page - INFO - Overview page refreshed successfully
2025-09-11 22:01:36,540 - ui.widgets.page_stack_manager - INFO - Refreshed page 'overview'
2025-09-11 22:01:41,541 - ui.widgets.overview_page - INFO - Overview page refreshed successfully
2025-09-11 22:01:41,542 - ui.widgets.page_stack_manager - INFO - Refreshed page 'overview'
2025-09-11 22:01:46,558 - ui.widgets.overview_page - INFO - Overview page refreshed successfully
2025-09-11 22:01:46,559 - ui.widgets.page_stack_manager - INFO - Refreshed page 'overview'
2025-09-11 22:01:51,565 - ui.widgets.overview_page - INFO - Overview page refreshed successfully
2025-09-11 22:01:51,565 - ui.widgets.page_stack_manager - INFO - Refreshed page 'overview'
2025-09-11 22:01:56,574 - ui.widgets.overview_page - INFO - Overview page refreshed successfully
2025-09-11 22:01:56,575 - ui.widgets.page_stack_manager - INFO - Refreshed page 'overview'
2025-09-11 22:02:01,594 - ui.widgets.overview_page - INFO - Overview page refreshed successfully
2025-09-11 22:02:01,595 - ui.widgets.page_stack_manager - INFO - Refreshed page 'overview'
2025-09-11 22:02:06,580 - ui.widgets.overview_page - INFO - Overview page refreshed successfully
2025-09-11 22:02:06,580 - ui.widgets.page_stack_manager - INFO - Refreshed page 'overview'
2025-09-11 22:02:11,559 - ui.widgets.overview_page - INFO - Overview page refreshed successfully
2025-09-11 22:02:11,559 - ui.widgets.page_stack_manager - INFO - Refreshed page 'overview'
2025-09-11 22:02:16,554 - ui.widgets.overview_page - INFO - Overview page refreshed successfully
2025-09-11 22:02:16,554 - ui.widgets.page_stack_manager - INFO - Refreshed page 'overview'
2025-09-11 22:02:21,819 - ui.widgets.overview_page - INFO - Overview page refreshed successfully
2025-09-11 22:02:21,819 - ui.widgets.page_stack_manager - INFO - Refreshed page 'overview'
2025-09-11 22:02:26,548 - ui.widgets.overview_page - INFO - Overview page refreshed successfully
2025-09-11 22:02:26,549 - ui.widgets.page_stack_manager - INFO - Refreshed page 'overview'
2025-09-11 22:02:31,551 - ui.widgets.overview_page - INFO - Overview page refreshed successfully
2025-09-11 22:02:31,552 - ui.widgets.page_stack_manager - INFO - Refreshed page 'overview'
2025-09-11 22:02:36,542 - ui.widgets.overview_page - INFO - Overview page refreshed successfully
2025-09-11 22:02:36,543 - ui.widgets.page_stack_manager - INFO - Refreshed page 'overview'
2025-09-11 22:02:41,545 - ui.widgets.overview_page - INFO - Overview page refreshed successfully
2025-09-11 22:02:41,546 - ui.widgets.page_stack_manager - INFO - Refreshed page 'overview'
2025-09-11 22:02:46,551 - ui.widgets.overview_page - INFO - Overview page refreshed successfully
2025-09-11 22:02:46,551 - ui.widgets.page_stack_manager - INFO - Refreshed page 'overview'
2025-09-11 22:02:51,620 - ui.widgets.overview_page - INFO - Overview page refreshed successfully
2025-09-11 22:02:51,620 - ui.widgets.page_stack_manager - INFO - Refreshed page 'overview'
2025-09-11 22:02:56,891 - ui.widgets.overview_page - INFO - Overview page refreshed successfully
2025-09-11 22:02:56,891 - ui.widgets.page_stack_manager - INFO - Refreshed page 'overview'
2025-09-11 22:03:01,544 - ui.widgets.overview_page - INFO - Overview page refreshed successfully
2025-09-11 22:03:01,545 - ui.widgets.page_stack_manager - INFO - Refreshed page 'overview'
2025-09-11 22:03:06,848 - ui.widgets.overview_page - INFO - Overview page refreshed successfully
2025-09-11 22:03:06,848 - ui.widgets.page_stack_manager - INFO - Refreshed page 'overview'
2025-09-11 22:03:11,651 - ui.widgets.overview_page - INFO - Overview page refreshed successfully
2025-09-11 22:03:11,651 - ui.widgets.page_stack_manager - INFO - Refreshed page 'overview'
2025-09-11 22:03:16,552 - ui.widgets.overview_page - INFO - Overview page refreshed successfully
2025-09-11 22:03:16,553 - ui.widgets.page_stack_manager - INFO - Refreshed page 'overview'
2025-09-11 22:03:21,589 - ui.widgets.overview_page - INFO - Overview page refreshed successfully
2025-09-11 22:03:21,590 - ui.widgets.page_stack_manager - INFO - Refreshed page 'overview'
2025-09-11 22:03:26,590 - ui.widgets.overview_page - INFO - Overview page refreshed successfully
2025-09-11 22:03:26,591 - ui.widgets.page_stack_manager - INFO - Refreshed page 'overview'
2025-09-11 22:03:31,571 - ui.widgets.overview_page - INFO - Overview page refreshed successfully
2025-09-11 22:03:31,572 - ui.widgets.page_stack_manager - INFO - Refreshed page 'overview'
2025-09-11 22:03:36,607 - ui.widgets.overview_page - INFO - Overview page refreshed successfully
2025-09-11 22:03:36,608 - ui.widgets.page_stack_manager - INFO - Refreshed page 'overview'
2025-09-11 22:03:41,591 - ui.widgets.overview_page - INFO - Overview page refreshed successfully
2025-09-11 22:03:41,591 - ui.widgets.page_stack_manager - INFO - Refreshed page 'overview'
2025-09-11 22:03:46,848 - ui.widgets.overview_page - INFO - Overview page refreshed successfully
2025-09-11 22:03:46,849 - ui.widgets.page_stack_manager - INFO - Refreshed page 'overview'
2025-09-11 22:03:51,559 - ui.widgets.overview_page - INFO - Overview page refreshed successfully
2025-09-11 22:03:51,559 - ui.widgets.page_stack_manager - INFO - Refreshed page 'overview'
2025-09-11 22:03:56,573 - ui.widgets.overview_page - INFO - Overview page refreshed successfully
2025-09-11 22:03:56,574 - ui.widgets.page_stack_manager - INFO - Refreshed page 'overview'
2025-09-11 22:04:01,543 - ui.widgets.overview_page - INFO - Overview page refreshed successfully
2025-09-11 22:04:01,544 - ui.widgets.page_stack_manager - INFO - Refreshed page 'overview'
2025-09-11 22:04:06,605 - ui.widgets.overview_page - INFO - Overview page refreshed successfully
2025-09-11 22:04:06,606 - ui.widgets.page_stack_manager - INFO - Refreshed page 'overview'
2025-09-11 22:04:11,551 - ui.widgets.overview_page - INFO - Overview page refreshed successfully
2025-09-11 22:04:11,552 - ui.widgets.page_stack_manager - INFO - Refreshed page 'overview'
2025-09-11 22:04:16,715 - ui.widgets.overview_page - INFO - Overview page refreshed successfully
2025-09-11 22:04:16,715 - ui.widgets.page_stack_manager - INFO - Refreshed page 'overview'
2025-09-11 22:04:21,569 - ui.widgets.overview_page - INFO - Overview page refreshed successfully
2025-09-11 22:04:21,570 - ui.widgets.page_stack_manager - INFO - Refreshed page 'overview'
2025-09-11 22:04:26,574 - ui.widgets.overview_page - INFO - Overview page refreshed successfully
2025-09-11 22:04:26,574 - ui.widgets.page_stack_manager - INFO - Refreshed page 'overview'
2025-09-11 22:04:31,776 - ui.widgets.overview_page - INFO - Overview page refreshed successfully
2025-09-11 22:04:31,777 - ui.widgets.page_stack_manager - INFO - Refreshed page 'overview'
2025-09-11 22:04:36,687 - ui.widgets.overview_page - INFO - Overview page refreshed successfully
2025-09-11 22:04:36,687 - ui.widgets.page_stack_manager - INFO - Refreshed page 'overview'
2025-09-11 22:04:41,573 - ui.widgets.overview_page - INFO - Overview page refreshed successfully
2025-09-11 22:04:41,573 - ui.widgets.page_stack_manager - INFO - Refreshed page 'overview'
2025-09-11 22:04:46,530 - ui.widgets.overview_page - INFO - Overview page refreshed successfully
2025-09-11 22:04:46,530 - ui.widgets.page_stack_manager - INFO - Refreshed page 'overview'
2025-09-11 22:04:51,920 - ui.widgets.overview_page - INFO - Overview page refreshed successfully
2025-09-11 22:04:51,920 - ui.widgets.page_stack_manager - INFO - Refreshed page 'overview'
2025-09-11 22:04:56,544 - ui.widgets.overview_page - INFO - Overview page refreshed successfully
2025-09-11 22:04:56,544 - ui.widgets.page_stack_manager - INFO - Refreshed page 'overview'
2025-09-11 22:05:01,562 - ui.widgets.overview_page - INFO - Overview page refreshed successfully
2025-09-11 22:05:01,562 - ui.widgets.page_stack_manager - INFO - Refreshed page 'overview'
2025-09-11 22:05:06,557 - ui.widgets.overview_page - INFO - Overview page refreshed successfully
2025-09-11 22:05:06,560 - ui.widgets.page_stack_manager - INFO - Refreshed page 'overview'
2025-09-11 22:05:11,550 - ui.widgets.overview_page - INFO - Overview page refreshed successfully
2025-09-11 22:05:11,551 - ui.widgets.page_stack_manager - INFO - Refreshed page 'overview'
2025-09-11 22:05:16,930 - ui.widgets.overview_page - INFO - Overview page refreshed successfully
2025-09-11 22:05:16,930 - ui.widgets.page_stack_manager - INFO - Refreshed page 'overview'
2025-09-11 22:05:21,588 - ui.widgets.overview_page - INFO - Overview page refreshed successfully
2025-09-11 22:05:21,589 - ui.widgets.page_stack_manager - INFO - Refreshed page 'overview'
2025-09-11 22:05:26,559 - ui.widgets.overview_page - INFO - Overview page refreshed successfully
2025-09-11 22:05:26,559 - ui.widgets.page_stack_manager - INFO - Refreshed page 'overview'
2025-09-11 22:05:31,510 - ui.widgets.overview_page - INFO - Overview page refreshed successfully
2025-09-11 22:05:31,511 - ui.widgets.page_stack_manager - INFO - Refreshed page 'overview'
2025-09-11 22:05:36,896 - ui.widgets.overview_page - INFO - Overview page refreshed successfully
2025-09-11 22:05:36,897 - ui.widgets.page_stack_manager - INFO - Refreshed page 'overview'
2025-09-11 22:05:41,528 - ui.widgets.overview_page - INFO - Overview page refreshed successfully
2025-09-11 22:05:41,528 - ui.widgets.page_stack_manager - INFO - Refreshed page 'overview'
2025-09-11 22:05:46,726 - ui.widgets.overview_page - INFO - Overview page refreshed successfully
2025-09-11 22:05:46,726 - ui.widgets.page_stack_manager - INFO - Refreshed page 'overview'
2025-09-11 22:05:51,640 - ui.widgets.overview_page - INFO - Overview page refreshed successfully
2025-09-11 22:05:51,640 - ui.widgets.page_stack_manager - INFO - Refreshed page 'overview'
2025-09-11 22:05:56,581 - ui.widgets.overview_page - INFO - Overview page refreshed successfully
2025-09-11 22:05:56,581 - ui.widgets.page_stack_manager - INFO - Refreshed page 'overview'
2025-09-11 22:06:01,576 - ui.widgets.overview_page - INFO - Overview page refreshed successfully
2025-09-11 22:06:01,579 - ui.widgets.page_stack_manager - INFO - Refreshed page 'overview'
2025-09-11 22:06:06,534 - ui.widgets.overview_page - INFO - Overview page refreshed successfully
2025-09-11 22:06:06,535 - ui.widgets.page_stack_manager - INFO - Refreshed page 'overview'
2025-09-11 22:06:11,550 - ui.widgets.overview_page - INFO - Overview page refreshed successfully
2025-09-11 22:06:11,551 - ui.widgets.page_stack_manager - INFO - Refreshed page 'overview'
2025-09-11 22:06:16,538 - ui.widgets.overview_page - INFO - Overview page refreshed successfully
2025-09-11 22:06:16,538 - ui.widgets.page_stack_manager - INFO - Refreshed page 'overview'
2025-09-11 22:06:21,546 - ui.widgets.overview_page - INFO - Overview page refreshed successfully
2025-09-11 22:06:21,546 - ui.widgets.page_stack_manager - INFO - Refreshed page 'overview'
2025-09-11 22:06:26,556 - ui.widgets.overview_page - INFO - Overview page refreshed successfully
2025-09-11 22:06:26,556 - ui.widgets.page_stack_manager - INFO - Refreshed page 'overview'
2025-09-11 22:06:31,602 - ui.widgets.overview_page - INFO - Overview page refreshed successfully
2025-09-11 22:06:31,602 - ui.widgets.page_stack_manager - INFO - Refreshed page 'overview'
2025-09-11 22:06:36,513 - ui.widgets.overview_page - INFO - Overview page refreshed successfully
2025-09-11 22:06:36,513 - ui.widgets.page_stack_manager - INFO - Refreshed page 'overview'
2025-09-11 22:06:41,548 - ui.widgets.overview_page - INFO - Overview page refreshed successfully
2025-09-11 22:06:41,549 - ui.widgets.page_stack_manager - INFO - Refreshed page 'overview'
2025-09-11 22:06:46,556 - ui.widgets.overview_page - INFO - Overview page refreshed successfully
2025-09-11 22:06:46,559 - ui.widgets.page_stack_manager - INFO - Refreshed page 'overview'
2025-09-11 22:06:51,528 - ui.widgets.overview_page - INFO - Overview page refreshed successfully
2025-09-11 22:06:51,528 - ui.widgets.page_stack_manager - INFO - Refreshed page 'overview'
2025-09-11 22:06:56,541 - ui.widgets.overview_page - INFO - Overview page refreshed successfully
2025-09-11 22:06:56,541 - ui.widgets.page_stack_manager - INFO - Refreshed page 'overview'
2025-09-11 22:07:01,529 - ui.widgets.overview_page - INFO - Overview page refreshed successfully
2025-09-11 22:07:01,529 - ui.widgets.page_stack_manager - INFO - Refreshed page 'overview'
2025-09-11 22:07:06,541 - ui.widgets.overview_page - INFO - Overview page refreshed successfully
2025-09-11 22:07:06,542 - ui.widgets.page_stack_manager - INFO - Refreshed page 'overview'
2025-09-11 22:07:11,529 - ui.widgets.overview_page - INFO - Overview page refreshed successfully
2025-09-11 22:07:11,530 - ui.widgets.page_stack_manager - INFO - Refreshed page 'overview'
2025-09-11 22:07:16,538 - ui.widgets.overview_page - INFO - Overview page refreshed successfully
2025-09-11 22:07:16,538 - ui.widgets.page_stack_manager - INFO - Refreshed page 'overview'
2025-09-11 22:07:21,694 - ui.widgets.overview_page - INFO - Overview page refreshed successfully
2025-09-11 22:07:21,694 - ui.widgets.page_stack_manager - INFO - Refreshed page 'overview'
2025-09-11 22:07:26,558 - ui.widgets.overview_page - INFO - Overview page refreshed successfully
2025-09-11 22:07:26,558 - ui.widgets.page_stack_manager - INFO - Refreshed page 'overview'
2025-09-11 22:07:31,580 - ui.widgets.overview_page - INFO - Overview page refreshed successfully
2025-09-11 22:07:31,580 - ui.widgets.page_stack_manager - INFO - Refreshed page 'overview'
2025-09-11 22:07:36,556 - ui.widgets.overview_page - INFO - Overview page refreshed successfully
2025-09-11 22:07:36,557 - ui.widgets.page_stack_manager - INFO - Refreshed page 'overview'
2025-09-11 22:07:41,542 - ui.widgets.overview_page - INFO - Overview page refreshed successfully
2025-09-11 22:07:41,543 - ui.widgets.page_stack_manager - INFO - Refreshed page 'overview'
2025-09-11 22:07:46,529 - ui.widgets.overview_page - INFO - Overview page refreshed successfully
2025-09-11 22:07:46,529 - ui.widgets.page_stack_manager - INFO - Refreshed page 'overview'
2025-09-11 22:07:51,535 - ui.widgets.overview_page - INFO - Overview page refreshed successfully
2025-09-11 22:07:51,536 - ui.widgets.page_stack_manager - INFO - Refreshed page 'overview'
2025-09-11 22:07:56,542 - ui.widgets.overview_page - INFO - Overview page refreshed successfully
2025-09-11 22:07:56,542 - ui.widgets.page_stack_manager - INFO - Refreshed page 'overview'
2025-09-11 22:08:01,535 - ui.widgets.overview_page - INFO - Overview page refreshed successfully
2025-09-11 22:08:01,535 - ui.widgets.page_stack_manager - INFO - Refreshed page 'overview'
2025-09-11 22:08:06,530 - ui.widgets.overview_page - INFO - Overview page refreshed successfully
2025-09-11 22:08:06,531 - ui.widgets.page_stack_manager - INFO - Refreshed page 'overview'
2025-09-11 22:08:11,567 - ui.widgets.overview_page - INFO - Overview page refreshed successfully
2025-09-11 22:08:11,568 - ui.widgets.page_stack_manager - INFO - Refreshed page 'overview'
2025-09-11 22:08:16,520 - ui.widgets.overview_page - INFO - Overview page refreshed successfully
2025-09-11 22:08:16,521 - ui.widgets.page_stack_manager - INFO - Refreshed page 'overview'
2025-09-11 22:08:21,562 - ui.widgets.overview_page - INFO - Overview page refreshed successfully
2025-09-11 22:08:21,562 - ui.widgets.page_stack_manager - INFO - Refreshed page 'overview'
2025-09-11 22:08:26,515 - ui.widgets.overview_page - INFO - Overview page refreshed successfully
2025-09-11 22:08:26,515 - ui.widgets.page_stack_manager - INFO - Refreshed page 'overview'
2025-09-11 22:08:31,548 - ui.widgets.overview_page - INFO - Overview page refreshed successfully
2025-09-11 22:08:31,548 - ui.widgets.page_stack_manager - INFO - Refreshed page 'overview'
2025-09-11 22:08:36,528 - ui.widgets.overview_page - INFO - Overview page refreshed successfully
2025-09-11 22:08:36,528 - ui.widgets.page_stack_manager - INFO - Refreshed page 'overview'
2025-09-11 22:08:41,590 - ui.widgets.overview_page - INFO - Overview page refreshed successfully
2025-09-11 22:08:41,590 - ui.widgets.page_stack_manager - INFO - Refreshed page 'overview'
2025-09-11 22:08:46,563 - ui.widgets.overview_page - INFO - Overview page refreshed successfully
2025-09-11 22:08:46,563 - ui.widgets.page_stack_manager - INFO - Refreshed page 'overview'
2025-09-11 22:08:51,531 - ui.widgets.overview_page - INFO - Overview page refreshed successfully
2025-09-11 22:08:51,531 - ui.widgets.page_stack_manager - INFO - Refreshed page 'overview'
2025-09-11 22:08:56,575 - ui.widgets.overview_page - INFO - Overview page refreshed successfully
2025-09-11 22:08:56,576 - ui.widgets.page_stack_manager - INFO - Refreshed page 'overview'
2025-09-11 22:09:01,538 - ui.widgets.overview_page - INFO - Overview page refreshed successfully
2025-09-11 22:09:01,541 - ui.widgets.page_stack_manager - INFO - Refreshed page 'overview'
2025-09-11 22:09:06,518 - ui.widgets.overview_page - INFO - Overview page refreshed successfully
2025-09-11 22:09:06,519 - ui.widgets.page_stack_manager - INFO - Refreshed page 'overview'
2025-09-11 22:09:11,539 - ui.widgets.overview_page - INFO - Overview page refreshed successfully
2025-09-11 22:09:11,540 - ui.widgets.page_stack_manager - INFO - Refreshed page 'overview'
2025-09-11 22:09:16,680 - ui.widgets.overview_page - INFO - Overview page refreshed successfully
2025-09-11 22:09:16,680 - ui.widgets.page_stack_manager - INFO - Refreshed page 'overview'
2025-09-11 22:09:21,678 - ui.widgets.overview_page - INFO - Overview page refreshed successfully
2025-09-11 22:09:21,679 - ui.widgets.page_stack_manager - INFO - Refreshed page 'overview'
2025-09-11 22:09:26,618 - ui.widgets.overview_page - INFO - Overview page refreshed successfully
2025-09-11 22:09:26,618 - ui.widgets.page_stack_manager - INFO - Refreshed page 'overview'
2025-09-11 22:09:31,523 - ui.widgets.overview_page - INFO - Overview page refreshed successfully
2025-09-11 22:09:31,525 - ui.widgets.page_stack_manager - INFO - Refreshed page 'overview'
2025-09-11 22:09:36,528 - ui.widgets.overview_page - INFO - Overview page refreshed successfully
2025-09-11 22:09:36,529 - ui.widgets.page_stack_manager - INFO - Refreshed page 'overview'
2025-09-11 22:09:41,555 - ui.widgets.overview_page - INFO - Overview page refreshed successfully
2025-09-11 22:09:41,556 - ui.widgets.page_stack_manager - INFO - Refreshed page 'overview'
2025-09-11 22:09:46,664 - ui.widgets.overview_page - INFO - Overview page refreshed successfully
2025-09-11 22:09:46,664 - ui.widgets.page_stack_manager - INFO - Refreshed page 'overview'
2025-09-11 22:09:51,592 - ui.widgets.overview_page - INFO - Overview page refreshed successfully
2025-09-11 22:09:51,593 - ui.widgets.page_stack_manager - INFO - Refreshed page 'overview'
2025-09-11 22:09:56,551 - ui.widgets.overview_page - INFO - Overview page refreshed successfully
2025-09-11 22:09:56,551 - ui.widgets.page_stack_manager - INFO - Refreshed page 'overview'
2025-09-11 22:10:01,569 - ui.widgets.overview_page - INFO - Overview page refreshed successfully
2025-09-11 22:10:01,571 - ui.widgets.page_stack_manager - INFO - Refreshed page 'overview'
2025-09-11 22:10:06,578 - ui.widgets.overview_page - INFO - Overview page refreshed successfully
2025-09-11 22:10:06,589 - ui.widgets.page_stack_manager - INFO - Refreshed page 'overview'
2025-09-11 22:10:11,519 - ui.widgets.overview_page - INFO - Overview page refreshed successfully
2025-09-11 22:10:11,522 - ui.widgets.page_stack_manager - INFO - Refreshed page 'overview'
2025-09-11 22:10:16,531 - ui.widgets.overview_page - INFO - Overview page refreshed successfully
2025-09-11 22:10:16,531 - ui.widgets.page_stack_manager - INFO - Refreshed page 'overview'
2025-09-11 22:10:21,544 - ui.widgets.overview_page - INFO - Overview page refreshed successfully
2025-09-11 22:10:21,544 - ui.widgets.page_stack_manager - INFO - Refreshed page 'overview'
2025-09-11 22:10:26,533 - ui.widgets.overview_page - INFO - Overview page refreshed successfully
2025-09-11 22:10:26,534 - ui.widgets.page_stack_manager - INFO - Refreshed page 'overview'
2025-09-11 22:10:31,534 - ui.widgets.overview_page - INFO - Overview page refreshed successfully
2025-09-11 22:10:31,534 - ui.widgets.page_stack_manager - INFO - Refreshed page 'overview'
2025-09-11 22:10:36,521 - ui.widgets.overview_page - INFO - Overview page refreshed successfully
2025-09-11 22:10:36,521 - ui.widgets.page_stack_manager - INFO - Refreshed page 'overview'
2025-09-11 22:10:41,544 - ui.widgets.overview_page - INFO - Overview page refreshed successfully
2025-09-11 22:10:41,545 - ui.widgets.page_stack_manager - INFO - Refreshed page 'overview'
2025-09-11 22:10:46,511 - ui.widgets.overview_page - INFO - Overview page refreshed successfully
2025-09-11 22:10:46,512 - ui.widgets.page_stack_manager - INFO - Refreshed page 'overview'
2025-09-11 22:10:51,683 - ui.widgets.overview_page - INFO - Overview page refreshed successfully
2025-09-11 22:10:51,693 - ui.widgets.page_stack_manager - INFO - Refreshed page 'overview'
2025-09-11 22:10:56,582 - ui.widgets.overview_page - INFO - Overview page refreshed successfully
2025-09-11 22:10:56,583 - ui.widgets.page_stack_manager - INFO - Refreshed page 'overview'
2025-09-11 22:11:01,513 - ui.widgets.overview_page - INFO - Overview page refreshed successfully
2025-09-11 22:11:01,516 - ui.widgets.page_stack_manager - INFO - Refreshed page 'overview'
2025-09-11 22:11:06,561 - ui.widgets.overview_page - INFO - Overview page refreshed successfully
2025-09-11 22:11:06,561 - ui.widgets.page_stack_manager - INFO - Refreshed page 'overview'
2025-09-11 22:11:11,526 - ui.widgets.overview_page - INFO - Overview page refreshed successfully
2025-09-11 22:11:11,526 - ui.widgets.page_stack_manager - INFO - Refreshed page 'overview'
2025-09-11 22:11:16,546 - ui.widgets.overview_page - INFO - Overview page refreshed successfully
2025-09-11 22:11:16,547 - ui.widgets.page_stack_manager - INFO - Refreshed page 'overview'
2025-09-11 22:11:22,094 - ui.widgets.overview_page - INFO - Overview page refreshed successfully
2025-09-11 22:11:22,096 - ui.widgets.page_stack_manager - INFO - Refreshed page 'overview'
2025-09-11 22:11:26,545 - ui.widgets.overview_page - INFO - Overview page refreshed successfully
2025-09-11 22:11:26,546 - ui.widgets.page_stack_manager - INFO - Refreshed page 'overview'
2025-09-11 22:11:31,531 - ui.widgets.overview_page - INFO - Overview page refreshed successfully
2025-09-11 22:11:31,531 - ui.widgets.page_stack_manager - INFO - Refreshed page 'overview'
2025-09-11 22:11:36,776 - ui.widgets.overview_page - INFO - Overview page refreshed successfully
2025-09-11 22:11:36,777 - ui.widgets.page_stack_manager - INFO - Refreshed page 'overview'
2025-09-11 22:11:41,566 - ui.widgets.overview_page - INFO - Overview page refreshed successfully
2025-09-11 22:11:41,566 - ui.widgets.page_stack_manager - INFO - Refreshed page 'overview'
2025-09-11 22:11:48,513 - ui.widgets.overview_page - INFO - Overview page refreshed successfully
2025-09-11 22:11:48,513 - ui.widgets.page_stack_manager - INFO - Refreshed page 'overview'
2025-09-11 22:11:51,522 - ui.widgets.overview_page - INFO - Overview page refreshed successfully
2025-09-11 22:11:51,522 - ui.widgets.page_stack_manager - INFO - Refreshed page 'overview'
2025-09-11 22:11:56,522 - ui.widgets.overview_page - INFO - Overview page refreshed successfully
2025-09-11 22:11:56,522 - ui.widgets.page_stack_manager - INFO - Refreshed page 'overview'
2025-09-11 22:12:01,577 - ui.widgets.overview_page - INFO - Overview page refreshed successfully
2025-09-11 22:12:01,577 - ui.widgets.page_stack_manager - INFO - Refreshed page 'overview'
2025-09-11 22:12:06,712 - ui.widgets.overview_page - INFO - Overview page refreshed successfully
2025-09-11 22:12:06,712 - ui.widgets.page_stack_manager - INFO - Refreshed page 'overview'
2025-09-11 22:12:11,564 - ui.widgets.overview_page - INFO - Overview page refreshed successfully
2025-09-11 22:12:11,564 - ui.widgets.page_stack_manager - INFO - Refreshed page 'overview'
2025-09-11 22:12:16,541 - ui.widgets.overview_page - INFO - Overview page refreshed successfully
2025-09-11 22:12:16,542 - ui.widgets.page_stack_manager - INFO - Refreshed page 'overview'
2025-09-11 22:12:24,878 - ui.widgets.overview_page - INFO - Overview page refreshed successfully
2025-09-11 22:12:24,878 - ui.widgets.page_stack_manager - INFO - Refreshed page 'overview'
2025-09-11 22:12:27,804 - ui.widgets.overview_page - INFO - Overview page refreshed successfully
2025-09-11 22:12:27,805 - ui.widgets.page_stack_manager - INFO - Refreshed page 'overview'
2025-09-11 22:12:31,634 - ui.widgets.overview_page - INFO - Overview page refreshed successfully
2025-09-11 22:12:31,635 - ui.widgets.page_stack_manager - INFO - Refreshed page 'overview'
2025-09-11 22:12:36,601 - ui.widgets.overview_page - INFO - Overview page refreshed successfully
2025-09-11 22:12:36,602 - ui.widgets.page_stack_manager - INFO - Refreshed page 'overview'
2025-09-11 22:12:41,536 - ui.widgets.overview_page - INFO - Overview page refreshed successfully
2025-09-11 22:12:41,536 - ui.widgets.page_stack_manager - INFO - Refreshed page 'overview'
2025-09-11 22:12:46,627 - ui.widgets.overview_page - INFO - Overview page refreshed successfully
2025-09-11 22:12:46,627 - ui.widgets.page_stack_manager - INFO - Refreshed page 'overview'
2025-09-11 22:12:51,568 - ui.widgets.overview_page - INFO - Overview page refreshed successfully
2025-09-11 22:12:51,569 - ui.widgets.page_stack_manager - INFO - Refreshed page 'overview'
2025-09-11 22:12:56,545 - ui.widgets.overview_page - INFO - Overview page refreshed successfully
2025-09-11 22:12:56,545 - ui.widgets.page_stack_manager - INFO - Refreshed page 'overview'
2025-09-11 22:13:01,779 - ui.widgets.overview_page - INFO - Overview page refreshed successfully
2025-09-11 22:13:01,779 - ui.widgets.page_stack_manager - INFO - Refreshed page 'overview'
2025-09-11 22:13:06,531 - ui.widgets.overview_page - INFO - Overview page refreshed successfully
2025-09-11 22:13:06,531 - ui.widgets.page_stack_manager - INFO - Refreshed page 'overview'
2025-09-11 22:13:11,588 - ui.widgets.overview_page - INFO - Overview page refreshed successfully
2025-09-11 22:13:11,588 - ui.widgets.page_stack_manager - INFO - Refreshed page 'overview'
2025-09-11 22:13:16,558 - ui.widgets.overview_page - INFO - Overview page refreshed successfully
2025-09-11 22:13:16,558 - ui.widgets.page_stack_manager - INFO - Refreshed page 'overview'
2025-09-11 22:13:21,543 - ui.widgets.overview_page - INFO - Overview page refreshed successfully
2025-09-11 22:13:21,543 - ui.widgets.page_stack_manager - INFO - Refreshed page 'overview'
2025-09-11 22:13:26,549 - ui.widgets.overview_page - INFO - Overview page refreshed successfully
2025-09-11 22:13:26,549 - ui.widgets.page_stack_manager - INFO - Refreshed page 'overview'
2025-09-11 22:13:31,514 - ui.widgets.overview_page - INFO - Overview page refreshed successfully
2025-09-11 22:13:31,515 - ui.widgets.page_stack_manager - INFO - Refreshed page 'overview'
2025-09-11 22:13:36,574 - ui.widgets.overview_page - INFO - Overview page refreshed successfully
2025-09-11 22:13:36,575 - ui.widgets.page_stack_manager - INFO - Refreshed page 'overview'
2025-09-11 22:13:41,606 - ui.widgets.overview_page - INFO - Overview page refreshed successfully
2025-09-11 22:13:41,607 - ui.widgets.page_stack_manager - INFO - Refreshed page 'overview'
2025-09-11 22:13:46,750 - ui.widgets.overview_page - INFO - Overview page refreshed successfully
2025-09-11 22:13:46,750 - ui.widgets.page_stack_manager - INFO - Refreshed page 'overview'
2025-09-11 22:13:51,778 - ui.widgets.overview_page - INFO - Overview page refreshed successfully
2025-09-11 22:13:51,779 - ui.widgets.page_stack_manager - INFO - Refreshed page 'overview'
2025-09-11 22:13:56,553 - ui.widgets.overview_page - INFO - Overview page refreshed successfully
2025-09-11 22:13:56,553 - ui.widgets.page_stack_manager - INFO - Refreshed page 'overview'
2025-09-11 22:14:01,581 - ui.widgets.overview_page - INFO - Overview page refreshed successfully
2025-09-11 22:14:01,582 - ui.widgets.page_stack_manager - INFO - Refreshed page 'overview'
2025-09-11 22:14:06,586 - ui.widgets.overview_page - INFO - Overview page refreshed successfully
2025-09-11 22:14:06,587 - ui.widgets.page_stack_manager - INFO - Refreshed page 'overview'
2025-09-11 22:14:11,601 - ui.widgets.overview_page - INFO - Overview page refreshed successfully
2025-09-11 22:14:11,601 - ui.widgets.page_stack_manager - INFO - Refreshed page 'overview'
2025-09-11 22:14:16,536 - ui.widgets.overview_page - INFO - Overview page refreshed successfully
2025-09-11 22:14:16,536 - ui.widgets.page_stack_manager - INFO - Refreshed page 'overview'
2025-09-11 22:14:21,531 - ui.widgets.overview_page - INFO - Overview page refreshed successfully
2025-09-11 22:14:21,532 - ui.widgets.page_stack_manager - INFO - Refreshed page 'overview'
2025-09-11 22:14:26,576 - ui.widgets.overview_page - INFO - Overview page refreshed successfully
2025-09-11 22:14:26,577 - ui.widgets.page_stack_manager - INFO - Refreshed page 'overview'
2025-09-11 22:14:31,564 - ui.widgets.overview_page - INFO - Overview page refreshed successfully
2025-09-11 22:14:31,565 - ui.widgets.page_stack_manager - INFO - Refreshed page 'overview'
2025-09-11 22:14:36,528 - ui.widgets.overview_page - INFO - Overview page refreshed successfully
2025-09-11 22:14:36,528 - ui.widgets.page_stack_manager - INFO - Refreshed page 'overview'
2025-09-11 22:14:41,516 - ui.widgets.overview_page - INFO - Overview page refreshed successfully
2025-09-11 22:14:41,516 - ui.widgets.page_stack_manager - INFO - Refreshed page 'overview'
2025-09-11 22:14:46,526 - ui.widgets.overview_page - INFO - Overview page refreshed successfully
2025-09-11 22:14:46,527 - ui.widgets.page_stack_manager - INFO - Refreshed page 'overview'
2025-09-11 22:14:51,558 - ui.widgets.overview_page - INFO - Overview page refreshed successfully
2025-09-11 22:14:51,558 - ui.widgets.page_stack_manager - INFO - Refreshed page 'overview'
2025-09-11 22:14:56,680 - ui.widgets.overview_page - INFO - Overview page refreshed successfully
2025-09-11 22:14:56,680 - ui.widgets.page_stack_manager - INFO - Refreshed page 'overview'
2025-09-11 22:15:01,567 - ui.widgets.overview_page - INFO - Overview page refreshed successfully
2025-09-11 22:15:01,568 - ui.widgets.page_stack_manager - INFO - Refreshed page 'overview'
2025-09-11 22:15:06,565 - ui.widgets.overview_page - INFO - Overview page refreshed successfully
2025-09-11 22:15:06,565 - ui.widgets.page_stack_manager - INFO - Refreshed page 'overview'
2025-09-11 22:15:11,513 - ui.widgets.overview_page - INFO - Overview page refreshed successfully
2025-09-11 22:15:11,514 - ui.widgets.page_stack_manager - INFO - Refreshed page 'overview'
2025-09-11 22:15:16,570 - ui.widgets.overview_page - INFO - Overview page refreshed successfully
2025-09-11 22:15:16,571 - ui.widgets.page_stack_manager - INFO - Refreshed page 'overview'
2025-09-11 22:15:21,543 - ui.widgets.overview_page - INFO - Overview page refreshed successfully
2025-09-11 22:15:21,544 - ui.widgets.page_stack_manager - INFO - Refreshed page 'overview'
2025-09-11 22:15:26,547 - ui.widgets.overview_page - INFO - Overview page refreshed successfully
2025-09-11 22:15:26,548 - ui.widgets.page_stack_manager - INFO - Refreshed page 'overview'
2025-09-11 22:15:31,543 - ui.widgets.overview_page - INFO - Overview page refreshed successfully
2025-09-11 22:15:31,544 - ui.widgets.page_stack_manager - INFO - Refreshed page 'overview'
2025-09-11 22:15:36,572 - ui.widgets.overview_page - INFO - Overview page refreshed successfully
2025-09-11 22:15:36,572 - ui.widgets.page_stack_manager - INFO - Refreshed page 'overview'
2025-09-11 22:15:41,521 - ui.widgets.overview_page - INFO - Overview page refreshed successfully
2025-09-11 22:15:41,521 - ui.widgets.page_stack_manager - INFO - Refreshed page 'overview'
2025-09-11 22:15:46,534 - ui.widgets.overview_page - INFO - Overview page refreshed successfully
2025-09-11 22:15:46,536 - ui.widgets.page_stack_manager - INFO - Refreshed page 'overview'
2025-09-11 22:15:51,550 - ui.widgets.overview_page - INFO - Overview page refreshed successfully
2025-09-11 22:15:51,551 - ui.widgets.page_stack_manager - INFO - Refreshed page 'overview'
2025-09-11 22:15:56,568 - ui.widgets.overview_page - INFO - Overview page refreshed successfully
2025-09-11 22:15:56,569 - ui.widgets.page_stack_manager - INFO - Refreshed page 'overview'
2025-09-11 22:16:01,550 - ui.widgets.overview_page - INFO - Overview page refreshed successfully
2025-09-11 22:16:01,550 - ui.widgets.page_stack_manager - INFO - Refreshed page 'overview'
2025-09-11 22:16:06,532 - ui.widgets.overview_page - INFO - Overview page refreshed successfully
2025-09-11 22:16:06,533 - ui.widgets.page_stack_manager - INFO - Refreshed page 'overview'
2025-09-11 22:16:11,536 - ui.widgets.overview_page - INFO - Overview page refreshed successfully
2025-09-11 22:16:11,537 - ui.widgets.page_stack_manager - INFO - Refreshed page 'overview'
2025-09-11 22:16:16,519 - ui.widgets.overview_page - INFO - Overview page refreshed successfully
2025-09-11 22:16:16,521 - ui.widgets.page_stack_manager - INFO - Refreshed page 'overview'
2025-09-11 22:16:21,570 - ui.widgets.overview_page - INFO - Overview page refreshed successfully
2025-09-11 22:16:21,571 - ui.widgets.page_stack_manager - INFO - Refreshed page 'overview'
2025-09-11 22:16:26,739 - ui.widgets.overview_page - INFO - Overview page refreshed successfully
2025-09-11 22:16:26,739 - ui.widgets.page_stack_manager - INFO - Refreshed page 'overview'
2025-09-11 22:16:31,546 - ui.widgets.overview_page - INFO - Overview page refreshed successfully
2025-09-11 22:16:31,546 - ui.widgets.page_stack_manager - INFO - Refreshed page 'overview'
2025-09-11 22:16:36,548 - ui.widgets.overview_page - INFO - Overview page refreshed successfully
2025-09-11 22:16:36,548 - ui.widgets.page_stack_manager - INFO - Refreshed page 'overview'
2025-09-11 22:16:41,573 - ui.widgets.overview_page - INFO - Overview page refreshed successfully
2025-09-11 22:16:41,573 - ui.widgets.page_stack_manager - INFO - Refreshed page 'overview'
2025-09-11 22:16:46,517 - ui.widgets.overview_page - INFO - Overview page refreshed successfully
2025-09-11 22:16:46,519 - ui.widgets.page_stack_manager - INFO - Refreshed page 'overview'
2025-09-11 22:16:51,561 - ui.widgets.overview_page - INFO - Overview page refreshed successfully
2025-09-11 22:16:51,562 - ui.widgets.page_stack_manager - INFO - Refreshed page 'overview'
2025-09-11 22:16:56,547 - ui.widgets.overview_page - INFO - Overview page refreshed successfully
2025-09-11 22:16:56,547 - ui.widgets.page_stack_manager - INFO - Refreshed page 'overview'
2025-09-11 22:17:01,593 - ui.widgets.overview_page - INFO - Overview page refreshed successfully
2025-09-11 22:17:01,594 - ui.widgets.page_stack_manager - INFO - Refreshed page 'overview'
2025-09-11 22:17:06,545 - ui.widgets.overview_page - INFO - Overview page refreshed successfully
2025-09-11 22:17:06,545 - ui.widgets.page_stack_manager - INFO - Refreshed page 'overview'
2025-09-11 22:17:11,590 - ui.widgets.overview_page - INFO - Overview page refreshed successfully
2025-09-11 22:17:11,591 - ui.widgets.page_stack_manager - INFO - Refreshed page 'overview'
2025-09-11 22:17:16,549 - ui.widgets.overview_page - INFO - Overview page refreshed successfully
2025-09-11 22:17:16,549 - ui.widgets.page_stack_manager - INFO - Refreshed page 'overview'
2025-09-11 22:17:21,533 - ui.widgets.overview_page - INFO - Overview page refreshed successfully
2025-09-11 22:17:21,533 - ui.widgets.page_stack_manager - INFO - Refreshed page 'overview'
2025-09-11 22:17:26,536 - ui.widgets.overview_page - INFO - Overview page refreshed successfully
2025-09-11 22:17:26,537 - ui.widgets.page_stack_manager - INFO - Refreshed page 'overview'
2025-09-11 22:17:31,540 - ui.widgets.overview_page - INFO - Overview page refreshed successfully
2025-09-11 22:17:31,541 - ui.widgets.page_stack_manager - INFO - Refreshed page 'overview'
2025-09-11 22:17:36,528 - ui.widgets.overview_page - INFO - Overview page refreshed successfully
2025-09-11 22:17:36,528 - ui.widgets.page_stack_manager - INFO - Refreshed page 'overview'
2025-09-11 22:17:41,515 - ui.widgets.overview_page - INFO - Overview page refreshed successfully
2025-09-11 22:17:41,515 - ui.widgets.page_stack_manager - INFO - Refreshed page 'overview'
2025-09-11 22:17:46,532 - ui.widgets.overview_page - INFO - Overview page refreshed successfully
2025-09-11 22:17:46,533 - ui.widgets.page_stack_manager - INFO - Refreshed page 'overview'
2025-09-11 22:17:51,524 - ui.widgets.overview_page - INFO - Overview page refreshed successfully
2025-09-11 22:17:51,525 - ui.widgets.page_stack_manager - INFO - Refreshed page 'overview'
2025-09-11 22:17:56,552 - ui.widgets.overview_page - INFO - Overview page refreshed successfully
2025-09-11 22:17:56,553 - ui.widgets.page_stack_manager - INFO - Refreshed page 'overview'
2025-09-11 22:18:01,539 - ui.widgets.overview_page - INFO - Overview page refreshed successfully
2025-09-11 22:18:01,541 - ui.widgets.page_stack_manager - INFO - Refreshed page 'overview'
2025-09-11 22:18:06,515 - ui.widgets.overview_page - INFO - Overview page refreshed successfully
2025-09-11 22:18:06,516 - ui.widgets.page_stack_manager - INFO - Refreshed page 'overview'
2025-09-11 22:18:11,517 - ui.widgets.overview_page - INFO - Overview page refreshed successfully
2025-09-11 22:18:11,518 - ui.widgets.page_stack_manager - INFO - Refreshed page 'overview'
2025-09-11 22:18:16,549 - ui.widgets.overview_page - INFO - Overview page refreshed successfully
2025-09-11 22:18:16,549 - ui.widgets.page_stack_manager - INFO - Refreshed page 'overview'
2025-09-11 22:18:21,552 - ui.widgets.overview_page - INFO - Overview page refreshed successfully
2025-09-11 22:18:21,554 - ui.widgets.page_stack_manager - INFO - Refreshed page 'overview'
2025-09-11 22:18:26,736 - ui.widgets.overview_page - INFO - Overview page refreshed successfully
2025-09-11 22:18:26,736 - ui.widgets.page_stack_manager - INFO - Refreshed page 'overview'
2025-09-11 22:18:31,541 - ui.widgets.overview_page - INFO - Overview page refreshed successfully
2025-09-11 22:18:31,542 - ui.widgets.page_stack_manager - INFO - Refreshed page 'overview'
2025-09-11 22:18:36,541 - ui.widgets.overview_page - INFO - Overview page refreshed successfully
2025-09-11 22:18:36,541 - ui.widgets.page_stack_manager - INFO - Refreshed page 'overview'
2025-09-11 22:18:41,649 - ui.widgets.overview_page - INFO - Overview page refreshed successfully
2025-09-11 22:18:41,650 - ui.widgets.page_stack_manager - INFO - Refreshed page 'overview'
2025-09-11 22:18:46,533 - ui.widgets.overview_page - INFO - Overview page refreshed successfully
2025-09-11 22:18:46,534 - ui.widgets.page_stack_manager - INFO - Refreshed page 'overview'
2025-09-11 22:18:51,578 - ui.widgets.overview_page - INFO - Overview page refreshed successfully
2025-09-11 22:18:51,579 - ui.widgets.page_stack_manager - INFO - Refreshed page 'overview'
2025-09-11 22:18:56,542 - ui.widgets.overview_page - INFO - Overview page refreshed successfully
2025-09-11 22:18:56,543 - ui.widgets.page_stack_manager - INFO - Refreshed page 'overview'
2025-09-11 22:19:01,520 - ui.widgets.overview_page - INFO - Overview page refreshed successfully
2025-09-11 22:19:01,520 - ui.widgets.page_stack_manager - INFO - Refreshed page 'overview'
2025-09-11 22:19:06,596 - ui.widgets.overview_page - INFO - Overview page refreshed successfully
2025-09-11 22:19:06,596 - ui.widgets.page_stack_manager - INFO - Refreshed page 'overview'
2025-09-11 22:19:11,582 - ui.widgets.overview_page - INFO - Overview page refreshed successfully
2025-09-11 22:19:11,582 - ui.widgets.page_stack_manager - INFO - Refreshed page 'overview'
2025-09-11 22:19:16,795 - ui.widgets.overview_page - INFO - Overview page refreshed successfully
2025-09-11 22:19:16,795 - ui.widgets.page_stack_manager - INFO - Refreshed page 'overview'
2025-09-11 22:19:21,547 - ui.widgets.overview_page - INFO - Overview page refreshed successfully
2025-09-11 22:19:21,547 - ui.widgets.page_stack_manager - INFO - Refreshed page 'overview'
2025-09-11 22:19:26,513 - ui.widgets.overview_page - INFO - Overview page refreshed successfully
2025-09-11 22:19:26,513 - ui.widgets.page_stack_manager - INFO - Refreshed page 'overview'
2025-09-11 22:19:31,531 - ui.widgets.overview_page - INFO - Overview page refreshed successfully
2025-09-11 22:19:31,531 - ui.widgets.page_stack_manager - INFO - Refreshed page 'overview'
2025-09-11 22:19:36,582 - ui.widgets.overview_page - INFO - Overview page refreshed successfully
2025-09-11 22:19:36,583 - ui.widgets.page_stack_manager - INFO - Refreshed page 'overview'
2025-09-11 22:19:41,566 - ui.widgets.overview_page - INFO - Overview page refreshed successfully
2025-09-11 22:19:41,567 - ui.widgets.page_stack_manager - INFO - Refreshed page 'overview'
2025-09-11 22:19:46,539 - ui.widgets.overview_page - INFO - Overview page refreshed successfully
2025-09-11 22:19:46,539 - ui.widgets.page_stack_manager - INFO - Refreshed page 'overview'
2025-09-11 22:19:51,528 - ui.widgets.overview_page - INFO - Overview page refreshed successfully
2025-09-11 22:19:51,528 - ui.widgets.page_stack_manager - INFO - Refreshed page 'overview'
2025-09-11 22:19:56,543 - ui.widgets.overview_page - INFO - Overview page refreshed successfully
2025-09-11 22:19:56,543 - ui.widgets.page_stack_manager - INFO - Refreshed page 'overview'
2025-09-11 22:20:01,647 - ui.widgets.overview_page - INFO - Overview page refreshed successfully
2025-09-11 22:20:01,648 - ui.widgets.page_stack_manager - INFO - Refreshed page 'overview'
2025-09-11 22:20:06,531 - ui.widgets.overview_page - INFO - Overview page refreshed successfully
2025-09-11 22:20:06,545 - ui.widgets.page_stack_manager - INFO - Refreshed page 'overview'
2025-09-11 22:20:11,560 - ui.widgets.overview_page - INFO - Overview page refreshed successfully
2025-09-11 22:20:11,567 - ui.widgets.page_stack_manager - INFO - Refreshed page 'overview'
2025-09-11 22:20:16,555 - ui.widgets.overview_page - INFO - Overview page refreshed successfully
2025-09-11 22:20:16,558 - ui.widgets.page_stack_manager - INFO - Refreshed page 'overview'
2025-09-11 22:20:21,639 - ui.widgets.overview_page - INFO - Overview page refreshed successfully
2025-09-11 22:20:21,639 - ui.widgets.page_stack_manager - INFO - Refreshed page 'overview'
2025-09-11 22:20:26,526 - ui.widgets.overview_page - INFO - Overview page refreshed successfully
2025-09-11 22:20:26,533 - ui.widgets.page_stack_manager - INFO - Refreshed page 'overview'
2025-09-11 22:20:31,583 - ui.widgets.overview_page - INFO - Overview page refreshed successfully
2025-09-11 22:20:31,584 - ui.widgets.page_stack_manager - INFO - Refreshed page 'overview'
2025-09-11 22:20:36,588 - ui.widgets.overview_page - INFO - Overview page refreshed successfully
2025-09-11 22:20:36,588 - ui.widgets.page_stack_manager - INFO - Refreshed page 'overview'
2025-09-11 22:20:41,655 - ui.widgets.overview_page - INFO - Overview page refreshed successfully
2025-09-11 22:20:41,656 - ui.widgets.page_stack_manager - INFO - Refreshed page 'overview'
2025-09-11 22:20:46,526 - ui.widgets.overview_page - INFO - Overview page refreshed successfully
2025-09-11 22:20:46,526 - ui.widgets.page_stack_manager - INFO - Refreshed page 'overview'
2025-09-11 22:20:51,531 - ui.widgets.overview_page - INFO - Overview page refreshed successfully
2025-09-11 22:20:51,532 - ui.widgets.page_stack_manager - INFO - Refreshed page 'overview'
2025-09-11 22:20:56,517 - ui.widgets.overview_page - INFO - Overview page refreshed successfully
2025-09-11 22:20:56,517 - ui.widgets.page_stack_manager - INFO - Refreshed page 'overview'
2025-09-11 22:21:01,526 - ui.widgets.overview_page - INFO - Overview page refreshed successfully
2025-09-11 22:21:01,526 - ui.widgets.page_stack_manager - INFO - Refreshed page 'overview'
2025-09-11 22:21:06,514 - ui.widgets.overview_page - INFO - Overview page refreshed successfully
2025-09-11 22:21:06,515 - ui.widgets.page_stack_manager - INFO - Refreshed page 'overview'
2025-09-11 22:21:11,506 - ui.widgets.overview_page - INFO - Overview page refreshed successfully
2025-09-11 22:21:11,506 - ui.widgets.page_stack_manager - INFO - Refreshed page 'overview'
2025-09-11 22:21:16,630 - ui.widgets.overview_page - INFO - Overview page refreshed successfully
2025-09-11 22:21:16,630 - ui.widgets.page_stack_manager - INFO - Refreshed page 'overview'
2025-09-11 22:21:21,550 - ui.widgets.overview_page - INFO - Overview page refreshed successfully
2025-09-11 22:21:21,551 - ui.widgets.page_stack_manager - INFO - Refreshed page 'overview'
2025-09-11 22:21:26,547 - ui.widgets.overview_page - INFO - Overview page refreshed successfully
2025-09-11 22:21:26,548 - ui.widgets.page_stack_manager - INFO - Refreshed page 'overview'
2025-09-11 22:21:31,534 - ui.widgets.overview_page - INFO - Overview page refreshed successfully
2025-09-11 22:21:31,534 - ui.widgets.page_stack_manager - INFO - Refreshed page 'overview'
2025-09-11 22:21:36,551 - ui.widgets.overview_page - INFO - Overview page refreshed successfully
2025-09-11 22:21:36,551 - ui.widgets.page_stack_manager - INFO - Refreshed page 'overview'
2025-09-11 22:21:41,572 - ui.widgets.overview_page - INFO - Overview page refreshed successfully
2025-09-11 22:21:41,572 - ui.widgets.page_stack_manager - INFO - Refreshed page 'overview'
2025-09-11 22:21:46,542 - ui.widgets.overview_page - INFO - Overview page refreshed successfully
2025-09-11 22:21:46,543 - ui.widgets.page_stack_manager - INFO - Refreshed page 'overview'
2025-09-11 22:21:51,638 - ui.widgets.overview_page - INFO - Overview page refreshed successfully
2025-09-11 22:21:51,638 - ui.widgets.page_stack_manager - INFO - Refreshed page 'overview'
2025-09-11 22:21:56,510 - ui.widgets.overview_page - INFO - Overview page refreshed successfully
2025-09-11 22:21:56,511 - ui.widgets.page_stack_manager - INFO - Refreshed page 'overview'
2025-09-11 22:22:01,568 - ui.widgets.overview_page - INFO - Overview page refreshed successfully
2025-09-11 22:22:01,569 - ui.widgets.page_stack_manager - INFO - Refreshed page 'overview'
2025-09-11 22:22:06,515 - ui.widgets.overview_page - INFO - Overview page refreshed successfully
2025-09-11 22:22:06,515 - ui.widgets.page_stack_manager - INFO - Refreshed page 'overview'
2025-09-11 22:22:11,524 - ui.widgets.overview_page - INFO - Overview page refreshed successfully
2025-09-11 22:22:11,524 - ui.widgets.page_stack_manager - INFO - Refreshed page 'overview'
2025-09-11 22:22:16,519 - ui.widgets.overview_page - INFO - Overview page refreshed successfully
2025-09-11 22:22:16,519 - ui.widgets.page_stack_manager - INFO - Refreshed page 'overview'
2025-09-11 22:22:21,542 - ui.widgets.overview_page - INFO - Overview page refreshed successfully
2025-09-11 22:22:21,544 - ui.widgets.page_stack_manager - INFO - Refreshed page 'overview'
2025-09-11 22:22:26,527 - ui.widgets.overview_page - INFO - Overview page refreshed successfully
2025-09-11 22:22:26,530 - ui.widgets.page_stack_manager - INFO - Refreshed page 'overview'
2025-09-11 22:22:31,570 - ui.widgets.overview_page - INFO - Overview page refreshed successfully
2025-09-11 22:22:31,570 - ui.widgets.page_stack_manager - INFO - Refreshed page 'overview'
2025-09-11 22:22:36,540 - ui.widgets.overview_page - INFO - Overview page refreshed successfully
2025-09-11 22:22:36,541 - ui.widgets.page_stack_manager - INFO - Refreshed page 'overview'
2025-09-11 22:22:41,529 - ui.widgets.overview_page - INFO - Overview page refreshed successfully
2025-09-11 22:22:41,533 - ui.widgets.page_stack_manager - INFO - Refreshed page 'overview'
2025-09-11 22:22:46,598 - ui.widgets.overview_page - INFO - Overview page refreshed successfully
2025-09-11 22:22:46,599 - ui.widgets.page_stack_manager - INFO - Refreshed page 'overview'
2025-09-11 22:22:51,520 - ui.widgets.overview_page - INFO - Overview page refreshed successfully
2025-09-11 22:22:51,520 - ui.widgets.page_stack_manager - INFO - Refreshed page 'overview'
2025-09-11 22:22:56,534 - ui.widgets.overview_page - INFO - Overview page refreshed successfully
2025-09-11 22:22:56,534 - ui.widgets.page_stack_manager - INFO - Refreshed page 'overview'
2025-09-11 22:23:01,514 - ui.widgets.overview_page - INFO - Overview page refreshed successfully
2025-09-11 22:23:01,514 - ui.widgets.page_stack_manager - INFO - Refreshed page 'overview'
2025-09-11 22:23:06,529 - ui.widgets.overview_page - INFO - Overview page refreshed successfully
2025-09-11 22:23:06,530 - ui.widgets.page_stack_manager - INFO - Refreshed page 'overview'
2025-09-11 22:23:11,541 - ui.widgets.overview_page - INFO - Overview page refreshed successfully
2025-09-11 22:23:11,541 - ui.widgets.page_stack_manager - INFO - Refreshed page 'overview'
2025-09-11 22:23:16,510 - ui.widgets.overview_page - INFO - Overview page refreshed successfully
2025-09-11 22:23:16,511 - ui.widgets.page_stack_manager - INFO - Refreshed page 'overview'
2025-09-11 22:23:21,534 - ui.widgets.overview_page - INFO - Overview page refreshed successfully
2025-09-11 22:23:21,534 - ui.widgets.page_stack_manager - INFO - Refreshed page 'overview'
2025-09-11 22:23:26,619 - ui.widgets.overview_page - INFO - Overview page refreshed successfully
2025-09-11 22:23:26,621 - ui.widgets.page_stack_manager - INFO - Refreshed page 'overview'
2025-09-11 22:23:31,557 - ui.widgets.overview_page - INFO - Overview page refreshed successfully
2025-09-11 22:23:31,557 - ui.widgets.page_stack_manager - INFO - Refreshed page 'overview'
2025-09-11 22:23:36,565 - ui.widgets.overview_page - INFO - Overview page refreshed successfully
2025-09-11 22:23:36,565 - ui.widgets.page_stack_manager - INFO - Refreshed page 'overview'
2025-09-11 22:23:41,545 - ui.widgets.overview_page - INFO - Overview page refreshed successfully
2025-09-11 22:23:41,546 - ui.widgets.page_stack_manager - INFO - Refreshed page 'overview'
2025-09-11 22:23:46,825 - ui.widgets.overview_page - INFO - Overview page refreshed successfully
2025-09-11 22:23:46,825 - ui.widgets.page_stack_manager - INFO - Refreshed page 'overview'
2025-09-11 22:23:51,568 - ui.widgets.overview_page - INFO - Overview page refreshed successfully
2025-09-11 22:23:51,569 - ui.widgets.page_stack_manager - INFO - Refreshed page 'overview'
2025-09-11 22:23:56,526 - ui.widgets.overview_page - INFO - Overview page refreshed successfully
2025-09-11 22:23:56,526 - ui.widgets.page_stack_manager - INFO - Refreshed page 'overview'
2025-09-11 22:24:01,564 - ui.widgets.overview_page - INFO - Overview page refreshed successfully
2025-09-11 22:24:01,565 - ui.widgets.page_stack_manager - INFO - Refreshed page 'overview'
2025-09-11 22:24:06,512 - ui.widgets.overview_page - INFO - Overview page refreshed successfully
2025-09-11 22:24:06,512 - ui.widgets.page_stack_manager - INFO - Refreshed page 'overview'
2025-09-11 22:24:11,512 - ui.widgets.overview_page - INFO - Overview page refreshed successfully
2025-09-11 22:24:11,512 - ui.widgets.page_stack_manager - INFO - Refreshed page 'overview'
2025-09-11 22:24:16,556 - ui.widgets.overview_page - INFO - Overview page refreshed successfully
2025-09-11 22:24:16,556 - ui.widgets.page_stack_manager - INFO - Refreshed page 'overview'
2025-09-11 22:24:21,507 - ui.widgets.overview_page - INFO - Overview page refreshed successfully
2025-09-11 22:24:21,507 - ui.widgets.page_stack_manager - INFO - Refreshed page 'overview'
2025-09-11 22:24:26,524 - ui.widgets.overview_page - INFO - Overview page refreshed successfully
2025-09-11 22:24:26,525 - ui.widgets.page_stack_manager - INFO - Refreshed page 'overview'
2025-09-11 22:24:31,546 - ui.widgets.overview_page - INFO - Overview page refreshed successfully
2025-09-11 22:24:31,547 - ui.widgets.page_stack_manager - INFO - Refreshed page 'overview'
2025-09-11 22:24:36,510 - ui.widgets.overview_page - INFO - Overview page refreshed successfully
2025-09-11 22:24:36,510 - ui.widgets.page_stack_manager - INFO - Refreshed page 'overview'
2025-09-11 22:24:41,549 - ui.widgets.overview_page - INFO - Overview page refreshed successfully
2025-09-11 22:24:41,549 - ui.widgets.page_stack_manager - INFO - Refreshed page 'overview'
2025-09-11 22:24:46,791 - ui.widgets.overview_page - INFO - Overview page refreshed successfully
2025-09-11 22:24:46,792 - ui.widgets.page_stack_manager - INFO - Refreshed page 'overview'
2025-09-11 22:24:51,529 - ui.widgets.overview_page - INFO - Overview page refreshed successfully
2025-09-11 22:24:51,529 - ui.widgets.page_stack_manager - INFO - Refreshed page 'overview'
2025-09-11 22:24:56,511 - ui.widgets.overview_page - INFO - Overview page refreshed successfully
2025-09-11 22:24:56,512 - ui.widgets.page_stack_manager - INFO - Refreshed page 'overview'
2025-09-11 22:25:01,810 - ui.widgets.overview_page - INFO - Overview page refreshed successfully
2025-09-11 22:25:01,810 - ui.widgets.page_stack_manager - INFO - Refreshed page 'overview'
2025-09-11 22:25:06,528 - ui.widgets.overview_page - INFO - Overview page refreshed successfully
2025-09-11 22:25:06,530 - ui.widgets.page_stack_manager - INFO - Refreshed page 'overview'
2025-09-11 22:25:11,512 - ui.widgets.overview_page - INFO - Overview page refreshed successfully
2025-09-11 22:25:11,513 - ui.widgets.page_stack_manager - INFO - Refreshed page 'overview'
2025-09-11 22:25:16,529 - ui.widgets.overview_page - INFO - Overview page refreshed successfully
2025-09-11 22:25:16,529 - ui.widgets.page_stack_manager - INFO - Refreshed page 'overview'
2025-09-11 22:25:21,528 - ui.widgets.overview_page - INFO - Overview page refreshed successfully
2025-09-11 22:25:21,529 - ui.widgets.page_stack_manager - INFO - Refreshed page 'overview'
2025-09-11 22:25:26,572 - ui.widgets.overview_page - INFO - Overview page refreshed successfully
2025-09-11 22:25:26,574 - ui.widgets.page_stack_manager - INFO - Refreshed page 'overview'
2025-09-11 22:25:31,592 - ui.widgets.overview_page - INFO - Overview page refreshed successfully
2025-09-11 22:25:31,593 - ui.widgets.page_stack_manager - INFO - Refreshed page 'overview'
2025-09-11 22:25:37,623 - ui.widgets.overview_page - INFO - Overview page refreshed successfully
2025-09-11 22:25:37,623 - ui.widgets.page_stack_manager - INFO - Refreshed page 'overview'
2025-09-11 22:25:41,541 - ui.widgets.overview_page - INFO - Overview page refreshed successfully
2025-09-11 22:25:41,542 - ui.widgets.page_stack_manager - INFO - Refreshed page 'overview'
2025-09-11 22:25:46,522 - ui.widgets.overview_page - INFO - Overview page refreshed successfully
2025-09-11 22:25:46,522 - ui.widgets.page_stack_manager - INFO - Refreshed page 'overview'
2025-09-11 22:25:51,519 - ui.widgets.overview_page - INFO - Overview page refreshed successfully
2025-09-11 22:25:51,520 - ui.widgets.page_stack_manager - INFO - Refreshed page 'overview'
2025-09-11 22:25:56,564 - ui.widgets.overview_page - INFO - Overview page refreshed successfully
2025-09-11 22:25:56,565 - ui.widgets.page_stack_manager - INFO - Refreshed page 'overview'
2025-09-11 22:26:01,537 - ui.widgets.overview_page - INFO - Overview page refreshed successfully
2025-09-11 22:26:01,539 - ui.widgets.page_stack_manager - INFO - Refreshed page 'overview'
2025-09-11 22:26:06,517 - ui.widgets.overview_page - INFO - Overview page refreshed successfully
2025-09-11 22:26:06,519 - ui.widgets.page_stack_manager - INFO - Refreshed page 'overview'
2025-09-11 22:26:11,616 - ui.widgets.overview_page - INFO - Overview page refreshed successfully
2025-09-11 22:26:11,617 - ui.widgets.page_stack_manager - INFO - Refreshed page 'overview'
2025-09-11 22:26:16,741 - ui.widgets.overview_page - INFO - Overview page refreshed successfully
2025-09-11 22:26:16,741 - ui.widgets.page_stack_manager - INFO - Refreshed page 'overview'
2025-09-11 22:26:21,550 - ui.widgets.overview_page - INFO - Overview page refreshed successfully
2025-09-11 22:26:21,550 - ui.widgets.page_stack_manager - INFO - Refreshed page 'overview'
2025-09-11 22:26:26,537 - ui.widgets.overview_page - INFO - Overview page refreshed successfully
2025-09-11 22:26:26,537 - ui.widgets.page_stack_manager - INFO - Refreshed page 'overview'
2025-09-11 22:26:31,533 - ui.widgets.overview_page - INFO - Overview page refreshed successfully
2025-09-11 22:26:31,534 - ui.widgets.page_stack_manager - INFO - Refreshed page 'overview'
2025-09-11 22:26:36,513 - ui.widgets.overview_page - INFO - Overview page refreshed successfully
2025-09-11 22:26:36,515 - ui.widgets.page_stack_manager - INFO - Refreshed page 'overview'
2025-09-11 22:26:41,517 - ui.widgets.overview_page - INFO - Overview page refreshed successfully
2025-09-11 22:26:41,517 - ui.widgets.page_stack_manager - INFO - Refreshed page 'overview'
2025-09-11 22:26:46,649 - ui.widgets.overview_page - INFO - Overview page refreshed successfully
2025-09-11 22:26:46,653 - ui.widgets.page_stack_manager - INFO - Refreshed page 'overview'
2025-09-11 22:26:51,522 - ui.widgets.overview_page - INFO - Overview page refreshed successfully
2025-09-11 22:26:51,522 - ui.widgets.page_stack_manager - INFO - Refreshed page 'overview'
2025-09-11 22:26:56,510 - ui.widgets.overview_page - INFO - Overview page refreshed successfully
2025-09-11 22:26:56,510 - ui.widgets.page_stack_manager - INFO - Refreshed page 'overview'
2025-09-11 22:27:01,520 - ui.widgets.overview_page - INFO - Overview page refreshed successfully
2025-09-11 22:27:01,520 - ui.widgets.page_stack_manager - INFO - Refreshed page 'overview'
2025-09-11 22:27:06,537 - ui.widgets.overview_page - INFO - Overview page refreshed successfully
2025-09-11 22:27:06,537 - ui.widgets.page_stack_manager - INFO - Refreshed page 'overview'
2025-09-11 22:27:11,535 - ui.widgets.overview_page - INFO - Overview page refreshed successfully
2025-09-11 22:27:11,535 - ui.widgets.page_stack_manager - INFO - Refreshed page 'overview'
2025-09-11 22:27:16,564 - ui.widgets.overview_page - INFO - Overview page refreshed successfully
2025-09-11 22:27:16,565 - ui.widgets.page_stack_manager - INFO - Refreshed page 'overview'
2025-09-11 22:27:21,554 - ui.widgets.overview_page - INFO - Overview page refreshed successfully
2025-09-11 22:27:21,555 - ui.widgets.page_stack_manager - INFO - Refreshed page 'overview'
2025-09-11 22:27:26,639 - ui.widgets.overview_page - INFO - Overview page refreshed successfully
2025-09-11 22:27:26,639 - ui.widgets.page_stack_manager - INFO - Refreshed page 'overview'
2025-09-11 22:27:31,539 - ui.widgets.overview_page - INFO - Overview page refreshed successfully
2025-09-11 22:27:31,540 - ui.widgets.page_stack_manager - INFO - Refreshed page 'overview'
2025-09-11 22:27:36,529 - ui.widgets.overview_page - INFO - Overview page refreshed successfully
2025-09-11 22:27:36,529 - ui.widgets.page_stack_manager - INFO - Refreshed page 'overview'
2025-09-11 22:27:41,533 - ui.widgets.overview_page - INFO - Overview page refreshed successfully
2025-09-11 22:27:41,534 - ui.widgets.page_stack_manager - INFO - Refreshed page 'overview'
2025-09-11 22:27:46,546 - ui.widgets.overview_page - INFO - Overview page refreshed successfully
2025-09-11 22:27:46,547 - ui.widgets.page_stack_manager - INFO - Refreshed page 'overview'
2025-09-11 22:27:51,529 - ui.widgets.overview_page - INFO - Overview page refreshed successfully
2025-09-11 22:27:51,529 - ui.widgets.page_stack_manager - INFO - Refreshed page 'overview'
2025-09-11 22:27:56,521 - ui.widgets.overview_page - INFO - Overview page refreshed successfully
2025-09-11 22:27:56,522 - ui.widgets.page_stack_manager - INFO - Refreshed page 'overview'
2025-09-11 22:28:01,523 - ui.widgets.overview_page - INFO - Overview page refreshed successfully
2025-09-11 22:28:01,523 - ui.widgets.page_stack_manager - INFO - Refreshed page 'overview'
2025-09-11 22:28:06,580 - ui.widgets.overview_page - INFO - Overview page refreshed successfully
2025-09-11 22:28:06,581 - ui.widgets.page_stack_manager - INFO - Refreshed page 'overview'
2025-09-11 22:28:11,507 - ui.widgets.overview_page - INFO - Overview page refreshed successfully
2025-09-11 22:28:11,507 - ui.widgets.page_stack_manager - INFO - Refreshed page 'overview'
2025-09-11 22:28:16,511 - ui.widgets.overview_page - INFO - Overview page refreshed successfully
2025-09-11 22:28:16,511 - ui.widgets.page_stack_manager - INFO - Refreshed page 'overview'
2025-09-11 22:28:21,525 - ui.widgets.overview_page - INFO - Overview page refreshed successfully
2025-09-11 22:28:21,525 - ui.widgets.page_stack_manager - INFO - Refreshed page 'overview'
2025-09-11 22:28:26,544 - ui.widgets.overview_page - INFO - Overview page refreshed successfully
2025-09-11 22:28:26,545 - ui.widgets.page_stack_manager - INFO - Refreshed page 'overview'
2025-09-11 22:28:31,725 - ui.widgets.overview_page - INFO - Overview page refreshed successfully
2025-09-11 22:28:31,725 - ui.widgets.page_stack_manager - INFO - Refreshed page 'overview'
2025-09-11 22:28:36,553 - ui.widgets.overview_page - INFO - Overview page refreshed successfully
2025-09-11 22:28:36,553 - ui.widgets.page_stack_manager - INFO - Refreshed page 'overview'
2025-09-11 22:28:41,547 - ui.widgets.overview_page - INFO - Overview page refreshed successfully
2025-09-11 22:28:41,547 - ui.widgets.page_stack_manager - INFO - Refreshed page 'overview'
2025-09-11 22:28:46,582 - ui.widgets.overview_page - INFO - Overview page refreshed successfully
2025-09-11 22:28:46,584 - ui.widgets.page_stack_manager - INFO - Refreshed page 'overview'
2025-09-11 22:28:51,524 - ui.widgets.overview_page - INFO - Overview page refreshed successfully
2025-09-11 22:28:51,527 - ui.widgets.page_stack_manager - INFO - Refreshed page 'overview'
2025-09-11 22:28:56,532 - ui.widgets.overview_page - INFO - Overview page refreshed successfully
2025-09-11 22:28:56,532 - ui.widgets.page_stack_manager - INFO - Refreshed page 'overview'
2025-09-11 22:29:01,562 - ui.widgets.overview_page - INFO - Overview page refreshed successfully
2025-09-11 22:29:01,562 - ui.widgets.page_stack_manager - INFO - Refreshed page 'overview'
2025-09-11 22:29:06,526 - ui.widgets.overview_page - INFO - Overview page refreshed successfully
2025-09-11 22:29:06,527 - ui.widgets.page_stack_manager - INFO - Refreshed page 'overview'
2025-09-11 22:29:11,541 - ui.widgets.overview_page - INFO - Overview page refreshed successfully
2025-09-11 22:29:11,542 - ui.widgets.page_stack_manager - INFO - Refreshed page 'overview'
2025-09-11 22:29:16,543 - ui.widgets.overview_page - INFO - Overview page refreshed successfully
2025-09-11 22:29:16,544 - ui.widgets.page_stack_manager - INFO - Refreshed page 'overview'
2025-09-11 22:29:21,529 - ui.widgets.overview_page - INFO - Overview page refreshed successfully
2025-09-11 22:29:21,530 - ui.widgets.page_stack_manager - INFO - Refreshed page 'overview'
2025-09-11 22:29:26,578 - ui.widgets.overview_page - INFO - Overview page refreshed successfully
2025-09-11 22:29:26,578 - ui.widgets.page_stack_manager - INFO - Refreshed page 'overview'
2025-09-11 22:29:31,843 - ui.widgets.overview_page - INFO - Overview page refreshed successfully
2025-09-11 22:29:31,844 - ui.widgets.page_stack_manager - INFO - Refreshed page 'overview'
2025-09-11 22:29:36,509 - ui.widgets.overview_page - INFO - Overview page refreshed successfully
2025-09-11 22:29:36,510 - ui.widgets.page_stack_manager - INFO - Refreshed page 'overview'
2025-09-11 22:29:41,545 - ui.widgets.overview_page - INFO - Overview page refreshed successfully
2025-09-11 22:29:41,547 - ui.widgets.page_stack_manager - INFO - Refreshed page 'overview'
2025-09-11 22:29:46,509 - ui.widgets.overview_page - INFO - Overview page refreshed successfully
2025-09-11 22:29:46,509 - ui.widgets.page_stack_manager - INFO - Refreshed page 'overview'
2025-09-11 22:29:51,532 - ui.widgets.overview_page - INFO - Overview page refreshed successfully
2025-09-11 22:29:51,533 - ui.widgets.page_stack_manager - INFO - Refreshed page 'overview'
2025-09-11 22:29:56,525 - ui.widgets.overview_page - INFO - Overview page refreshed successfully
2025-09-11 22:29:56,525 - ui.widgets.page_stack_manager - INFO - Refreshed page 'overview'
2025-09-11 22:30:01,524 - ui.widgets.overview_page - INFO - Overview page refreshed successfully
2025-09-11 22:30:01,524 - ui.widgets.page_stack_manager - INFO - Refreshed page 'overview'
2025-09-11 22:30:06,561 - ui.widgets.overview_page - INFO - Overview page refreshed successfully
2025-09-11 22:30:06,561 - ui.widgets.page_stack_manager - INFO - Refreshed page 'overview'
2025-09-11 22:30:11,534 - ui.widgets.overview_page - INFO - Overview page refreshed successfully
2025-09-11 22:30:11,534 - ui.widgets.page_stack_manager - INFO - Refreshed page 'overview'
2025-09-11 22:30:16,515 - ui.widgets.overview_page - INFO - Overview page refreshed successfully
2025-09-11 22:30:16,515 - ui.widgets.page_stack_manager - INFO - Refreshed page 'overview'
2025-09-11 22:30:22,294 - ui.widgets.overview_page - INFO - Overview page refreshed successfully
2025-09-11 22:30:22,295 - ui.widgets.page_stack_manager - INFO - Refreshed page 'overview'
2025-09-11 22:30:26,540 - ui.widgets.overview_page - INFO - Overview page refreshed successfully
2025-09-11 22:30:26,542 - ui.widgets.page_stack_manager - INFO - Refreshed page 'overview'
2025-09-11 22:30:31,918 - ui.widgets.overview_page - INFO - Overview page refreshed successfully
2025-09-11 22:30:31,918 - ui.widgets.page_stack_manager - INFO - Refreshed page 'overview'
2025-09-11 22:30:36,510 - ui.widgets.overview_page - INFO - Overview page refreshed successfully
2025-09-11 22:30:36,511 - ui.widgets.page_stack_manager - INFO - Refreshed page 'overview'
2025-09-11 22:30:41,576 - ui.widgets.overview_page - INFO - Overview page refreshed successfully
2025-09-11 22:30:41,576 - ui.widgets.page_stack_manager - INFO - Refreshed page 'overview'
2025-09-11 22:30:46,549 - ui.widgets.overview_page - INFO - Overview page refreshed successfully
2025-09-11 22:30:46,550 - ui.widgets.page_stack_manager - INFO - Refreshed page 'overview'
2025-09-11 22:30:51,520 - ui.widgets.overview_page - INFO - Overview page refreshed successfully
2025-09-11 22:30:51,521 - ui.widgets.page_stack_manager - INFO - Refreshed page 'overview'
2025-09-11 22:30:56,530 - ui.widgets.overview_page - INFO - Overview page refreshed successfully
2025-09-11 22:30:56,531 - ui.widgets.page_stack_manager - INFO - Refreshed page 'overview'
2025-09-11 22:31:01,533 - ui.widgets.overview_page - INFO - Overview page refreshed successfully
2025-09-11 22:31:01,533 - ui.widgets.page_stack_manager - INFO - Refreshed page 'overview'
2025-09-11 22:31:06,592 - ui.widgets.overview_page - INFO - Overview page refreshed successfully
2025-09-11 22:31:06,593 - ui.widgets.page_stack_manager - INFO - Refreshed page 'overview'
2025-09-11 22:31:11,542 - ui.widgets.overview_page - INFO - Overview page refreshed successfully
2025-09-11 22:31:11,543 - ui.widgets.page_stack_manager - INFO - Refreshed page 'overview'
2025-09-11 22:31:16,522 - ui.widgets.overview_page - INFO - Overview page refreshed successfully
2025-09-11 22:31:16,523 - ui.widgets.page_stack_manager - INFO - Refreshed page 'overview'
2025-09-11 22:31:21,535 - ui.widgets.overview_page - INFO - Overview page refreshed successfully
2025-09-11 22:31:21,536 - ui.widgets.page_stack_manager - INFO - Refreshed page 'overview'
2025-09-11 22:31:26,502 - ui.widgets.overview_page - INFO - Overview page refreshed successfully
2025-09-11 22:31:26,503 - ui.widgets.page_stack_manager - INFO - Refreshed page 'overview'
2025-09-11 22:31:31,635 - ui.widgets.overview_page - INFO - Overview page refreshed successfully
2025-09-11 22:31:31,635 - ui.widgets.page_stack_manager - INFO - Refreshed page 'overview'
2025-09-11 22:31:36,534 - ui.widgets.overview_page - INFO - Overview page refreshed successfully
2025-09-11 22:31:36,534 - ui.widgets.page_stack_manager - INFO - Refreshed page 'overview'
2025-09-11 22:31:41,517 - ui.widgets.overview_page - INFO - Overview page refreshed successfully
2025-09-11 22:31:41,519 - ui.widgets.page_stack_manager - INFO - Refreshed page 'overview'
2025-09-11 22:31:46,586 - ui.widgets.overview_page - INFO - Overview page refreshed successfully
2025-09-11 22:31:46,586 - ui.widgets.page_stack_manager - INFO - Refreshed page 'overview'
2025-09-11 22:31:51,728 - ui.widgets.overview_page - INFO - Overview page refreshed successfully
2025-09-11 22:31:51,733 - ui.widgets.page_stack_manager - INFO - Refreshed page 'overview'
2025-09-11 22:31:56,652 - ui.widgets.overview_page - INFO - Overview page refreshed successfully
2025-09-11 22:31:56,653 - ui.widgets.page_stack_manager - INFO - Refreshed page 'overview'
2025-09-11 22:32:01,577 - ui.widgets.overview_page - INFO - Overview page refreshed successfully
2025-09-11 22:32:01,577 - ui.widgets.page_stack_manager - INFO - Refreshed page 'overview'
2025-09-11 22:32:06,528 - ui.widgets.overview_page - INFO - Overview page refreshed successfully
2025-09-11 22:32:06,529 - ui.widgets.page_stack_manager - INFO - Refreshed page 'overview'
2025-09-11 22:32:11,833 - ui.widgets.overview_page - INFO - Overview page refreshed successfully
2025-09-11 22:32:11,833 - ui.widgets.page_stack_manager - INFO - Refreshed page 'overview'
2025-09-11 22:32:16,663 - ui.widgets.overview_page - INFO - Overview page refreshed successfully
2025-09-11 22:32:16,664 - ui.widgets.page_stack_manager - INFO - Refreshed page 'overview'
2025-09-11 22:32:21,545 - ui.widgets.overview_page - INFO - Overview page refreshed successfully
2025-09-11 22:32:21,546 - ui.widgets.page_stack_manager - INFO - Refreshed page 'overview'
2025-09-11 22:32:26,509 - ui.widgets.overview_page - INFO - Overview page refreshed successfully
2025-09-11 22:32:26,510 - ui.widgets.page_stack_manager - INFO - Refreshed page 'overview'
2025-09-11 22:32:31,666 - ui.widgets.overview_page - INFO - Overview page refreshed successfully
2025-09-11 22:32:31,666 - ui.widgets.page_stack_manager - INFO - Refreshed page 'overview'
2025-09-11 22:32:36,557 - ui.widgets.overview_page - INFO - Overview page refreshed successfully
2025-09-11 22:32:36,558 - ui.widgets.page_stack_manager - INFO - Refreshed page 'overview'
2025-09-11 22:32:41,562 - ui.widgets.overview_page - INFO - Overview page refreshed successfully
2025-09-11 22:32:41,563 - ui.widgets.page_stack_manager - INFO - Refreshed page 'overview'
2025-09-11 22:32:46,629 - ui.widgets.overview_page - INFO - Overview page refreshed successfully
2025-09-11 22:32:46,629 - ui.widgets.page_stack_manager - INFO - Refreshed page 'overview'
2025-09-11 22:32:51,527 - ui.widgets.overview_page - INFO - Overview page refreshed successfully
2025-09-11 22:32:51,528 - ui.widgets.page_stack_manager - INFO - Refreshed page 'overview'
2025-09-11 22:32:56,586 - ui.widgets.overview_page - INFO - Overview page refreshed successfully
2025-09-11 22:32:56,586 - ui.widgets.page_stack_manager - INFO - Refreshed page 'overview'
2025-09-11 22:33:01,547 - ui.widgets.overview_page - INFO - Overview page refreshed successfully
2025-09-11 22:33:01,548 - ui.widgets.page_stack_manager - INFO - Refreshed page 'overview'
2025-09-11 22:33:06,503 - ui.widgets.overview_page - INFO - Overview page refreshed successfully
2025-09-11 22:33:06,503 - ui.widgets.page_stack_manager - INFO - Refreshed page 'overview'
2025-09-11 22:33:11,535 - ui.widgets.overview_page - INFO - Overview page refreshed successfully
2025-09-11 22:33:11,536 - ui.widgets.page_stack_manager - INFO - Refreshed page 'overview'
2025-09-11 22:33:16,535 - ui.widgets.overview_page - INFO - Overview page refreshed successfully
2025-09-11 22:33:16,536 - ui.widgets.page_stack_manager - INFO - Refreshed page 'overview'
2025-09-11 22:33:21,500 - ui.widgets.overview_page - INFO - Overview page refreshed successfully
2025-09-11 22:33:21,500 - ui.widgets.page_stack_manager - INFO - Refreshed page 'overview'
2025-09-11 22:33:26,555 - ui.widgets.overview_page - INFO - Overview page refreshed successfully
2025-09-11 22:33:26,556 - ui.widgets.page_stack_manager - INFO - Refreshed page 'overview'
2025-09-11 22:33:31,509 - ui.widgets.overview_page - INFO - Overview page refreshed successfully
2025-09-11 22:33:31,509 - ui.widgets.page_stack_manager - INFO - Refreshed page 'overview'
2025-09-11 22:33:36,537 - ui.widgets.overview_page - INFO - Overview page refreshed successfully
2025-09-11 22:33:36,537 - ui.widgets.page_stack_manager - INFO - Refreshed page 'overview'
2025-09-11 22:33:41,589 - ui.widgets.overview_page - INFO - Overview page refreshed successfully
2025-09-11 22:33:41,590 - ui.widgets.page_stack_manager - INFO - Refreshed page 'overview'
2025-09-11 22:33:46,567 - ui.widgets.overview_page - INFO - Overview page refreshed successfully
2025-09-11 22:33:46,567 - ui.widgets.page_stack_manager - INFO - Refreshed page 'overview'
2025-09-11 22:33:51,518 - ui.widgets.overview_page - INFO - Overview page refreshed successfully
2025-09-11 22:33:51,518 - ui.widgets.page_stack_manager - INFO - Refreshed page 'overview'
2025-09-11 22:33:56,530 - ui.widgets.overview_page - INFO - Overview page refreshed successfully
2025-09-11 22:33:56,530 - ui.widgets.page_stack_manager - INFO - Refreshed page 'overview'
2025-09-11 22:34:01,525 - ui.widgets.overview_page - INFO - Overview page refreshed successfully
2025-09-11 22:34:01,525 - ui.widgets.page_stack_manager - INFO - Refreshed page 'overview'
2025-09-11 22:34:06,514 - ui.widgets.overview_page - INFO - Overview page refreshed successfully
2025-09-11 22:34:06,516 - ui.widgets.page_stack_manager - INFO - Refreshed page 'overview'
2025-09-11 22:34:11,539 - ui.widgets.overview_page - INFO - Overview page refreshed successfully
2025-09-11 22:34:11,540 - ui.widgets.page_stack_manager - INFO - Refreshed page 'overview'
2025-09-11 22:34:16,530 - ui.widgets.overview_page - INFO - Overview page refreshed successfully
2025-09-11 22:34:16,530 - ui.widgets.page_stack_manager - INFO - Refreshed page 'overview'
2025-09-11 22:34:21,517 - ui.widgets.overview_page - INFO - Overview page refreshed successfully
2025-09-11 22:34:21,517 - ui.widgets.page_stack_manager - INFO - Refreshed page 'overview'
2025-09-11 22:34:26,613 - ui.widgets.overview_page - INFO - Overview page refreshed successfully
2025-09-11 22:34:26,614 - ui.widgets.page_stack_manager - INFO - Refreshed page 'overview'
2025-09-11 22:34:31,518 - ui.widgets.overview_page - INFO - Overview page refreshed successfully
2025-09-11 22:34:31,518 - ui.widgets.page_stack_manager - INFO - Refreshed page 'overview'
2025-09-11 22:34:36,509 - ui.widgets.overview_page - INFO - Overview page refreshed successfully
2025-09-11 22:34:36,510 - ui.widgets.page_stack_manager - INFO - Refreshed page 'overview'
2025-09-11 22:34:41,534 - ui.widgets.overview_page - INFO - Overview page refreshed successfully
2025-09-11 22:34:41,536 - ui.widgets.page_stack_manager - INFO - Refreshed page 'overview'
2025-09-11 22:34:46,525 - ui.widgets.overview_page - INFO - Overview page refreshed successfully
2025-09-11 22:34:46,529 - ui.widgets.page_stack_manager - INFO - Refreshed page 'overview'
2025-09-11 22:34:51,563 - ui.widgets.overview_page - INFO - Overview page refreshed successfully
2025-09-11 22:34:51,564 - ui.widgets.page_stack_manager - INFO - Refreshed page 'overview'
2025-09-11 22:34:56,540 - ui.widgets.overview_page - INFO - Overview page refreshed successfully
2025-09-11 22:34:56,540 - ui.widgets.page_stack_manager - INFO - Refreshed page 'overview'
2025-09-11 22:35:01,507 - ui.widgets.overview_page - INFO - Overview page refreshed successfully
2025-09-11 22:35:01,508 - ui.widgets.page_stack_manager - INFO - Refreshed page 'overview'
2025-09-11 22:35:06,569 - ui.widgets.overview_page - INFO - Overview page refreshed successfully
2025-09-11 22:35:06,570 - ui.widgets.page_stack_manager - INFO - Refreshed page 'overview'
2025-09-11 22:35:11,558 - ui.widgets.overview_page - INFO - Overview page refreshed successfully
2025-09-11 22:35:11,561 - ui.widgets.page_stack_manager - INFO - Refreshed page 'overview'
2025-09-11 22:35:16,553 - ui.widgets.overview_page - INFO - Overview page refreshed successfully
2025-09-11 22:35:16,554 - ui.widgets.page_stack_manager - INFO - Refreshed page 'overview'
2025-09-11 22:35:21,530 - ui.widgets.overview_page - INFO - Overview page refreshed successfully
2025-09-11 22:35:21,530 - ui.widgets.page_stack_manager - INFO - Refreshed page 'overview'
2025-09-11 22:35:26,531 - ui.widgets.overview_page - INFO - Overview page refreshed successfully
2025-09-11 22:35:26,532 - ui.widgets.page_stack_manager - INFO - Refreshed page 'overview'
2025-09-11 22:35:31,500 - ui.widgets.overview_page - INFO - Overview page refreshed successfully
2025-09-11 22:35:31,500 - ui.widgets.page_stack_manager - INFO - Refreshed page 'overview'
2025-09-11 22:35:36,619 - ui.widgets.overview_page - INFO - Overview page refreshed successfully
2025-09-11 22:35:36,620 - ui.widgets.page_stack_manager - INFO - Refreshed page 'overview'
2025-09-11 22:35:41,549 - ui.widgets.overview_page - INFO - Overview page refreshed successfully
2025-09-11 22:35:41,550 - ui.widgets.page_stack_manager - INFO - Refreshed page 'overview'
2025-09-11 22:35:46,537 - ui.widgets.overview_page - INFO - Overview page refreshed successfully
2025-09-11 22:35:46,537 - ui.widgets.page_stack_manager - INFO - Refreshed page 'overview'
2025-09-11 22:35:51,532 - ui.widgets.overview_page - INFO - Overview page refreshed successfully
2025-09-11 22:35:51,532 - ui.widgets.page_stack_manager - INFO - Refreshed page 'overview'
2025-09-11 22:35:56,510 - ui.widgets.overview_page - INFO - Overview page refreshed successfully
2025-09-11 22:35:56,511 - ui.widgets.page_stack_manager - INFO - Refreshed page 'overview'
2025-09-11 22:36:01,502 - ui.widgets.overview_page - INFO - Overview page refreshed successfully
2025-09-11 22:36:01,502 - ui.widgets.page_stack_manager - INFO - Refreshed page 'overview'
2025-09-11 22:36:06,565 - ui.widgets.overview_page - INFO - Overview page refreshed successfully
2025-09-11 22:36:06,566 - ui.widgets.page_stack_manager - INFO - Refreshed page 'overview'
2025-09-11 22:36:11,501 - ui.widgets.overview_page - INFO - Overview page refreshed successfully
2025-09-11 22:36:11,502 - ui.widgets.page_stack_manager - INFO - Refreshed page 'overview'
2025-09-11 22:36:16,507 - ui.widgets.overview_page - INFO - Overview page refreshed successfully
2025-09-11 22:36:16,507 - ui.widgets.page_stack_manager - INFO - Refreshed page 'overview'
2025-09-11 22:36:21,520 - ui.widgets.overview_page - INFO - Overview page refreshed successfully
2025-09-11 22:36:21,521 - ui.widgets.page_stack_manager - INFO - Refreshed page 'overview'
2025-09-11 22:36:26,563 - ui.widgets.overview_page - INFO - Overview page refreshed successfully
2025-09-11 22:36:26,563 - ui.widgets.page_stack_manager - INFO - Refreshed page 'overview'
2025-09-11 22:36:31,531 - ui.widgets.overview_page - INFO - Overview page refreshed successfully
2025-09-11 22:36:31,532 - ui.widgets.page_stack_manager - INFO - Refreshed page 'overview'
2025-09-11 22:36:36,523 - ui.widgets.overview_page - INFO - Overview page refreshed successfully
2025-09-11 22:36:36,523 - ui.widgets.page_stack_manager - INFO - Refreshed page 'overview'
2025-09-11 22:36:41,584 - ui.widgets.overview_page - INFO - Overview page refreshed successfully
2025-09-11 22:36:41,585 - ui.widgets.page_stack_manager - INFO - Refreshed page 'overview'
2025-09-11 22:36:46,593 - ui.widgets.overview_page - INFO - Overview page refreshed successfully
2025-09-11 22:36:46,593 - ui.widgets.page_stack_manager - INFO - Refreshed page 'overview'
2025-09-11 22:36:51,532 - ui.widgets.overview_page - INFO - Overview page refreshed successfully
2025-09-11 22:36:51,533 - ui.widgets.page_stack_manager - INFO - Refreshed page 'overview'
2025-09-11 22:36:56,534 - ui.widgets.overview_page - INFO - Overview page refreshed successfully
2025-09-11 22:36:56,535 - ui.widgets.page_stack_manager - INFO - Refreshed page 'overview'
2025-09-11 22:37:01,524 - ui.widgets.overview_page - INFO - Overview page refreshed successfully
2025-09-11 22:37:01,532 - ui.widgets.page_stack_manager - INFO - Refreshed page 'overview'
2025-09-11 22:37:06,616 - ui.widgets.overview_page - INFO - Overview page refreshed successfully
2025-09-11 22:37:06,617 - ui.widgets.page_stack_manager - INFO - Refreshed page 'overview'
2025-09-11 22:37:11,910 - ui.widgets.overview_page - INFO - Overview page refreshed successfully
2025-09-11 22:37:11,911 - ui.widgets.page_stack_manager - INFO - Refreshed page 'overview'
2025-09-11 22:37:16,531 - ui.widgets.overview_page - INFO - Overview page refreshed successfully
2025-09-11 22:37:16,532 - ui.widgets.page_stack_manager - INFO - Refreshed page 'overview'
2025-09-11 22:37:21,532 - ui.widgets.overview_page - INFO - Overview page refreshed successfully
2025-09-11 22:37:21,533 - ui.widgets.page_stack_manager - INFO - Refreshed page 'overview'
2025-09-11 22:37:26,531 - ui.widgets.overview_page - INFO - Overview page refreshed successfully
2025-09-11 22:37:26,531 - ui.widgets.page_stack_manager - INFO - Refreshed page 'overview'
2025-09-11 22:37:31,560 - ui.widgets.overview_page - INFO - Overview page refreshed successfully
2025-09-11 22:37:31,560 - ui.widgets.page_stack_manager - INFO - Refreshed page 'overview'
2025-09-11 22:37:36,547 - ui.widgets.overview_page - INFO - Overview page refreshed successfully
2025-09-11 22:37:36,548 - ui.widgets.page_stack_manager - INFO - Refreshed page 'overview'
2025-09-11 22:37:41,549 - ui.widgets.overview_page - INFO - Overview page refreshed successfully
2025-09-11 22:37:41,550 - ui.widgets.page_stack_manager - INFO - Refreshed page 'overview'
2025-09-11 22:37:46,534 - ui.widgets.overview_page - INFO - Overview page refreshed successfully
2025-09-11 22:37:46,535 - ui.widgets.page_stack_manager - INFO - Refreshed page 'overview'
2025-09-11 22:37:51,525 - ui.widgets.overview_page - INFO - Overview page refreshed successfully
2025-09-11 22:37:51,526 - ui.widgets.page_stack_manager - INFO - Refreshed page 'overview'
2025-09-11 22:37:56,886 - ui.widgets.overview_page - INFO - Overview page refreshed successfully
2025-09-11 22:37:56,886 - ui.widgets.page_stack_manager - INFO - Refreshed page 'overview'
2025-09-11 22:38:01,531 - ui.widgets.overview_page - INFO - Overview page refreshed successfully
2025-09-11 22:38:01,531 - ui.widgets.page_stack_manager - INFO - Refreshed page 'overview'
2025-09-11 22:38:06,534 - ui.widgets.overview_page - INFO - Overview page refreshed successfully
2025-09-11 22:38:06,534 - ui.widgets.page_stack_manager - INFO - Refreshed page 'overview'
2025-09-11 22:38:11,524 - ui.widgets.overview_page - INFO - Overview page refreshed successfully
2025-09-11 22:38:11,525 - ui.widgets.page_stack_manager - INFO - Refreshed page 'overview'
2025-09-11 22:38:16,574 - ui.widgets.overview_page - INFO - Overview page refreshed successfully
2025-09-11 22:38:16,576 - ui.widgets.page_stack_manager - INFO - Refreshed page 'overview'
2025-09-11 22:38:21,521 - ui.widgets.overview_page - INFO - Overview page refreshed successfully
2025-09-11 22:38:21,524 - ui.widgets.page_stack_manager - INFO - Refreshed page 'overview'
2025-09-11 22:38:26,546 - ui.widgets.overview_page - INFO - Overview page refreshed successfully
2025-09-11 22:38:26,547 - ui.widgets.page_stack_manager - INFO - Refreshed page 'overview'
2025-09-11 22:38:31,714 - ui.widgets.overview_page - INFO - Overview page refreshed successfully
2025-09-11 22:38:31,714 - ui.widgets.page_stack_manager - INFO - Refreshed page 'overview'
2025-09-11 22:38:36,506 - ui.widgets.overview_page - INFO - Overview page refreshed successfully
2025-09-11 22:38:36,507 - ui.widgets.page_stack_manager - INFO - Refreshed page 'overview'
2025-09-11 22:38:41,815 - ui.widgets.overview_page - INFO - Overview page refreshed successfully
2025-09-11 22:38:41,819 - ui.widgets.page_stack_manager - INFO - Refreshed page 'overview'
2025-09-11 22:38:46,555 - ui.widgets.overview_page - INFO - Overview page refreshed successfully
2025-09-11 22:38:46,555 - ui.widgets.page_stack_manager - INFO - Refreshed page 'overview'
2025-09-11 22:38:51,525 - ui.widgets.overview_page - INFO - Overview page refreshed successfully
2025-09-11 22:38:51,526 - ui.widgets.page_stack_manager - INFO - Refreshed page 'overview'
2025-09-11 22:38:56,536 - ui.widgets.overview_page - INFO - Overview page refreshed successfully
2025-09-11 22:38:56,536 - ui.widgets.page_stack_manager - INFO - Refreshed page 'overview'
2025-09-11 22:39:01,557 - ui.widgets.overview_page - INFO - Overview page refreshed successfully
2025-09-11 22:39:01,558 - ui.widgets.page_stack_manager - INFO - Refreshed page 'overview'
2025-09-11 22:39:06,607 - ui.widgets.overview_page - INFO - Overview page refreshed successfully
2025-09-11 22:39:06,608 - ui.widgets.page_stack_manager - INFO - Refreshed page 'overview'
2025-09-11 22:39:11,557 - ui.widgets.overview_page - INFO - Overview page refreshed successfully
2025-09-11 22:39:11,557 - ui.widgets.page_stack_manager - INFO - Refreshed page 'overview'
2025-09-11 22:39:16,554 - ui.widgets.overview_page - INFO - Overview page refreshed successfully
2025-09-11 22:39:16,556 - ui.widgets.page_stack_manager - INFO - Refreshed page 'overview'
2025-09-11 22:39:21,518 - ui.widgets.overview_page - INFO - Overview page refreshed successfully
2025-09-11 22:39:21,519 - ui.widgets.page_stack_manager - INFO - Refreshed page 'overview'
2025-09-11 22:39:26,530 - ui.widgets.overview_page - INFO - Overview page refreshed successfully
2025-09-11 22:39:26,530 - ui.widgets.page_stack_manager - INFO - Refreshed page 'overview'
2025-09-11 22:39:31,563 - ui.widgets.overview_page - INFO - Overview page refreshed successfully
2025-09-11 22:39:31,563 - ui.widgets.page_stack_manager - INFO - Refreshed page 'overview'
2025-09-11 22:39:36,568 - ui.widgets.overview_page - INFO - Overview page refreshed successfully
2025-09-11 22:39:36,570 - ui.widgets.page_stack_manager - INFO - Refreshed page 'overview'
2025-09-11 22:39:41,553 - ui.widgets.overview_page - INFO - Overview page refreshed successfully
2025-09-11 22:39:41,553 - ui.widgets.page_stack_manager - INFO - Refreshed page 'overview'
2025-09-11 22:39:46,641 - ui.widgets.overview_page - INFO - Overview page refreshed successfully
2025-09-11 22:39:46,641 - ui.widgets.page_stack_manager - INFO - Refreshed page 'overview'
2025-09-11 22:39:51,535 - ui.widgets.overview_page - INFO - Overview page refreshed successfully
2025-09-11 22:39:51,536 - ui.widgets.page_stack_manager - INFO - Refreshed page 'overview'
2025-09-11 22:39:56,551 - ui.widgets.overview_page - INFO - Overview page refreshed successfully
2025-09-11 22:39:56,552 - ui.widgets.page_stack_manager - INFO - Refreshed page 'overview'
2025-09-11 22:40:01,621 - ui.widgets.overview_page - INFO - Overview page refreshed successfully
2025-09-11 22:40:01,621 - ui.widgets.page_stack_manager - INFO - Refreshed page 'overview'
2025-09-11 22:40:06,533 - ui.widgets.overview_page - INFO - Overview page refreshed successfully
2025-09-11 22:40:06,534 - ui.widgets.page_stack_manager - INFO - Refreshed page 'overview'
2025-09-11 22:40:11,531 - ui.widgets.overview_page - INFO - Overview page refreshed successfully
2025-09-11 22:40:11,531 - ui.widgets.page_stack_manager - INFO - Refreshed page 'overview'
2025-09-11 22:40:16,523 - ui.widgets.overview_page - INFO - Overview page refreshed successfully
2025-09-11 22:40:16,524 - ui.widgets.page_stack_manager - INFO - Refreshed page 'overview'
2025-09-11 22:40:21,551 - ui.widgets.overview_page - INFO - Overview page refreshed successfully
2025-09-11 22:40:21,552 - ui.widgets.page_stack_manager - INFO - Refreshed page 'overview'
2025-09-11 22:40:26,527 - ui.widgets.overview_page - INFO - Overview page refreshed successfully
2025-09-11 22:40:26,527 - ui.widgets.page_stack_manager - INFO - Refreshed page 'overview'
2025-09-11 22:40:31,537 - ui.widgets.overview_page - INFO - Overview page refreshed successfully
2025-09-11 22:40:31,537 - ui.widgets.page_stack_manager - INFO - Refreshed page 'overview'
2025-09-11 22:40:36,546 - ui.widgets.overview_page - INFO - Overview page refreshed successfully
2025-09-11 22:40:36,547 - ui.widgets.page_stack_manager - INFO - Refreshed page 'overview'
2025-09-11 22:40:41,711 - ui.widgets.overview_page - INFO - Overview page refreshed successfully
2025-09-11 22:40:41,715 - ui.widgets.page_stack_manager - INFO - Refreshed page 'overview'
2025-09-11 22:40:46,524 - ui.widgets.overview_page - INFO - Overview page refreshed successfully
2025-09-11 22:40:46,525 - ui.widgets.page_stack_manager - INFO - Refreshed page 'overview'
2025-09-11 22:40:51,531 - ui.widgets.overview_page - INFO - Overview page refreshed successfully
2025-09-11 22:40:51,532 - ui.widgets.page_stack_manager - INFO - Refreshed page 'overview'
2025-09-11 22:40:56,521 - ui.widgets.overview_page - INFO - Overview page refreshed successfully
2025-09-11 22:40:56,521 - ui.widgets.page_stack_manager - INFO - Refreshed page 'overview'
2025-09-11 22:41:01,523 - ui.widgets.overview_page - INFO - Overview page refreshed successfully
2025-09-11 22:41:01,523 - ui.widgets.page_stack_manager - INFO - Refreshed page 'overview'
2025-09-11 22:41:06,542 - ui.widgets.overview_page - INFO - Overview page refreshed successfully
2025-09-11 22:41:06,543 - ui.widgets.page_stack_manager - INFO - Refreshed page 'overview'
2025-09-11 22:41:11,517 - ui.widgets.overview_page - INFO - Overview page refreshed successfully
2025-09-11 22:41:11,517 - ui.widgets.page_stack_manager - INFO - Refreshed page 'overview'
2025-09-11 22:41:16,504 - ui.widgets.overview_page - INFO - Overview page refreshed successfully
2025-09-11 22:41:16,504 - ui.widgets.page_stack_manager - INFO - Refreshed page 'overview'
2025-09-11 22:41:21,517 - ui.widgets.overview_page - INFO - Overview page refreshed successfully
2025-09-11 22:41:21,517 - ui.widgets.page_stack_manager - INFO - Refreshed page 'overview'
2025-09-11 22:41:26,566 - ui.widgets.overview_page - INFO - Overview page refreshed successfully
2025-09-11 22:41:26,566 - ui.widgets.page_stack_manager - INFO - Refreshed page 'overview'
2025-09-11 22:41:31,573 - ui.widgets.overview_page - INFO - Overview page refreshed successfully
2025-09-11 22:41:31,574 - ui.widgets.page_stack_manager - INFO - Refreshed page 'overview'
2025-09-11 22:41:36,597 - ui.widgets.overview_page - INFO - Overview page refreshed successfully
2025-09-11 22:41:36,599 - ui.widgets.page_stack_manager - INFO - Refreshed page 'overview'
2025-09-11 22:41:41,535 - ui.widgets.overview_page - INFO - Overview page refreshed successfully
2025-09-11 22:41:41,536 - ui.widgets.page_stack_manager - INFO - Refreshed page 'overview'
2025-09-11 22:41:46,572 - ui.widgets.overview_page - INFO - Overview page refreshed successfully
2025-09-11 22:41:46,574 - ui.widgets.page_stack_manager - INFO - Refreshed page 'overview'
2025-09-11 22:41:51,519 - ui.widgets.overview_page - INFO - Overview page refreshed successfully
2025-09-11 22:41:51,520 - ui.widgets.page_stack_manager - INFO - Refreshed page 'overview'
2025-09-11 22:41:56,520 - ui.widgets.overview_page - INFO - Overview page refreshed successfully
2025-09-11 22:41:56,521 - ui.widgets.page_stack_manager - INFO - Refreshed page 'overview'
2025-09-11 22:42:01,640 - ui.widgets.overview_page - INFO - Overview page refreshed successfully
2025-09-11 22:42:01,641 - ui.widgets.page_stack_manager - INFO - Refreshed page 'overview'
2025-09-11 22:42:06,552 - ui.widgets.overview_page - INFO - Overview page refreshed successfully
2025-09-11 22:42:06,553 - ui.widgets.page_stack_manager - INFO - Refreshed page 'overview'
2025-09-11 22:42:11,542 - ui.widgets.overview_page - INFO - Overview page refreshed successfully
2025-09-11 22:42:11,545 - ui.widgets.page_stack_manager - INFO - Refreshed page 'overview'
2025-09-11 22:42:16,589 - ui.widgets.overview_page - INFO - Overview page refreshed successfully
2025-09-11 22:42:16,589 - ui.widgets.page_stack_manager - INFO - Refreshed page 'overview'
2025-09-11 22:42:21,520 - ui.widgets.overview_page - INFO - Overview page refreshed successfully
2025-09-11 22:42:21,521 - ui.widgets.page_stack_manager - INFO - Refreshed page 'overview'
2025-09-11 22:42:26,544 - ui.widgets.overview_page - INFO - Overview page refreshed successfully
2025-09-11 22:42:26,545 - ui.widgets.page_stack_manager - INFO - Refreshed page 'overview'
2025-09-11 22:42:31,505 - ui.widgets.overview_page - INFO - Overview page refreshed successfully
2025-09-11 22:42:31,505 - ui.widgets.page_stack_manager - INFO - Refreshed page 'overview'
2025-09-11 22:42:36,550 - ui.widgets.overview_page - INFO - Overview page refreshed successfully
2025-09-11 22:42:36,551 - ui.widgets.page_stack_manager - INFO - Refreshed page 'overview'
2025-09-11 22:42:41,552 - ui.widgets.overview_page - INFO - Overview page refreshed successfully
2025-09-11 22:42:41,553 - ui.widgets.page_stack_manager - INFO - Refreshed page 'overview'
2025-09-11 22:42:46,721 - ui.widgets.overview_page - INFO - Overview page refreshed successfully
2025-09-11 22:42:46,722 - ui.widgets.page_stack_manager - INFO - Refreshed page 'overview'
2025-09-11 22:42:51,588 - ui.widgets.overview_page - INFO - Overview page refreshed successfully
2025-09-11 22:42:51,588 - ui.widgets.page_stack_manager - INFO - Refreshed page 'overview'
2025-09-11 22:42:56,537 - ui.widgets.overview_page - INFO - Overview page refreshed successfully
2025-09-11 22:42:56,538 - ui.widgets.page_stack_manager - INFO - Refreshed page 'overview'
2025-09-11 22:43:01,770 - ui.widgets.overview_page - INFO - Overview page refreshed successfully
2025-09-11 22:43:01,770 - ui.widgets.page_stack_manager - INFO - Refreshed page 'overview'
2025-09-11 22:43:06,541 - ui.widgets.overview_page - INFO - Overview page refreshed successfully
2025-09-11 22:43:06,541 - ui.widgets.page_stack_manager - INFO - Refreshed page 'overview'
2025-09-11 22:43:11,548 - ui.widgets.overview_page - INFO - Overview page refreshed successfully
2025-09-11 22:43:11,550 - ui.widgets.page_stack_manager - INFO - Refreshed page 'overview'
2025-09-11 22:43:16,543 - ui.widgets.overview_page - INFO - Overview page refreshed successfully
2025-09-11 22:43:16,544 - ui.widgets.page_stack_manager - INFO - Refreshed page 'overview'
2025-09-11 22:43:21,546 - ui.widgets.overview_page - INFO - Overview page refreshed successfully
2025-09-11 22:43:21,546 - ui.widgets.page_stack_manager - INFO - Refreshed page 'overview'
2025-09-11 22:43:26,531 - ui.widgets.overview_page - INFO - Overview page refreshed successfully
2025-09-11 22:43:26,531 - ui.widgets.page_stack_manager - INFO - Refreshed page 'overview'
2025-09-11 22:43:31,580 - ui.widgets.overview_page - INFO - Overview page refreshed successfully
2025-09-11 22:43:31,580 - ui.widgets.page_stack_manager - INFO - Refreshed page 'overview'
2025-09-11 22:43:36,542 - ui.widgets.overview_page - INFO - Overview page refreshed successfully
2025-09-11 22:43:36,542 - ui.widgets.page_stack_manager - INFO - Refreshed page 'overview'
2025-09-11 22:43:41,547 - ui.widgets.overview_page - INFO - Overview page refreshed successfully
2025-09-11 22:43:41,548 - ui.widgets.page_stack_manager - INFO - Refreshed page 'overview'
2025-09-11 22:43:46,531 - ui.widgets.overview_page - INFO - Overview page refreshed successfully
2025-09-11 22:43:46,532 - ui.widgets.page_stack_manager - INFO - Refreshed page 'overview'
2025-09-11 22:43:51,550 - ui.widgets.overview_page - INFO - Overview page refreshed successfully
2025-09-11 22:43:51,552 - ui.widgets.page_stack_manager - INFO - Refreshed page 'overview'
2025-09-11 22:43:56,539 - ui.widgets.overview_page - INFO - Overview page refreshed successfully
2025-09-11 22:43:56,540 - ui.widgets.page_stack_manager - INFO - Refreshed page 'overview'
2025-09-11 22:44:01,631 - ui.widgets.overview_page - INFO - Overview page refreshed successfully
2025-09-11 22:44:01,632 - ui.widgets.page_stack_manager - INFO - Refreshed page 'overview'
2025-09-11 22:44:06,537 - ui.widgets.overview_page - INFO - Overview page refreshed successfully
2025-09-11 22:44:06,537 - ui.widgets.page_stack_manager - INFO - Refreshed page 'overview'
2025-09-11 22:44:11,529 - ui.widgets.overview_page - INFO - Overview page refreshed successfully
2025-09-11 22:44:11,530 - ui.widgets.page_stack_manager - INFO - Refreshed page 'overview'
2025-09-11 22:44:16,526 - ui.widgets.overview_page - INFO - Overview page refreshed successfully
2025-09-11 22:44:16,527 - ui.widgets.page_stack_manager - INFO - Refreshed page 'overview'
2025-09-11 22:44:21,585 - ui.widgets.overview_page - INFO - Overview page refreshed successfully
2025-09-11 22:44:21,586 - ui.widgets.page_stack_manager - INFO - Refreshed page 'overview'
2025-09-11 22:44:26,591 - ui.widgets.overview_page - INFO - Overview page refreshed successfully
2025-09-11 22:44:26,612 - ui.widgets.page_stack_manager - INFO - Refreshed page 'overview'
2025-09-11 22:44:31,511 - ui.widgets.overview_page - INFO - Overview page refreshed successfully
2025-09-11 22:44:31,511 - ui.widgets.page_stack_manager - INFO - Refreshed page 'overview'
2025-09-11 22:44:36,552 - ui.widgets.overview_page - INFO - Overview page refreshed successfully
2025-09-11 22:44:36,553 - ui.widgets.page_stack_manager - INFO - Refreshed page 'overview'
2025-09-11 22:44:41,572 - ui.widgets.overview_page - INFO - Overview page refreshed successfully
2025-09-11 22:44:41,572 - ui.widgets.page_stack_manager - INFO - Refreshed page 'overview'
2025-09-11 22:44:46,555 - ui.widgets.overview_page - INFO - Overview page refreshed successfully
2025-09-11 22:44:46,555 - ui.widgets.page_stack_manager - INFO - Refreshed page 'overview'
2025-09-11 22:44:51,534 - ui.widgets.overview_page - INFO - Overview page refreshed successfully
2025-09-11 22:44:51,535 - ui.widgets.page_stack_manager - INFO - Refreshed page 'overview'
2025-09-11 22:44:56,508 - ui.widgets.overview_page - INFO - Overview page refreshed successfully
2025-09-11 22:44:56,508 - ui.widgets.page_stack_manager - INFO - Refreshed page 'overview'
2025-09-11 22:45:03,849 - ui.widgets.overview_page - INFO - Overview page refreshed successfully
2025-09-11 22:45:03,849 - ui.widgets.page_stack_manager - INFO - Refreshed page 'overview'
2025-09-11 22:45:06,515 - ui.widgets.overview_page - INFO - Overview page refreshed successfully
2025-09-11 22:45:06,516 - ui.widgets.page_stack_manager - INFO - Refreshed page 'overview'
2025-09-11 22:45:11,545 - ui.widgets.overview_page - INFO - Overview page refreshed successfully
2025-09-11 22:45:11,545 - ui.widgets.page_stack_manager - INFO - Refreshed page 'overview'
2025-09-11 22:45:16,522 - ui.widgets.overview_page - INFO - Overview page refreshed successfully
2025-09-11 22:45:16,523 - ui.widgets.page_stack_manager - INFO - Refreshed page 'overview'
2025-09-11 22:45:21,528 - ui.widgets.overview_page - INFO - Overview page refreshed successfully
2025-09-11 22:45:21,532 - ui.widgets.page_stack_manager - INFO - Refreshed page 'overview'
2025-09-11 22:45:26,520 - ui.widgets.overview_page - INFO - Overview page refreshed successfully
2025-09-11 22:45:26,521 - ui.widgets.page_stack_manager - INFO - Refreshed page 'overview'
2025-09-11 22:45:31,511 - ui.widgets.overview_page - INFO - Overview page refreshed successfully
2025-09-11 22:45:31,513 - ui.widgets.page_stack_manager - INFO - Refreshed page 'overview'
2025-09-11 22:45:36,609 - ui.widgets.overview_page - INFO - Overview page refreshed successfully
2025-09-11 22:45:36,612 - ui.widgets.page_stack_manager - INFO - Refreshed page 'overview'
2025-09-11 22:45:41,529 - ui.widgets.overview_page - INFO - Overview page refreshed successfully
2025-09-11 22:45:41,530 - ui.widgets.page_stack_manager - INFO - Refreshed page 'overview'
2025-09-11 22:45:46,568 - ui.widgets.overview_page - INFO - Overview page refreshed successfully
2025-09-11 22:45:46,576 - ui.widgets.page_stack_manager - INFO - Refreshed page 'overview'
2025-09-11 22:45:51,602 - ui.widgets.overview_page - INFO - Overview page refreshed successfully
2025-09-11 22:45:51,604 - ui.widgets.page_stack_manager - INFO - Refreshed page 'overview'
2025-09-11 22:45:56,544 - ui.widgets.overview_page - INFO - Overview page refreshed successfully
2025-09-11 22:45:56,545 - ui.widgets.page_stack_manager - INFO - Refreshed page 'overview'
2025-09-11 22:46:01,643 - ui.widgets.overview_page - INFO - Overview page refreshed successfully
2025-09-11 22:46:01,645 - ui.widgets.page_stack_manager - INFO - Refreshed page 'overview'
2025-09-11 22:46:06,541 - ui.widgets.overview_page - INFO - Overview page refreshed successfully
2025-09-11 22:46:06,544 - ui.widgets.page_stack_manager - INFO - Refreshed page 'overview'
2025-09-11 22:46:11,540 - ui.widgets.overview_page - INFO - Overview page refreshed successfully
2025-09-11 22:46:11,540 - ui.widgets.page_stack_manager - INFO - Refreshed page 'overview'
2025-09-11 22:46:16,560 - ui.widgets.overview_page - INFO - Overview page refreshed successfully
2025-09-11 22:46:16,562 - ui.widgets.page_stack_manager - INFO - Refreshed page 'overview'
2025-09-11 22:46:21,546 - ui.widgets.overview_page - INFO - Overview page refreshed successfully
2025-09-11 22:46:21,546 - ui.widgets.page_stack_manager - INFO - Refreshed page 'overview'
2025-09-11 22:46:26,574 - ui.widgets.overview_page - INFO - Overview page refreshed successfully
2025-09-11 22:46:26,575 - ui.widgets.page_stack_manager - INFO - Refreshed page 'overview'
2025-09-11 22:46:31,524 - ui.widgets.overview_page - INFO - Overview page refreshed successfully
2025-09-11 22:46:31,525 - ui.widgets.page_stack_manager - INFO - Refreshed page 'overview'
2025-09-11 22:46:36,530 - ui.widgets.overview_page - INFO - Overview page refreshed successfully
2025-09-11 22:46:36,530 - ui.widgets.page_stack_manager - INFO - Refreshed page 'overview'
2025-09-11 22:46:41,593 - ui.widgets.overview_page - INFO - Overview page refreshed successfully
2025-09-11 22:46:41,593 - ui.widgets.page_stack_manager - INFO - Refreshed page 'overview'
2025-09-11 22:46:46,552 - ui.widgets.overview_page - INFO - Overview page refreshed successfully
2025-09-11 22:46:46,553 - ui.widgets.page_stack_manager - INFO - Refreshed page 'overview'
2025-09-11 22:46:51,539 - ui.widgets.overview_page - INFO - Overview page refreshed successfully
2025-09-11 22:46:51,540 - ui.widgets.page_stack_manager - INFO - Refreshed page 'overview'
2025-09-11 22:46:56,547 - ui.widgets.overview_page - INFO - Overview page refreshed successfully
2025-09-11 22:46:56,547 - ui.widgets.page_stack_manager - INFO - Refreshed page 'overview'
2025-09-11 22:47:01,547 - ui.widgets.overview_page - INFO - Overview page refreshed successfully
2025-09-11 22:47:01,548 - ui.widgets.page_stack_manager - INFO - Refreshed page 'overview'
2025-09-11 22:47:06,597 - ui.widgets.overview_page - INFO - Overview page refreshed successfully
2025-09-11 22:47:06,597 - ui.widgets.page_stack_manager - INFO - Refreshed page 'overview'
2025-09-11 22:47:11,564 - ui.widgets.overview_page - INFO - Overview page refreshed successfully
2025-09-11 22:47:11,565 - ui.widgets.page_stack_manager - INFO - Refreshed page 'overview'
2025-09-11 22:47:16,556 - ui.widgets.overview_page - INFO - Overview page refreshed successfully
2025-09-11 22:47:16,557 - ui.widgets.page_stack_manager - INFO - Refreshed page 'overview'
2025-09-11 22:47:21,569 - ui.widgets.overview_page - INFO - Overview page refreshed successfully
2025-09-11 22:47:21,569 - ui.widgets.page_stack_manager - INFO - Refreshed page 'overview'
2025-09-11 22:47:26,545 - ui.widgets.overview_page - INFO - Overview page refreshed successfully
2025-09-11 22:47:26,551 - ui.widgets.page_stack_manager - INFO - Refreshed page 'overview'
2025-09-11 22:47:31,522 - ui.widgets.overview_page - INFO - Overview page refreshed successfully
2025-09-11 22:47:31,522 - ui.widgets.page_stack_manager - INFO - Refreshed page 'overview'
2025-09-11 22:47:36,519 - ui.widgets.overview_page - INFO - Overview page refreshed successfully
2025-09-11 22:47:36,520 - ui.widgets.page_stack_manager - INFO - Refreshed page 'overview'
2025-09-11 22:47:41,518 - ui.widgets.overview_page - INFO - Overview page refreshed successfully
2025-09-11 22:47:41,522 - ui.widgets.page_stack_manager - INFO - Refreshed page 'overview'
2025-09-11 22:47:46,546 - ui.widgets.overview_page - INFO - Overview page refreshed successfully
2025-09-11 22:47:46,547 - ui.widgets.page_stack_manager - INFO - Refreshed page 'overview'
2025-09-11 22:47:51,525 - ui.widgets.overview_page - INFO - Overview page refreshed successfully
2025-09-11 22:47:51,526 - ui.widgets.page_stack_manager - INFO - Refreshed page 'overview'
2025-09-11 22:47:56,547 - ui.widgets.overview_page - INFO - Overview page refreshed successfully
2025-09-11 22:47:56,547 - ui.widgets.page_stack_manager - INFO - Refreshed page 'overview'
2025-09-11 22:48:01,522 - ui.widgets.overview_page - INFO - Overview page refreshed successfully
2025-09-11 22:48:01,523 - ui.widgets.page_stack_manager - INFO - Refreshed page 'overview'
2025-09-11 22:48:06,583 - ui.widgets.overview_page - INFO - Overview page refreshed successfully
2025-09-11 22:48:06,583 - ui.widgets.page_stack_manager - INFO - Refreshed page 'overview'
2025-09-11 22:48:11,554 - ui.widgets.overview_page - INFO - Overview page refreshed successfully
2025-09-11 22:48:11,567 - ui.widgets.page_stack_manager - INFO - Refreshed page 'overview'
2025-09-11 22:48:16,518 - ui.widgets.overview_page - INFO - Overview page refreshed successfully
2025-09-11 22:48:16,518 - ui.widgets.page_stack_manager - INFO - Refreshed page 'overview'
2025-09-11 22:48:21,537 - ui.widgets.overview_page - INFO - Overview page refreshed successfully
2025-09-11 22:48:21,538 - ui.widgets.page_stack_manager - INFO - Refreshed page 'overview'
2025-09-11 22:48:26,656 - ui.widgets.overview_page - INFO - Overview page refreshed successfully
2025-09-11 22:48:26,656 - ui.widgets.page_stack_manager - INFO - Refreshed page 'overview'
2025-09-11 22:48:31,537 - ui.widgets.overview_page - INFO - Overview page refreshed successfully
2025-09-11 22:48:31,537 - ui.widgets.page_stack_manager - INFO - Refreshed page 'overview'
2025-09-11 22:48:36,529 - ui.widgets.overview_page - INFO - Overview page refreshed successfully
2025-09-11 22:48:36,530 - ui.widgets.page_stack_manager - INFO - Refreshed page 'overview'
2025-09-11 22:48:41,550 - ui.widgets.overview_page - INFO - Overview page refreshed successfully
2025-09-11 22:48:41,551 - ui.widgets.page_stack_manager - INFO - Refreshed page 'overview'
2025-09-11 22:48:46,714 - ui.widgets.overview_page - INFO - Overview page refreshed successfully
2025-09-11 22:48:46,715 - ui.widgets.page_stack_manager - INFO - Refreshed page 'overview'
2025-09-11 22:48:51,517 - ui.widgets.overview_page - INFO - Overview page refreshed successfully
2025-09-11 22:48:51,517 - ui.widgets.page_stack_manager - INFO - Refreshed page 'overview'
2025-09-11 22:48:56,545 - ui.widgets.overview_page - INFO - Overview page refreshed successfully
2025-09-11 22:48:56,546 - ui.widgets.page_stack_manager - INFO - Refreshed page 'overview'
2025-09-11 22:49:01,540 - ui.widgets.overview_page - INFO - Overview page refreshed successfully
2025-09-11 22:49:01,541 - ui.widgets.page_stack_manager - INFO - Refreshed page 'overview'
2025-09-11 22:49:06,525 - ui.widgets.overview_page - INFO - Overview page refreshed successfully
2025-09-11 22:49:06,525 - ui.widgets.page_stack_manager - INFO - Refreshed page 'overview'
2025-09-11 22:49:11,524 - ui.widgets.overview_page - INFO - Overview page refreshed successfully
2025-09-11 22:49:11,525 - ui.widgets.page_stack_manager - INFO - Refreshed page 'overview'
2025-09-11 22:49:16,532 - ui.widgets.overview_page - INFO - Overview page refreshed successfully
2025-09-11 22:49:16,532 - ui.widgets.page_stack_manager - INFO - Refreshed page 'overview'
2025-09-11 22:49:21,562 - ui.widgets.overview_page - INFO - Overview page refreshed successfully
2025-09-11 22:49:21,564 - ui.widgets.page_stack_manager - INFO - Refreshed page 'overview'
2025-09-11 22:49:26,632 - ui.widgets.overview_page - INFO - Overview page refreshed successfully
2025-09-11 22:49:26,632 - ui.widgets.page_stack_manager - INFO - Refreshed page 'overview'
2025-09-11 22:49:31,572 - ui.widgets.overview_page - INFO - Overview page refreshed successfully
2025-09-11 22:49:31,573 - ui.widgets.page_stack_manager - INFO - Refreshed page 'overview'
2025-09-11 22:49:36,527 - ui.widgets.overview_page - INFO - Overview page refreshed successfully
2025-09-11 22:49:36,527 - ui.widgets.page_stack_manager - INFO - Refreshed page 'overview'
2025-09-11 22:49:41,577 - ui.widgets.overview_page - INFO - Overview page refreshed successfully
2025-09-11 22:49:41,579 - ui.widgets.page_stack_manager - INFO - Refreshed page 'overview'
2025-09-11 22:49:46,562 - ui.widgets.overview_page - INFO - Overview page refreshed successfully
2025-09-11 22:49:46,562 - ui.widgets.page_stack_manager - INFO - Refreshed page 'overview'
2025-09-11 22:49:51,548 - ui.widgets.overview_page - INFO - Overview page refreshed successfully
2025-09-11 22:49:51,548 - ui.widgets.page_stack_manager - INFO - Refreshed page 'overview'
2025-09-11 22:49:56,520 - ui.widgets.overview_page - INFO - Overview page refreshed successfully
2025-09-11 22:49:56,524 - ui.widgets.page_stack_manager - INFO - Refreshed page 'overview'
2025-09-11 22:50:01,542 - ui.widgets.overview_page - INFO - Overview page refreshed successfully
2025-09-11 22:50:01,542 - ui.widgets.page_stack_manager - INFO - Refreshed page 'overview'
2025-09-11 22:50:06,499 - ui.widgets.overview_page - INFO - Overview page refreshed successfully
2025-09-11 22:50:06,499 - ui.widgets.page_stack_manager - INFO - Refreshed page 'overview'
2025-09-11 22:50:11,555 - ui.widgets.overview_page - INFO - Overview page refreshed successfully
2025-09-11 22:50:11,556 - ui.widgets.page_stack_manager - INFO - Refreshed page 'overview'
2025-09-11 22:50:16,559 - ui.widgets.overview_page - INFO - Overview page refreshed successfully
2025-09-11 22:50:16,560 - ui.widgets.page_stack_manager - INFO - Refreshed page 'overview'
2025-09-11 22:50:21,544 - ui.widgets.overview_page - INFO - Overview page refreshed successfully
2025-09-11 22:50:21,544 - ui.widgets.page_stack_manager - INFO - Refreshed page 'overview'
2025-09-11 22:50:26,534 - ui.widgets.overview_page - INFO - Overview page refreshed successfully
2025-09-11 22:50:26,535 - ui.widgets.page_stack_manager - INFO - Refreshed page 'overview'
2025-09-11 22:50:31,530 - ui.widgets.overview_page - INFO - Overview page refreshed successfully
2025-09-11 22:50:31,530 - ui.widgets.page_stack_manager - INFO - Refreshed page 'overview'
2025-09-11 22:50:36,600 - ui.widgets.overview_page - INFO - Overview page refreshed successfully
2025-09-11 22:50:36,601 - ui.widgets.page_stack_manager - INFO - Refreshed page 'overview'
2025-09-11 22:50:41,514 - ui.widgets.overview_page - INFO - Overview page refreshed successfully
2025-09-11 22:50:41,514 - ui.widgets.page_stack_manager - INFO - Refreshed page 'overview'
2025-09-11 22:50:46,570 - ui.widgets.overview_page - INFO - Overview page refreshed successfully
2025-09-11 22:50:46,570 - ui.widgets.page_stack_manager - INFO - Refreshed page 'overview'
2025-09-11 22:50:51,544 - ui.widgets.overview_page - INFO - Overview page refreshed successfully
2025-09-11 22:50:51,544 - ui.widgets.page_stack_manager - INFO - Refreshed page 'overview'
2025-09-11 22:50:56,570 - ui.widgets.overview_page - INFO - Overview page refreshed successfully
2025-09-11 22:50:56,570 - ui.widgets.page_stack_manager - INFO - Refreshed page 'overview'
2025-09-11 22:51:01,627 - ui.widgets.overview_page - INFO - Overview page refreshed successfully
2025-09-11 22:51:01,628 - ui.widgets.page_stack_manager - INFO - Refreshed page 'overview'
2025-09-11 22:51:06,549 - ui.widgets.overview_page - INFO - Overview page refreshed successfully
2025-09-11 22:51:06,549 - ui.widgets.page_stack_manager - INFO - Refreshed page 'overview'
2025-09-11 22:51:11,538 - ui.widgets.overview_page - INFO - Overview page refreshed successfully
2025-09-11 22:51:11,538 - ui.widgets.page_stack_manager - INFO - Refreshed page 'overview'
2025-09-11 22:51:16,529 - ui.widgets.overview_page - INFO - Overview page refreshed successfully
2025-09-11 22:51:16,534 - ui.widgets.page_stack_manager - INFO - Refreshed page 'overview'
2025-09-11 22:51:21,512 - ui.widgets.overview_page - INFO - Overview page refreshed successfully
2025-09-11 22:51:21,513 - ui.widgets.page_stack_manager - INFO - Refreshed page 'overview'
2025-09-11 22:51:26,510 - ui.widgets.overview_page - INFO - Overview page refreshed successfully
2025-09-11 22:51:26,510 - ui.widgets.page_stack_manager - INFO - Refreshed page 'overview'
2025-09-11 22:51:31,588 - ui.widgets.overview_page - INFO - Overview page refreshed successfully
2025-09-11 22:51:31,588 - ui.widgets.page_stack_manager - INFO - Refreshed page 'overview'
2025-09-11 22:51:36,598 - ui.widgets.overview_page - INFO - Overview page refreshed successfully
2025-09-11 22:51:36,599 - ui.widgets.page_stack_manager - INFO - Refreshed page 'overview'
2025-09-11 22:51:41,519 - ui.widgets.overview_page - INFO - Overview page refreshed successfully
2025-09-11 22:51:41,519 - ui.widgets.page_stack_manager - INFO - Refreshed page 'overview'
2025-09-11 22:51:46,532 - ui.widgets.overview_page - INFO - Overview page refreshed successfully
2025-09-11 22:51:46,533 - ui.widgets.page_stack_manager - INFO - Refreshed page 'overview'
2025-09-11 22:51:51,752 - ui.widgets.overview_page - INFO - Overview page refreshed successfully
2025-09-11 22:51:51,752 - ui.widgets.page_stack_manager - INFO - Refreshed page 'overview'
2025-09-11 22:51:56,578 - ui.widgets.overview_page - INFO - Overview page refreshed successfully
2025-09-11 22:51:56,578 - ui.widgets.page_stack_manager - INFO - Refreshed page 'overview'
2025-09-11 22:52:01,541 - ui.widgets.overview_page - INFO - Overview page refreshed successfully
2025-09-11 22:52:01,541 - ui.widgets.page_stack_manager - INFO - Refreshed page 'overview'
2025-09-11 22:52:06,533 - ui.widgets.overview_page - INFO - Overview page refreshed successfully
2025-09-11 22:52:06,534 - ui.widgets.page_stack_manager - INFO - Refreshed page 'overview'
2025-09-11 22:52:11,554 - ui.widgets.overview_page - INFO - Overview page refreshed successfully
2025-09-11 22:52:11,555 - ui.widgets.page_stack_manager - INFO - Refreshed page 'overview'
2025-09-11 22:52:16,554 - ui.widgets.overview_page - INFO - Overview page refreshed successfully
2025-09-11 22:52:16,555 - ui.widgets.page_stack_manager - INFO - Refreshed page 'overview'
2025-09-11 22:52:21,537 - ui.widgets.overview_page - INFO - Overview page refreshed successfully
2025-09-11 22:52:21,539 - ui.widgets.page_stack_manager - INFO - Refreshed page 'overview'
2025-09-11 22:52:26,530 - ui.widgets.overview_page - INFO - Overview page refreshed successfully
2025-09-11 22:52:26,530 - ui.widgets.page_stack_manager - INFO - Refreshed page 'overview'
2025-09-11 22:52:31,540 - ui.widgets.overview_page - INFO - Overview page refreshed successfully
2025-09-11 22:52:31,541 - ui.widgets.page_stack_manager - INFO - Refreshed page 'overview'
2025-09-11 22:52:36,560 - ui.widgets.overview_page - INFO - Overview page refreshed successfully
2025-09-11 22:52:36,560 - ui.widgets.page_stack_manager - INFO - Refreshed page 'overview'
2025-09-11 22:52:41,511 - ui.widgets.overview_page - INFO - Overview page refreshed successfully
2025-09-11 22:52:41,512 - ui.widgets.page_stack_manager - INFO - Refreshed page 'overview'
2025-09-11 22:52:46,556 - ui.widgets.overview_page - INFO - Overview page refreshed successfully
2025-09-11 22:52:46,556 - ui.widgets.page_stack_manager - INFO - Refreshed page 'overview'
2025-09-11 22:52:51,622 - ui.widgets.overview_page - INFO - Overview page refreshed successfully
2025-09-11 22:52:51,623 - ui.widgets.page_stack_manager - INFO - Refreshed page 'overview'
2025-09-11 22:52:56,531 - ui.widgets.overview_page - INFO - Overview page refreshed successfully
2025-09-11 22:52:56,531 - ui.widgets.page_stack_manager - INFO - Refreshed page 'overview'
2025-09-11 22:53:01,571 - ui.widgets.overview_page - INFO - Overview page refreshed successfully
2025-09-11 22:53:01,572 - ui.widgets.page_stack_manager - INFO - Refreshed page 'overview'
2025-09-11 22:53:06,562 - ui.widgets.overview_page - INFO - Overview page refreshed successfully
2025-09-11 22:53:06,564 - ui.widgets.page_stack_manager - INFO - Refreshed page 'overview'
2025-09-11 22:53:11,516 - ui.widgets.overview_page - INFO - Overview page refreshed successfully
2025-09-11 22:53:11,516 - ui.widgets.page_stack_manager - INFO - Refreshed page 'overview'
2025-09-11 22:53:16,512 - ui.widgets.overview_page - INFO - Overview page refreshed successfully
2025-09-11 22:53:16,512 - ui.widgets.page_stack_manager - INFO - Refreshed page 'overview'
2025-09-11 22:53:21,534 - ui.widgets.overview_page - INFO - Overview page refreshed successfully
2025-09-11 22:53:21,534 - ui.widgets.page_stack_manager - INFO - Refreshed page 'overview'
2025-09-11 22:53:26,553 - ui.widgets.overview_page - INFO - Overview page refreshed successfully
2025-09-11 22:53:26,553 - ui.widgets.page_stack_manager - INFO - Refreshed page 'overview'
2025-09-11 22:53:31,566 - ui.widgets.overview_page - INFO - Overview page refreshed successfully
2025-09-11 22:53:31,566 - ui.widgets.page_stack_manager - INFO - Refreshed page 'overview'
2025-09-11 22:53:36,546 - ui.widgets.overview_page - INFO - Overview page refreshed successfully
2025-09-11 22:53:36,547 - ui.widgets.page_stack_manager - INFO - Refreshed page 'overview'
2025-09-11 22:53:41,513 - ui.widgets.overview_page - INFO - Overview page refreshed successfully
2025-09-11 22:53:41,514 - ui.widgets.page_stack_manager - INFO - Refreshed page 'overview'
2025-09-11 22:53:46,568 - ui.widgets.overview_page - INFO - Overview page refreshed successfully
2025-09-11 22:53:46,569 - ui.widgets.page_stack_manager - INFO - Refreshed page 'overview'
2025-09-11 22:53:51,556 - ui.widgets.overview_page - INFO - Overview page refreshed successfully
2025-09-11 22:53:51,556 - ui.widgets.page_stack_manager - INFO - Refreshed page 'overview'
2025-09-11 22:53:56,513 - ui.widgets.overview_page - INFO - Overview page refreshed successfully
2025-09-11 22:53:56,513 - ui.widgets.page_stack_manager - INFO - Refreshed page 'overview'
2025-09-11 22:54:01,701 - ui.widgets.overview_page - INFO - Overview page refreshed successfully
2025-09-11 22:54:01,702 - ui.widgets.page_stack_manager - INFO - Refreshed page 'overview'
2025-09-11 22:54:06,548 - ui.widgets.overview_page - INFO - Overview page refreshed successfully
2025-09-11 22:54:06,549 - ui.widgets.page_stack_manager - INFO - Refreshed page 'overview'
2025-09-11 22:54:11,752 - ui.widgets.overview_page - INFO - Overview page refreshed successfully
2025-09-11 22:54:11,752 - ui.widgets.page_stack_manager - INFO - Refreshed page 'overview'
2025-09-11 22:54:16,520 - ui.widgets.overview_page - INFO - Overview page refreshed successfully
2025-09-11 22:54:16,521 - ui.widgets.page_stack_manager - INFO - Refreshed page 'overview'
2025-09-11 22:54:21,530 - ui.widgets.overview_page - INFO - Overview page refreshed successfully
2025-09-11 22:54:21,530 - ui.widgets.page_stack_manager - INFO - Refreshed page 'overview'
2025-09-11 22:54:26,531 - ui.widgets.overview_page - INFO - Overview page refreshed successfully
2025-09-11 22:54:26,531 - ui.widgets.page_stack_manager - INFO - Refreshed page 'overview'
2025-09-11 22:54:31,550 - ui.widgets.overview_page - INFO - Overview page refreshed successfully
2025-09-11 22:54:31,550 - ui.widgets.page_stack_manager - INFO - Refreshed page 'overview'
2025-09-11 22:54:36,546 - ui.widgets.overview_page - INFO - Overview page refreshed successfully
2025-09-11 22:54:36,546 - ui.widgets.page_stack_manager - INFO - Refreshed page 'overview'
2025-09-11 22:54:41,531 - ui.widgets.overview_page - INFO - Overview page refreshed successfully
2025-09-11 22:54:41,532 - ui.widgets.page_stack_manager - INFO - Refreshed page 'overview'
2025-09-11 22:54:46,547 - ui.widgets.overview_page - INFO - Overview page refreshed successfully
2025-09-11 22:54:46,547 - ui.widgets.page_stack_manager - INFO - Refreshed page 'overview'
2025-09-11 22:54:51,523 - ui.widgets.overview_page - INFO - Overview page refreshed successfully
2025-09-11 22:54:51,523 - ui.widgets.page_stack_manager - INFO - Refreshed page 'overview'
2025-09-11 22:54:56,564 - ui.widgets.overview_page - INFO - Overview page refreshed successfully
2025-09-11 22:54:56,565 - ui.widgets.page_stack_manager - INFO - Refreshed page 'overview'
2025-09-11 22:55:01,565 - ui.widgets.overview_page - INFO - Overview page refreshed successfully
2025-09-11 22:55:01,565 - ui.widgets.page_stack_manager - INFO - Refreshed page 'overview'
2025-09-11 22:55:06,608 - ui.widgets.overview_page - INFO - Overview page refreshed successfully
2025-09-11 22:55:06,610 - ui.widgets.page_stack_manager - INFO - Refreshed page 'overview'
2025-09-11 22:55:11,516 - ui.widgets.overview_page - INFO - Overview page refreshed successfully
2025-09-11 22:55:11,517 - ui.widgets.page_stack_manager - INFO - Refreshed page 'overview'
2025-09-11 22:55:16,561 - ui.widgets.overview_page - INFO - Overview page refreshed successfully
2025-09-11 22:55:16,561 - ui.widgets.page_stack_manager - INFO - Refreshed page 'overview'
2025-09-11 22:55:21,511 - ui.widgets.overview_page - INFO - Overview page refreshed successfully
2025-09-11 22:55:21,512 - ui.widgets.page_stack_manager - INFO - Refreshed page 'overview'
2025-09-11 22:55:26,537 - ui.widgets.overview_page - INFO - Overview page refreshed successfully
2025-09-11 22:55:26,537 - ui.widgets.page_stack_manager - INFO - Refreshed page 'overview'
2025-09-11 22:55:31,527 - ui.widgets.overview_page - INFO - Overview page refreshed successfully
2025-09-11 22:55:31,527 - ui.widgets.page_stack_manager - INFO - Refreshed page 'overview'
2025-09-11 22:55:36,566 - ui.widgets.overview_page - INFO - Overview page refreshed successfully
2025-09-11 22:55:36,566 - ui.widgets.page_stack_manager - INFO - Refreshed page 'overview'
2025-09-11 22:55:41,869 - ui.widgets.overview_page - INFO - Overview page refreshed successfully
2025-09-11 22:55:41,870 - ui.widgets.page_stack_manager - INFO - Refreshed page 'overview'
2025-09-11 22:55:46,557 - ui.widgets.overview_page - INFO - Overview page refreshed successfully
2025-09-11 22:55:46,558 - ui.widgets.page_stack_manager - INFO - Refreshed page 'overview'
2025-09-11 22:55:51,525 - ui.widgets.overview_page - INFO - Overview page refreshed successfully
2025-09-11 22:55:51,527 - ui.widgets.page_stack_manager - INFO - Refreshed page 'overview'
2025-09-11 22:55:56,549 - ui.widgets.overview_page - INFO - Overview page refreshed successfully
2025-09-11 22:55:56,549 - ui.widgets.page_stack_manager - INFO - Refreshed page 'overview'
2025-09-11 22:56:01,636 - ui.widgets.overview_page - INFO - Overview page refreshed successfully
2025-09-11 22:56:01,639 - ui.widgets.page_stack_manager - INFO - Refreshed page 'overview'
2025-09-11 22:56:06,634 - ui.widgets.overview_page - INFO - Overview page refreshed successfully
2025-09-11 22:56:06,635 - ui.widgets.page_stack_manager - INFO - Refreshed page 'overview'
2025-09-11 22:56:11,518 - ui.widgets.overview_page - INFO - Overview page refreshed successfully
2025-09-11 22:56:11,518 - ui.widgets.page_stack_manager - INFO - Refreshed page 'overview'
2025-09-11 22:56:16,504 - ui.widgets.overview_page - INFO - Overview page refreshed successfully
2025-09-11 22:56:16,504 - ui.widgets.page_stack_manager - INFO - Refreshed page 'overview'
2025-09-11 22:56:21,588 - ui.widgets.overview_page - INFO - Overview page refreshed successfully
2025-09-11 22:56:21,589 - ui.widgets.page_stack_manager - INFO - Refreshed page 'overview'
2025-09-11 22:56:26,566 - ui.widgets.overview_page - INFO - Overview page refreshed successfully
2025-09-11 22:56:26,566 - ui.widgets.page_stack_manager - INFO - Refreshed page 'overview'
2025-09-11 22:56:31,574 - ui.widgets.overview_page - INFO - Overview page refreshed successfully
2025-09-11 22:56:31,575 - ui.widgets.page_stack_manager - INFO - Refreshed page 'overview'
2025-09-11 22:56:36,547 - ui.widgets.overview_page - INFO - Overview page refreshed successfully
2025-09-11 22:56:36,547 - ui.widgets.page_stack_manager - INFO - Refreshed page 'overview'
2025-09-11 22:56:41,520 - ui.widgets.overview_page - INFO - Overview page refreshed successfully
2025-09-11 22:56:41,520 - ui.widgets.page_stack_manager - INFO - Refreshed page 'overview'
2025-09-11 22:56:46,596 - ui.widgets.overview_page - INFO - Overview page refreshed successfully
2025-09-11 22:56:46,596 - ui.widgets.page_stack_manager - INFO - Refreshed page 'overview'
2025-09-11 22:56:51,552 - ui.widgets.overview_page - INFO - Overview page refreshed successfully
2025-09-11 22:56:51,554 - ui.widgets.page_stack_manager - INFO - Refreshed page 'overview'
2025-09-11 22:56:56,523 - ui.widgets.overview_page - INFO - Overview page refreshed successfully
2025-09-11 22:56:56,523 - ui.widgets.page_stack_manager - INFO - Refreshed page 'overview'
2025-09-11 22:57:01,524 - ui.widgets.overview_page - INFO - Overview page refreshed successfully
2025-09-11 22:57:01,535 - ui.widgets.page_stack_manager - INFO - Refreshed page 'overview'
2025-09-11 22:57:06,521 - ui.widgets.overview_page - INFO - Overview page refreshed successfully
2025-09-11 22:57:06,521 - ui.widgets.page_stack_manager - INFO - Refreshed page 'overview'
2025-09-11 22:57:11,537 - ui.widgets.overview_page - INFO - Overview page refreshed successfully
2025-09-11 22:57:11,538 - ui.widgets.page_stack_manager - INFO - Refreshed page 'overview'
2025-09-11 22:57:16,565 - ui.widgets.overview_page - INFO - Overview page refreshed successfully
2025-09-11 22:57:16,566 - ui.widgets.page_stack_manager - INFO - Refreshed page 'overview'
2025-09-11 22:57:21,533 - ui.widgets.overview_page - INFO - Overview page refreshed successfully
2025-09-11 22:57:21,534 - ui.widgets.page_stack_manager - INFO - Refreshed page 'overview'
2025-09-11 22:57:26,534 - ui.widgets.overview_page - INFO - Overview page refreshed successfully
2025-09-11 22:57:26,534 - ui.widgets.page_stack_manager - INFO - Refreshed page 'overview'
2025-09-11 22:57:31,522 - ui.widgets.overview_page - INFO - Overview page refreshed successfully
2025-09-11 22:57:31,523 - ui.widgets.page_stack_manager - INFO - Refreshed page 'overview'
2025-09-11 22:57:36,517 - ui.widgets.overview_page - INFO - Overview page refreshed successfully
2025-09-11 22:57:36,518 - ui.widgets.page_stack_manager - INFO - Refreshed page 'overview'
2025-09-11 22:57:41,536 - ui.widgets.overview_page - INFO - Overview page refreshed successfully
2025-09-11 22:57:41,536 - ui.widgets.page_stack_manager - INFO - Refreshed page 'overview'
2025-09-11 22:57:46,604 - ui.widgets.overview_page - INFO - Overview page refreshed successfully
2025-09-11 22:57:46,604 - ui.widgets.page_stack_manager - INFO - Refreshed page 'overview'
2025-09-11 22:57:51,551 - ui.widgets.overview_page - INFO - Overview page refreshed successfully
2025-09-11 22:57:51,552 - ui.widgets.page_stack_manager - INFO - Refreshed page 'overview'
2025-09-11 22:57:56,536 - ui.widgets.overview_page - INFO - Overview page refreshed successfully
2025-09-11 22:57:56,536 - ui.widgets.page_stack_manager - INFO - Refreshed page 'overview'
2025-09-11 22:58:01,531 - ui.widgets.overview_page - INFO - Overview page refreshed successfully
2025-09-11 22:58:01,531 - ui.widgets.page_stack_manager - INFO - Refreshed page 'overview'
2025-09-11 22:58:06,563 - ui.widgets.overview_page - INFO - Overview page refreshed successfully
2025-09-11 22:58:06,563 - ui.widgets.page_stack_manager - INFO - Refreshed page 'overview'
2025-09-11 22:58:11,600 - ui.widgets.overview_page - INFO - Overview page refreshed successfully
2025-09-11 22:58:11,612 - ui.widgets.page_stack_manager - INFO - Refreshed page 'overview'
2025-09-11 22:58:16,549 - ui.widgets.overview_page - INFO - Overview page refreshed successfully
2025-09-11 22:58:16,549 - ui.widgets.page_stack_manager - INFO - Refreshed page 'overview'
2025-09-11 22:58:21,565 - ui.widgets.overview_page - INFO - Overview page refreshed successfully
2025-09-11 22:58:21,566 - ui.widgets.page_stack_manager - INFO - Refreshed page 'overview'
2025-09-11 22:58:26,540 - ui.widgets.overview_page - INFO - Overview page refreshed successfully
2025-09-11 22:58:26,541 - ui.widgets.page_stack_manager - INFO - Refreshed page 'overview'
2025-09-11 22:58:31,510 - ui.widgets.overview_page - INFO - Overview page refreshed successfully
2025-09-11 22:58:31,511 - ui.widgets.page_stack_manager - INFO - Refreshed page 'overview'
2025-09-11 22:58:36,505 - ui.widgets.overview_page - INFO - Overview page refreshed successfully
2025-09-11 22:58:36,505 - ui.widgets.page_stack_manager - INFO - Refreshed page 'overview'
2025-09-11 22:58:41,522 - ui.widgets.overview_page - INFO - Overview page refreshed successfully
2025-09-11 22:58:41,522 - ui.widgets.page_stack_manager - INFO - Refreshed page 'overview'
2025-09-11 22:58:46,538 - ui.widgets.overview_page - INFO - Overview page refreshed successfully
2025-09-11 22:58:46,539 - ui.widgets.page_stack_manager - INFO - Refreshed page 'overview'
2025-09-11 22:58:51,536 - ui.widgets.overview_page - INFO - Overview page refreshed successfully
2025-09-11 22:58:51,536 - ui.widgets.page_stack_manager - INFO - Refreshed page 'overview'
2025-09-11 22:58:56,521 - ui.widgets.overview_page - INFO - Overview page refreshed successfully
2025-09-11 22:58:56,521 - ui.widgets.page_stack_manager - INFO - Refreshed page 'overview'
2025-09-11 22:59:01,536 - ui.widgets.overview_page - INFO - Overview page refreshed successfully
2025-09-11 22:59:01,536 - ui.widgets.page_stack_manager - INFO - Refreshed page 'overview'
2025-09-11 22:59:06,600 - ui.widgets.overview_page - INFO - Overview page refreshed successfully
2025-09-11 22:59:06,600 - ui.widgets.page_stack_manager - INFO - Refreshed page 'overview'
2025-09-11 22:59:11,620 - ui.widgets.overview_page - INFO - Overview page refreshed successfully
2025-09-11 22:59:11,622 - ui.widgets.page_stack_manager - INFO - Refreshed page 'overview'
2025-09-11 22:59:16,538 - ui.widgets.overview_page - INFO - Overview page refreshed successfully
2025-09-11 22:59:16,540 - ui.widgets.page_stack_manager - INFO - Refreshed page 'overview'
2025-09-11 22:59:21,566 - ui.widgets.overview_page - INFO - Overview page refreshed successfully
2025-09-11 22:59:21,566 - ui.widgets.page_stack_manager - INFO - Refreshed page 'overview'
2025-09-11 22:59:26,650 - ui.widgets.overview_page - INFO - Overview page refreshed successfully
2025-09-11 22:59:26,650 - ui.widgets.page_stack_manager - INFO - Refreshed page 'overview'
2025-09-11 22:59:31,551 - ui.widgets.overview_page - INFO - Overview page refreshed successfully
2025-09-11 22:59:31,554 - ui.widgets.page_stack_manager - INFO - Refreshed page 'overview'
2025-09-11 22:59:36,506 - ui.widgets.overview_page - INFO - Overview page refreshed successfully
2025-09-11 22:59:36,506 - ui.widgets.page_stack_manager - INFO - Refreshed page 'overview'
2025-09-11 22:59:41,543 - ui.widgets.overview_page - INFO - Overview page refreshed successfully
2025-09-11 22:59:41,545 - ui.widgets.page_stack_manager - INFO - Refreshed page 'overview'
2025-09-11 22:59:46,528 - ui.widgets.overview_page - INFO - Overview page refreshed successfully
2025-09-11 22:59:46,530 - ui.widgets.page_stack_manager - INFO - Refreshed page 'overview'
2025-09-11 22:59:51,518 - ui.widgets.overview_page - INFO - Overview page refreshed successfully
2025-09-11 22:59:51,518 - ui.widgets.page_stack_manager - INFO - Refreshed page 'overview'
2025-09-11 22:59:56,520 - ui.widgets.overview_page - INFO - Overview page refreshed successfully
2025-09-11 22:59:56,520 - ui.widgets.page_stack_manager - INFO - Refreshed page 'overview'
2025-09-11 23:00:01,514 - ui.widgets.overview_page - INFO - Overview page refreshed successfully
2025-09-11 23:00:01,514 - ui.widgets.page_stack_manager - INFO - Refreshed page 'overview'
2025-09-11 23:00:06,519 - ui.widgets.overview_page - INFO - Overview page refreshed successfully
2025-09-11 23:00:06,519 - ui.widgets.page_stack_manager - INFO - Refreshed page 'overview'
2025-09-11 23:00:11,534 - ui.widgets.overview_page - INFO - Overview page refreshed successfully
2025-09-11 23:00:11,534 - ui.widgets.page_stack_manager - INFO - Refreshed page 'overview'
2025-09-11 23:00:16,533 - ui.widgets.overview_page - INFO - Overview page refreshed successfully
2025-09-11 23:00:16,534 - ui.widgets.page_stack_manager - INFO - Refreshed page 'overview'
2025-09-11 23:00:21,517 - ui.widgets.overview_page - INFO - Overview page refreshed successfully
2025-09-11 23:00:21,517 - ui.widgets.page_stack_manager - INFO - Refreshed page 'overview'
2025-09-11 23:00:26,569 - ui.widgets.overview_page - INFO - Overview page refreshed successfully
2025-09-11 23:00:26,569 - ui.widgets.page_stack_manager - INFO - Refreshed page 'overview'
2025-09-11 23:00:31,529 - ui.widgets.overview_page - INFO - Overview page refreshed successfully
2025-09-11 23:00:31,530 - ui.widgets.page_stack_manager - INFO - Refreshed page 'overview'
2025-09-11 23:00:36,531 - ui.widgets.overview_page - INFO - Overview page refreshed successfully
2025-09-11 23:00:36,534 - ui.widgets.page_stack_manager - INFO - Refreshed page 'overview'
2025-09-11 23:00:41,530 - ui.widgets.overview_page - INFO - Overview page refreshed successfully
2025-09-11 23:00:41,530 - ui.widgets.page_stack_manager - INFO - Refreshed page 'overview'
2025-09-11 23:00:46,547 - ui.widgets.overview_page - INFO - Overview page refreshed successfully
2025-09-11 23:00:46,547 - ui.widgets.page_stack_manager - INFO - Refreshed page 'overview'
2025-09-11 23:00:51,518 - ui.widgets.overview_page - INFO - Overview page refreshed successfully
2025-09-11 23:00:51,518 - ui.widgets.page_stack_manager - INFO - Refreshed page 'overview'
2025-09-11 23:00:56,520 - ui.widgets.overview_page - INFO - Overview page refreshed successfully
2025-09-11 23:00:56,520 - ui.widgets.page_stack_manager - INFO - Refreshed page 'overview'
2025-09-11 23:01:01,520 - ui.widgets.overview_page - INFO - Overview page refreshed successfully
2025-09-11 23:01:01,520 - ui.widgets.page_stack_manager - INFO - Refreshed page 'overview'
2025-09-11 23:01:06,528 - ui.widgets.overview_page - INFO - Overview page refreshed successfully
2025-09-11 23:01:06,528 - ui.widgets.page_stack_manager - INFO - Refreshed page 'overview'
2025-09-11 23:01:11,518 - ui.widgets.overview_page - INFO - Overview page refreshed successfully
2025-09-11 23:01:11,524 - ui.widgets.page_stack_manager - INFO - Refreshed page 'overview'
2025-09-11 23:01:16,554 - ui.widgets.overview_page - INFO - Overview page refreshed successfully
2025-09-11 23:01:16,554 - ui.widgets.page_stack_manager - INFO - Refreshed page 'overview'
2025-09-11 23:01:21,933 - ui.widgets.overview_page - INFO - Overview page refreshed successfully
2025-09-11 23:01:21,934 - ui.widgets.page_stack_manager - INFO - Refreshed page 'overview'
2025-09-11 23:01:26,516 - ui.widgets.overview_page - INFO - Overview page refreshed successfully
2025-09-11 23:01:26,516 - ui.widgets.page_stack_manager - INFO - Refreshed page 'overview'
2025-09-11 23:01:31,540 - ui.widgets.overview_page - INFO - Overview page refreshed successfully
2025-09-11 23:01:31,542 - ui.widgets.page_stack_manager - INFO - Refreshed page 'overview'
2025-09-11 23:01:36,548 - ui.widgets.overview_page - INFO - Overview page refreshed successfully
2025-09-11 23:01:36,548 - ui.widgets.page_stack_manager - INFO - Refreshed page 'overview'
2025-09-11 23:01:41,536 - ui.widgets.overview_page - INFO - Overview page refreshed successfully
2025-09-11 23:01:41,536 - ui.widgets.page_stack_manager - INFO - Refreshed page 'overview'
2025-09-11 23:01:46,519 - ui.widgets.overview_page - INFO - Overview page refreshed successfully
2025-09-11 23:01:46,519 - ui.widgets.page_stack_manager - INFO - Refreshed page 'overview'
2025-09-11 23:01:51,515 - ui.widgets.overview_page - INFO - Overview page refreshed successfully
2025-09-11 23:01:51,516 - ui.widgets.page_stack_manager - INFO - Refreshed page 'overview'
2025-09-11 23:01:56,535 - ui.widgets.overview_page - INFO - Overview page refreshed successfully
2025-09-11 23:01:56,535 - ui.widgets.page_stack_manager - INFO - Refreshed page 'overview'
2025-09-11 23:02:01,557 - ui.widgets.overview_page - INFO - Overview page refreshed successfully
2025-09-11 23:02:01,557 - ui.widgets.page_stack_manager - INFO - Refreshed page 'overview'
2025-09-11 23:02:06,622 - ui.widgets.overview_page - INFO - Overview page refreshed successfully
2025-09-11 23:02:06,622 - ui.widgets.page_stack_manager - INFO - Refreshed page 'overview'
2025-09-11 23:02:11,514 - ui.widgets.overview_page - INFO - Overview page refreshed successfully
2025-09-11 23:02:11,514 - ui.widgets.page_stack_manager - INFO - Refreshed page 'overview'
2025-09-11 23:02:16,574 - ui.widgets.overview_page - INFO - Overview page refreshed successfully
2025-09-11 23:02:16,575 - ui.widgets.page_stack_manager - INFO - Refreshed page 'overview'
2025-09-11 23:02:21,531 - ui.widgets.overview_page - INFO - Overview page refreshed successfully
2025-09-11 23:02:21,534 - ui.widgets.page_stack_manager - INFO - Refreshed page 'overview'
2025-09-11 23:02:26,529 - ui.widgets.overview_page - INFO - Overview page refreshed successfully
2025-09-11 23:02:26,529 - ui.widgets.page_stack_manager - INFO - Refreshed page 'overview'
2025-09-11 23:02:31,536 - ui.widgets.overview_page - INFO - Overview page refreshed successfully
2025-09-11 23:02:31,536 - ui.widgets.page_stack_manager - INFO - Refreshed page 'overview'
2025-09-11 23:02:36,522 - ui.widgets.overview_page - INFO - Overview page refreshed successfully
2025-09-11 23:02:36,522 - ui.widgets.page_stack_manager - INFO - Refreshed page 'overview'
2025-09-11 23:02:41,538 - ui.widgets.overview_page - INFO - Overview page refreshed successfully
2025-09-11 23:02:41,540 - ui.widgets.page_stack_manager - INFO - Refreshed page 'overview'
2025-09-11 23:02:46,529 - ui.widgets.overview_page - INFO - Overview page refreshed successfully
2025-09-11 23:02:46,532 - ui.widgets.page_stack_manager - INFO - Refreshed page 'overview'
2025-09-11 23:02:51,530 - ui.widgets.overview_page - INFO - Overview page refreshed successfully
2025-09-11 23:02:51,530 - ui.widgets.page_stack_manager - INFO - Refreshed page 'overview'
2025-09-11 23:02:56,534 - ui.widgets.overview_page - INFO - Overview page refreshed successfully
2025-09-11 23:02:56,535 - ui.widgets.page_stack_manager - INFO - Refreshed page 'overview'
2025-09-11 23:03:01,571 - ui.widgets.overview_page - INFO - Overview page refreshed successfully
2025-09-11 23:03:01,571 - ui.widgets.page_stack_manager - INFO - Refreshed page 'overview'
2025-09-11 23:03:06,566 - ui.widgets.overview_page - INFO - Overview page refreshed successfully
2025-09-11 23:03:06,566 - ui.widgets.page_stack_manager - INFO - Refreshed page 'overview'
2025-09-11 23:03:11,536 - ui.widgets.overview_page - INFO - Overview page refreshed successfully
2025-09-11 23:03:11,536 - ui.widgets.page_stack_manager - INFO - Refreshed page 'overview'
2025-09-11 23:03:16,521 - ui.widgets.overview_page - INFO - Overview page refreshed successfully
2025-09-11 23:03:16,521 - ui.widgets.page_stack_manager - INFO - Refreshed page 'overview'
2025-09-11 23:03:21,528 - ui.widgets.overview_page - INFO - Overview page refreshed successfully
2025-09-11 23:03:21,529 - ui.widgets.page_stack_manager - INFO - Refreshed page 'overview'
2025-09-11 23:03:26,557 - ui.widgets.overview_page - INFO - Overview page refreshed successfully
2025-09-11 23:03:26,557 - ui.widgets.page_stack_manager - INFO - Refreshed page 'overview'
2025-09-11 23:03:31,514 - ui.widgets.overview_page - INFO - Overview page refreshed successfully
2025-09-11 23:03:31,514 - ui.widgets.page_stack_manager - INFO - Refreshed page 'overview'
2025-09-11 23:03:36,586 - ui.widgets.overview_page - INFO - Overview page refreshed successfully
2025-09-11 23:03:36,586 - ui.widgets.page_stack_manager - INFO - Refreshed page 'overview'
2025-09-11 23:03:41,519 - ui.widgets.overview_page - INFO - Overview page refreshed successfully
2025-09-11 23:03:41,520 - ui.widgets.page_stack_manager - INFO - Refreshed page 'overview'
2025-09-11 23:03:46,534 - ui.widgets.overview_page - INFO - Overview page refreshed successfully
2025-09-11 23:03:46,534 - ui.widgets.page_stack_manager - INFO - Refreshed page 'overview'
2025-09-11 23:03:51,551 - ui.widgets.overview_page - INFO - Overview page refreshed successfully
2025-09-11 23:03:51,551 - ui.widgets.page_stack_manager - INFO - Refreshed page 'overview'
2025-09-11 23:03:56,524 - ui.widgets.overview_page - INFO - Overview page refreshed successfully
2025-09-11 23:03:56,524 - ui.widgets.page_stack_manager - INFO - Refreshed page 'overview'
2025-09-11 23:04:01,581 - ui.widgets.overview_page - INFO - Overview page refreshed successfully
2025-09-11 23:04:01,581 - ui.widgets.page_stack_manager - INFO - Refreshed page 'overview'
2025-09-11 23:04:07,087 - ui.widgets.overview_page - INFO - Overview page refreshed successfully
2025-09-11 23:04:07,087 - ui.widgets.page_stack_manager - INFO - Refreshed page 'overview'
2025-09-11 23:04:11,556 - ui.widgets.overview_page - INFO - Overview page refreshed successfully
2025-09-11 23:04:11,556 - ui.widgets.page_stack_manager - INFO - Refreshed page 'overview'
2025-09-11 23:04:16,573 - ui.widgets.overview_page - INFO - Overview page refreshed successfully
2025-09-11 23:04:16,574 - ui.widgets.page_stack_manager - INFO - Refreshed page 'overview'
2025-09-11 23:04:24,545 - ui.widgets.overview_page - INFO - Overview page refreshed successfully
2025-09-11 23:04:24,552 - ui.widgets.page_stack_manager - INFO - Refreshed page 'overview'
2025-09-11 23:04:26,510 - ui.widgets.overview_page - INFO - Overview page refreshed successfully
2025-09-11 23:04:26,510 - ui.widgets.page_stack_manager - INFO - Refreshed page 'overview'
2025-09-11 23:04:31,522 - ui.widgets.overview_page - INFO - Overview page refreshed successfully
2025-09-11 23:04:31,522 - ui.widgets.page_stack_manager - INFO - Refreshed page 'overview'
2025-09-11 23:04:36,525 - ui.widgets.overview_page - INFO - Overview page refreshed successfully
2025-09-11 23:04:36,526 - ui.widgets.page_stack_manager - INFO - Refreshed page 'overview'
2025-09-11 23:04:41,552 - ui.widgets.overview_page - INFO - Overview page refreshed successfully
2025-09-11 23:04:41,552 - ui.widgets.page_stack_manager - INFO - Refreshed page 'overview'
2025-09-11 23:04:46,524 - ui.widgets.overview_page - INFO - Overview page refreshed successfully
2025-09-11 23:04:46,524 - ui.widgets.page_stack_manager - INFO - Refreshed page 'overview'
2025-09-11 23:04:51,530 - ui.widgets.overview_page - INFO - Overview page refreshed successfully
2025-09-11 23:04:51,532 - ui.widgets.page_stack_manager - INFO - Refreshed page 'overview'
2025-09-11 23:04:56,530 - ui.widgets.overview_page - INFO - Overview page refreshed successfully
2025-09-11 23:04:56,530 - ui.widgets.page_stack_manager - INFO - Refreshed page 'overview'
2025-09-11 23:05:01,531 - ui.widgets.overview_page - INFO - Overview page refreshed successfully
2025-09-11 23:05:01,531 - ui.widgets.page_stack_manager - INFO - Refreshed page 'overview'
2025-09-11 23:05:06,546 - ui.widgets.overview_page - INFO - Overview page refreshed successfully
2025-09-11 23:05:06,547 - ui.widgets.page_stack_manager - INFO - Refreshed page 'overview'
2025-09-11 23:05:12,736 - ui.widgets.overview_page - INFO - Overview page refreshed successfully
2025-09-11 23:05:12,736 - ui.widgets.page_stack_manager - INFO - Refreshed page 'overview'
2025-09-11 23:05:16,544 - ui.widgets.overview_page - INFO - Overview page refreshed successfully
2025-09-11 23:05:16,546 - ui.widgets.page_stack_manager - INFO - Refreshed page 'overview'
2025-09-11 23:05:21,526 - ui.widgets.overview_page - INFO - Overview page refreshed successfully
2025-09-11 23:05:21,531 - ui.widgets.page_stack_manager - INFO - Refreshed page 'overview'
2025-09-11 23:05:26,527 - ui.widgets.overview_page - INFO - Overview page refreshed successfully
2025-09-11 23:05:26,527 - ui.widgets.page_stack_manager - INFO - Refreshed page 'overview'
2025-09-11 23:05:31,536 - ui.widgets.overview_page - INFO - Overview page refreshed successfully
2025-09-11 23:05:31,537 - ui.widgets.page_stack_manager - INFO - Refreshed page 'overview'
2025-09-11 23:05:36,524 - ui.widgets.overview_page - INFO - Overview page refreshed successfully
2025-09-11 23:05:36,524 - ui.widgets.page_stack_manager - INFO - Refreshed page 'overview'
2025-09-11 23:05:41,536 - ui.widgets.overview_page - INFO - Overview page refreshed successfully
2025-09-11 23:05:41,536 - ui.widgets.page_stack_manager - INFO - Refreshed page 'overview'
2025-09-11 23:05:46,537 - ui.widgets.overview_page - INFO - Overview page refreshed successfully
2025-09-11 23:05:46,537 - ui.widgets.page_stack_manager - INFO - Refreshed page 'overview'
2025-09-11 23:05:51,524 - ui.widgets.overview_page - INFO - Overview page refreshed successfully
2025-09-11 23:05:51,524 - ui.widgets.page_stack_manager - INFO - Refreshed page 'overview'
2025-09-11 23:05:56,546 - ui.widgets.overview_page - INFO - Overview page refreshed successfully
2025-09-11 23:05:56,549 - ui.widgets.page_stack_manager - INFO - Refreshed page 'overview'
2025-09-11 23:06:01,588 - ui.widgets.overview_page - INFO - Overview page refreshed successfully
2025-09-11 23:06:01,588 - ui.widgets.page_stack_manager - INFO - Refreshed page 'overview'
2025-09-11 23:06:06,565 - ui.widgets.overview_page - INFO - Overview page refreshed successfully
2025-09-11 23:06:06,565 - ui.widgets.page_stack_manager - INFO - Refreshed page 'overview'
2025-09-11 23:06:11,573 - ui.widgets.overview_page - INFO - Overview page refreshed successfully
2025-09-11 23:06:11,574 - ui.widgets.page_stack_manager - INFO - Refreshed page 'overview'
2025-09-11 23:06:16,546 - ui.widgets.overview_page - INFO - Overview page refreshed successfully
2025-09-11 23:06:16,546 - ui.widgets.page_stack_manager - INFO - Refreshed page 'overview'
2025-09-11 23:06:21,548 - ui.widgets.overview_page - INFO - Overview page refreshed successfully
2025-09-11 23:06:21,548 - ui.widgets.page_stack_manager - INFO - Refreshed page 'overview'
2025-09-11 23:06:26,589 - ui.widgets.overview_page - INFO - Overview page refreshed successfully
2025-09-11 23:06:26,589 - ui.widgets.page_stack_manager - INFO - Refreshed page 'overview'
2025-09-11 23:06:31,546 - ui.widgets.overview_page - INFO - Overview page refreshed successfully
2025-09-11 23:06:31,548 - ui.widgets.page_stack_manager - INFO - Refreshed page 'overview'
2025-09-11 23:06:36,565 - ui.widgets.overview_page - INFO - Overview page refreshed successfully
2025-09-11 23:06:36,565 - ui.widgets.page_stack_manager - INFO - Refreshed page 'overview'
2025-09-11 23:06:41,582 - ui.widgets.overview_page - INFO - Overview page refreshed successfully
2025-09-11 23:06:41,584 - ui.widgets.page_stack_manager - INFO - Refreshed page 'overview'
2025-09-11 23:06:46,530 - ui.widgets.overview_page - INFO - Overview page refreshed successfully
2025-09-11 23:06:46,534 - ui.widgets.page_stack_manager - INFO - Refreshed page 'overview'
2025-09-11 23:06:51,554 - ui.widgets.overview_page - INFO - Overview page refreshed successfully
2025-09-11 23:06:51,554 - ui.widgets.page_stack_manager - INFO - Refreshed page 'overview'
2025-09-11 23:06:56,536 - ui.widgets.overview_page - INFO - Overview page refreshed successfully
2025-09-11 23:06:56,536 - ui.widgets.page_stack_manager - INFO - Refreshed page 'overview'
2025-09-11 23:07:01,542 - ui.widgets.overview_page - INFO - Overview page refreshed successfully
2025-09-11 23:07:01,546 - ui.widgets.page_stack_manager - INFO - Refreshed page 'overview'
2025-09-11 23:07:06,588 - ui.widgets.overview_page - INFO - Overview page refreshed successfully
2025-09-11 23:07:06,588 - ui.widgets.page_stack_manager - INFO - Refreshed page 'overview'
2025-09-11 23:07:11,549 - ui.widgets.overview_page - INFO - Overview page refreshed successfully
2025-09-11 23:07:11,549 - ui.widgets.page_stack_manager - INFO - Refreshed page 'overview'
2025-09-11 23:07:16,563 - ui.widgets.overview_page - INFO - Overview page refreshed successfully
2025-09-11 23:07:16,563 - ui.widgets.page_stack_manager - INFO - Refreshed page 'overview'
2025-09-11 23:07:21,842 - ui.widgets.overview_page - INFO - Overview page refreshed successfully
2025-09-11 23:07:21,842 - ui.widgets.page_stack_manager - INFO - Refreshed page 'overview'
2025-09-11 23:07:26,549 - ui.widgets.overview_page - INFO - Overview page refreshed successfully
2025-09-11 23:07:26,549 - ui.widgets.page_stack_manager - INFO - Refreshed page 'overview'
2025-09-11 23:07:31,539 - ui.widgets.overview_page - INFO - Overview page refreshed successfully
2025-09-11 23:07:31,544 - ui.widgets.page_stack_manager - INFO - Refreshed page 'overview'
2025-09-11 23:07:36,555 - ui.widgets.overview_page - INFO - Overview page refreshed successfully
2025-09-11 23:07:36,555 - ui.widgets.page_stack_manager - INFO - Refreshed page 'overview'
2025-09-11 23:07:41,537 - ui.widgets.overview_page - INFO - Overview page refreshed successfully
2025-09-11 23:07:41,537 - ui.widgets.page_stack_manager - INFO - Refreshed page 'overview'
2025-09-11 23:07:46,548 - ui.widgets.overview_page - INFO - Overview page refreshed successfully
2025-09-11 23:07:46,548 - ui.widgets.page_stack_manager - INFO - Refreshed page 'overview'
2025-09-11 23:07:51,541 - ui.widgets.overview_page - INFO - Overview page refreshed successfully
2025-09-11 23:07:51,541 - ui.widgets.page_stack_manager - INFO - Refreshed page 'overview'
2025-09-11 23:07:56,588 - ui.widgets.overview_page - INFO - Overview page refreshed successfully
2025-09-11 23:07:56,588 - ui.widgets.page_stack_manager - INFO - Refreshed page 'overview'
2025-09-11 23:08:01,589 - ui.widgets.overview_page - INFO - Overview page refreshed successfully
2025-09-11 23:08:01,591 - ui.widgets.page_stack_manager - INFO - Refreshed page 'overview'
2025-09-11 23:08:06,554 - ui.widgets.overview_page - INFO - Overview page refreshed successfully
2025-09-11 23:08:06,554 - ui.widgets.page_stack_manager - INFO - Refreshed page 'overview'
2025-09-11 23:08:11,553 - ui.widgets.overview_page - INFO - Overview page refreshed successfully
2025-09-11 23:08:11,553 - ui.widgets.page_stack_manager - INFO - Refreshed page 'overview'
2025-09-11 23:08:16,666 - ui.widgets.overview_page - INFO - Overview page refreshed successfully
2025-09-11 23:08:16,666 - ui.widgets.page_stack_manager - INFO - Refreshed page 'overview'
2025-09-11 23:08:21,584 - ui.widgets.overview_page - INFO - Overview page refreshed successfully
2025-09-11 23:08:21,584 - ui.widgets.page_stack_manager - INFO - Refreshed page 'overview'
2025-09-11 23:08:26,564 - ui.widgets.overview_page - INFO - Overview page refreshed successfully
2025-09-11 23:08:26,565 - ui.widgets.page_stack_manager - INFO - Refreshed page 'overview'
2025-09-11 23:08:31,558 - ui.widgets.overview_page - INFO - Overview page refreshed successfully
2025-09-11 23:08:31,558 - ui.widgets.page_stack_manager - INFO - Refreshed page 'overview'
2025-09-11 23:08:36,580 - ui.widgets.overview_page - INFO - Overview page refreshed successfully
2025-09-11 23:08:36,580 - ui.widgets.page_stack_manager - INFO - Refreshed page 'overview'
2025-09-11 23:08:41,565 - ui.widgets.overview_page - INFO - Overview page refreshed successfully
2025-09-11 23:08:41,565 - ui.widgets.page_stack_manager - INFO - Refreshed page 'overview'
2025-09-11 23:08:46,530 - ui.widgets.overview_page - INFO - Overview page refreshed successfully
2025-09-11 23:08:46,530 - ui.widgets.page_stack_manager - INFO - Refreshed page 'overview'
2025-09-11 23:08:51,553 - ui.widgets.overview_page - INFO - Overview page refreshed successfully
2025-09-11 23:08:51,553 - ui.widgets.page_stack_manager - INFO - Refreshed page 'overview'
2025-09-11 23:08:56,680 - ui.widgets.overview_page - INFO - Overview page refreshed successfully
2025-09-11 23:08:56,680 - ui.widgets.page_stack_manager - INFO - Refreshed page 'overview'
2025-09-11 23:09:01,533 - ui.widgets.overview_page - INFO - Overview page refreshed successfully
2025-09-11 23:09:01,533 - ui.widgets.page_stack_manager - INFO - Refreshed page 'overview'
2025-09-11 23:09:06,560 - ui.widgets.overview_page - INFO - Overview page refreshed successfully
2025-09-11 23:09:06,562 - ui.widgets.page_stack_manager - INFO - Refreshed page 'overview'
2025-09-11 23:09:11,552 - ui.widgets.overview_page - INFO - Overview page refreshed successfully
2025-09-11 23:09:11,552 - ui.widgets.page_stack_manager - INFO - Refreshed page 'overview'
2025-09-11 23:09:16,724 - ui.widgets.overview_page - INFO - Overview page refreshed successfully
2025-09-11 23:09:16,727 - ui.widgets.page_stack_manager - INFO - Refreshed page 'overview'
2025-09-11 23:09:21,542 - ui.widgets.overview_page - INFO - Overview page refreshed successfully
2025-09-11 23:09:21,544 - ui.widgets.page_stack_manager - INFO - Refreshed page 'overview'
2025-09-11 23:09:26,544 - ui.widgets.overview_page - INFO - Overview page refreshed successfully
2025-09-11 23:09:26,544 - ui.widgets.page_stack_manager - INFO - Refreshed page 'overview'
2025-09-11 23:09:31,551 - ui.widgets.overview_page - INFO - Overview page refreshed successfully
2025-09-11 23:09:31,551 - ui.widgets.page_stack_manager - INFO - Refreshed page 'overview'
2025-09-11 23:09:36,632 - ui.widgets.overview_page - INFO - Overview page refreshed successfully
2025-09-11 23:09:36,632 - ui.widgets.page_stack_manager - INFO - Refreshed page 'overview'
2025-09-11 23:09:41,559 - ui.widgets.overview_page - INFO - Overview page refreshed successfully
2025-09-11 23:09:41,559 - ui.widgets.page_stack_manager - INFO - Refreshed page 'overview'
2025-09-11 23:09:46,566 - ui.widgets.overview_page - INFO - Overview page refreshed successfully
2025-09-11 23:09:46,568 - ui.widgets.page_stack_manager - INFO - Refreshed page 'overview'
2025-09-11 23:09:51,580 - ui.widgets.overview_page - INFO - Overview page refreshed successfully
2025-09-11 23:09:51,580 - ui.widgets.page_stack_manager - INFO - Refreshed page 'overview'
2025-09-11 23:09:56,550 - ui.widgets.overview_page - INFO - Overview page refreshed successfully
2025-09-11 23:09:56,550 - ui.widgets.page_stack_manager - INFO - Refreshed page 'overview'
2025-09-11 23:10:01,528 - ui.widgets.overview_page - INFO - Overview page refreshed successfully
2025-09-11 23:10:01,530 - ui.widgets.page_stack_manager - INFO - Refreshed page 'overview'
2025-09-11 23:10:01,812 - ui.widgets.page_stack_manager - INFO - Switched to page 'devices'
2025-09-11 23:10:01,813 - ui.main_window - INFO - Switched to page: devices
2025-09-11 23:10:01,813 - ui.widgets.navigation_sidebar - INFO - Navigation changed to: devices
2025-09-11 23:10:07,996 - services.ha_api - ERROR - Error calling service light.turn_on: 500 Server Error: Internal Server Error for url: http://10.0.0.48:8123/api/services/light/turn_on
2025-09-11 23:10:09,753 - services.ha_api - ERROR - Error calling service light.turn_on: 500 Server Error: Internal Server Error for url: http://10.0.0.48:8123/api/services/light/turn_on
2025-09-11 23:10:09,760 - ui.widgets.device_grid - INFO - Refreshed 27 entities
2025-09-11 23:10:09,760 - ui.widgets.page_stack_manager - INFO - Refreshed page 'devices'
2025-09-11 23:10:13,134 - services.ha_api - ERROR - Error calling service light.turn_on: 500 Server Error: Internal Server Error for url: http://10.0.0.48:8123/api/services/light/turn_on
2025-09-11 23:10:14,664 - services.ha_api - ERROR - Error calling service light.turn_on: 500 Server Error: Internal Server Error for url: http://10.0.0.48:8123/api/services/light/turn_on
2025-09-11 23:10:14,669 - ui.widgets.device_grid - INFO - Refreshed 27 entities
2025-09-11 23:10:14,669 - ui.widgets.page_stack_manager - INFO - Refreshed page 'devices'
2025-09-11 23:10:17,868 - services.ha_api - ERROR - Error calling service light.turn_on: 500 Server Error: Internal Server Error for url: http://10.0.0.48:8123/api/services/light/turn_on
2025-09-11 23:10:19,891 - services.ha_api - ERROR - Error calling service light.turn_on: 500 Server Error: Internal Server Error for url: http://10.0.0.48:8123/api/services/light/turn_on
2025-09-11 23:10:19,903 - ui.widgets.device_grid - INFO - Refreshed 27 entities
2025-09-11 23:10:19,903 - ui.widgets.page_stack_manager - INFO - Refreshed page 'devices'
2025-09-11 23:10:22,795 - services.ha_api - ERROR - Error calling service light.turn_on: 500 Server Error: Internal Server Error for url: http://10.0.0.48:8123/api/services/light/turn_on
2025-09-11 23:10:24,244 - services.ha_api - ERROR - Error calling service light.turn_on: 500 Server Error: Internal Server Error for url: http://10.0.0.48:8123/api/services/light/turn_on
2025-09-11 23:10:24,246 - ui.widgets.device_grid - INFO - Refreshed 27 entities
2025-09-11 23:10:24,250 - ui.widgets.page_stack_manager - INFO - Refreshed page 'devices'
2025-09-11 23:10:28,083 - services.ha_api - ERROR - Error calling service light.turn_on: 500 Server Error: Internal Server Error for url: http://10.0.0.48:8123/api/services/light/turn_on
2025-09-11 23:10:29,724 - services.ha_api - ERROR - Error calling service light.turn_on: 500 Server Error: Internal Server Error for url: http://10.0.0.48:8123/api/services/light/turn_on
2025-09-11 23:10:29,734 - ui.widgets.device_grid - INFO - Refreshed 27 entities
2025-09-11 23:10:29,734 - ui.widgets.page_stack_manager - INFO - Refreshed page 'devices'
2025-09-11 23:10:32,941 - services.ha_api - ERROR - Error calling service light.turn_on: 500 Server Error: Internal Server Error for url: http://10.0.0.48:8123/api/services/light/turn_on
2025-09-11 23:10:34,679 - services.ha_api - ERROR - Error calling service light.turn_on: 500 Server Error: Internal Server Error for url: http://10.0.0.48:8123/api/services/light/turn_on
2025-09-11 23:10:34,687 - ui.widgets.device_grid - INFO - Refreshed 27 entities
2025-09-11 23:10:34,687 - ui.widgets.page_stack_manager - INFO - Refreshed page 'devices'
2025-09-11 23:10:37,977 - services.ha_api - ERROR - Error calling service light.turn_on: 500 Server Error: Internal Server Error for url: http://10.0.0.48:8123/api/services/light/turn_on
2025-09-11 23:10:39,316 - services.ha_api - ERROR - Error calling service light.turn_on: 500 Server Error: Internal Server Error for url: http://10.0.0.48:8123/api/services/light/turn_on
2025-09-11 23:10:39,323 - ui.widgets.device_grid - INFO - Refreshed 27 entities
2025-09-11 23:10:39,323 - ui.widgets.page_stack_manager - INFO - Refreshed page 'devices'
2025-09-11 23:10:42,922 - services.ha_api - ERROR - Error calling service light.turn_on: 500 Server Error: Internal Server Error for url: http://10.0.0.48:8123/api/services/light/turn_on
2025-09-11 23:10:44,789 - services.ha_api - ERROR - Error calling service light.turn_on: 500 Server Error: Internal Server Error for url: http://10.0.0.48:8123/api/services/light/turn_on
2025-09-11 23:10:44,801 - ui.widgets.device_grid - INFO - Refreshed 27 entities
2025-09-11 23:10:44,802 - ui.widgets.page_stack_manager - INFO - Refreshed page 'devices'
2025-09-11 23:10:48,158 - services.ha_api - ERROR - Error calling service light.turn_on: 500 Server Error: Internal Server Error for url: http://10.0.0.48:8123/api/services/light/turn_on
2025-09-11 23:10:49,691 - services.ha_api - ERROR - Error calling service light.turn_on: 500 Server Error: Internal Server Error for url: http://10.0.0.48:8123/api/services/light/turn_on
2025-09-11 23:10:49,695 - ui.widgets.device_grid - INFO - Refreshed 27 entities
2025-09-11 23:10:49,701 - ui.widgets.page_stack_manager - INFO - Refreshed page 'devices'
2025-09-11 23:10:53,381 - services.ha_api - ERROR - Error calling service light.turn_on: 500 Server Error: Internal Server Error for url: http://10.0.0.48:8123/api/services/light/turn_on
2025-09-11 23:10:55,471 - services.ha_api - ERROR - Error calling service light.turn_on: 500 Server Error: Internal Server Error for url: http://10.0.0.48:8123/api/services/light/turn_on
2025-09-11 23:10:55,472 - ui.widgets.device_grid - INFO - Refreshed 27 entities
2025-09-11 23:10:55,472 - ui.widgets.page_stack_manager - INFO - Refreshed page 'devices'
2025-09-11 23:10:58,084 - services.ha_api - ERROR - Error calling service light.turn_on: 500 Server Error: Internal Server Error for url: http://10.0.0.48:8123/api/services/light/turn_on
2025-09-11 23:10:59,622 - services.ha_api - ERROR - Error calling service light.turn_on: 500 Server Error: Internal Server Error for url: http://10.0.0.48:8123/api/services/light/turn_on
2025-09-11 23:10:59,631 - ui.widgets.device_grid - INFO - Refreshed 27 entities
2025-09-11 23:10:59,631 - ui.widgets.page_stack_manager - INFO - Refreshed page 'devices'
2025-09-11 23:11:03,103 - services.ha_api - ERROR - Error calling service light.turn_on: 500 Server Error: Internal Server Error for url: http://10.0.0.48:8123/api/services/light/turn_on
2025-09-11 23:11:05,054 - services.ha_api - ERROR - Error calling service light.turn_on: 500 Server Error: Internal Server Error for url: http://10.0.0.48:8123/api/services/light/turn_on
2025-09-11 23:11:05,062 - ui.widgets.device_grid - INFO - Refreshed 27 entities
2025-09-11 23:11:05,062 - ui.widgets.page_stack_manager - INFO - Refreshed page 'devices'
2025-09-11 23:11:08,330 - services.ha_api - ERROR - Error calling service light.turn_on: 500 Server Error: Internal Server Error for url: http://10.0.0.48:8123/api/services/light/turn_on
2025-09-11 23:11:09,657 - services.ha_api - ERROR - Error calling service light.turn_on: 500 Server Error: Internal Server Error for url: http://10.0.0.48:8123/api/services/light/turn_on
2025-09-11 23:11:09,665 - ui.widgets.device_grid - INFO - Refreshed 27 entities
2025-09-11 23:11:09,665 - ui.widgets.page_stack_manager - INFO - Refreshed page 'devices'
2025-09-11 23:11:13,183 - services.ha_api - ERROR - Error calling service light.turn_on: 500 Server Error: Internal Server Error for url: http://10.0.0.48:8123/api/services/light/turn_on
2025-09-11 23:11:14,493 - services.ha_api - ERROR - Error calling service light.turn_on: 500 Server Error: Internal Server Error for url: http://10.0.0.48:8123/api/services/light/turn_on
2025-09-11 23:11:14,501 - ui.widgets.device_grid - INFO - Refreshed 27 entities
2025-09-11 23:11:14,501 - ui.widgets.page_stack_manager - INFO - Refreshed page 'devices'
2025-09-11 23:11:17,952 - services.ha_api - ERROR - Error calling service light.turn_on: 500 Server Error: Internal Server Error for url: http://10.0.0.48:8123/api/services/light/turn_on
2025-09-11 23:11:19,391 - services.ha_api - ERROR - Error calling service light.turn_on: 500 Server Error: Internal Server Error for url: http://10.0.0.48:8123/api/services/light/turn_on
2025-09-11 23:11:19,400 - ui.widgets.device_grid - INFO - Refreshed 27 entities
2025-09-11 23:11:19,400 - ui.widgets.page_stack_manager - INFO - Refreshed page 'devices'
2025-09-11 23:11:22,994 - services.ha_api - ERROR - Error calling service light.turn_on: 500 Server Error: Internal Server Error for url: http://10.0.0.48:8123/api/services/light/turn_on
2025-09-11 23:11:24,711 - services.ha_api - ERROR - Error calling service light.turn_on: 500 Server Error: Internal Server Error for url: http://10.0.0.48:8123/api/services/light/turn_on
2025-09-11 23:11:24,715 - ui.widgets.device_grid - INFO - Refreshed 27 entities
2025-09-11 23:11:24,721 - ui.widgets.page_stack_manager - INFO - Refreshed page 'devices'
2025-09-11 23:11:28,071 - services.ha_api - ERROR - Error calling service light.turn_on: 500 Server Error: Internal Server Error for url: http://10.0.0.48:8123/api/services/light/turn_on
2025-09-11 23:11:29,351 - services.ha_api - ERROR - Error calling service light.turn_on: 500 Server Error: Internal Server Error for url: http://10.0.0.48:8123/api/services/light/turn_on
2025-09-11 23:11:29,352 - ui.widgets.device_grid - INFO - Refreshed 27 entities
2025-09-11 23:11:29,361 - ui.widgets.page_stack_manager - INFO - Refreshed page 'devices'
2025-09-11 23:11:33,006 - services.ha_api - ERROR - Error calling service light.turn_on: 500 Server Error: Internal Server Error for url: http://10.0.0.48:8123/api/services/light/turn_on
2025-09-11 23:11:34,722 - services.ha_api - ERROR - Error calling service light.turn_on: 500 Server Error: Internal Server Error for url: http://10.0.0.48:8123/api/services/light/turn_on
2025-09-11 23:11:34,731 - ui.widgets.device_grid - INFO - Refreshed 27 entities
2025-09-11 23:11:34,753 - ui.widgets.page_stack_manager - INFO - Refreshed page 'devices'
2025-09-11 23:11:38,401 - services.ha_api - ERROR - Error calling service light.turn_on: 500 Server Error: Internal Server Error for url: http://10.0.0.48:8123/api/services/light/turn_on
2025-09-11 23:11:39,865 - services.ha_api - ERROR - Error calling service light.turn_on: 500 Server Error: Internal Server Error for url: http://10.0.0.48:8123/api/services/light/turn_on
2025-09-11 23:11:39,876 - ui.widgets.device_grid - INFO - Refreshed 27 entities
2025-09-11 23:11:39,876 - ui.widgets.page_stack_manager - INFO - Refreshed page 'devices'
2025-09-11 23:11:43,043 - services.ha_api - ERROR - Error calling service light.turn_on: 500 Server Error: Internal Server Error for url: http://10.0.0.48:8123/api/services/light/turn_on
2025-09-11 23:11:44,827 - services.ha_api - ERROR - Error calling service light.turn_on: 500 Server Error: Internal Server Error for url: http://10.0.0.48:8123/api/services/light/turn_on
2025-09-11 23:11:44,832 - ui.widgets.device_grid - INFO - Refreshed 27 entities
2025-09-11 23:11:44,832 - ui.widgets.page_stack_manager - INFO - Refreshed page 'devices'
2025-09-11 23:11:47,851 - services.ha_api - ERROR - Error calling service light.turn_on: 500 Server Error: Internal Server Error for url: http://10.0.0.48:8123/api/services/light/turn_on
2025-09-11 23:11:49,504 - services.ha_api - ERROR - Error calling service light.turn_on: 500 Server Error: Internal Server Error for url: http://10.0.0.48:8123/api/services/light/turn_on
2025-09-11 23:11:49,512 - ui.widgets.device_grid - INFO - Refreshed 27 entities
2025-09-11 23:11:49,512 - ui.widgets.page_stack_manager - INFO - Refreshed page 'devices'
2025-09-11 23:11:52,981 - services.ha_api - ERROR - Error calling service light.turn_on: 500 Server Error: Internal Server Error for url: http://10.0.0.48:8123/api/services/light/turn_on
2025-09-11 23:11:54,784 - services.ha_api - ERROR - Error calling service light.turn_on: 500 Server Error: Internal Server Error for url: http://10.0.0.48:8123/api/services/light/turn_on
2025-09-11 23:11:54,793 - ui.widgets.device_grid - INFO - Refreshed 27 entities
2025-09-11 23:11:54,793 - ui.widgets.page_stack_manager - INFO - Refreshed page 'devices'
2025-09-11 23:11:58,503 - services.ha_api - ERROR - Error calling service light.turn_on: 500 Server Error: Internal Server Error for url: http://10.0.0.48:8123/api/services/light/turn_on
2025-09-11 23:12:00,143 - services.ha_api - ERROR - Error calling service light.turn_on: 500 Server Error: Internal Server Error for url: http://10.0.0.48:8123/api/services/light/turn_on
2025-09-11 23:12:00,145 - ui.widgets.device_grid - INFO - Refreshed 27 entities
2025-09-11 23:12:00,145 - ui.widgets.page_stack_manager - INFO - Refreshed page 'devices'
2025-09-11 23:12:02,802 - services.ha_api - ERROR - Error calling service light.turn_on: 500 Server Error: Internal Server Error for url: http://10.0.0.48:8123/api/services/light/turn_on
2025-09-11 23:12:04,353 - services.ha_api - ERROR - Error calling service light.turn_on: 500 Server Error: Internal Server Error for url: http://10.0.0.48:8123/api/services/light/turn_on
2025-09-11 23:12:04,364 - ui.widgets.device_grid - INFO - Refreshed 27 entities
2025-09-11 23:12:04,364 - ui.widgets.page_stack_manager - INFO - Refreshed page 'devices'
2025-09-11 23:12:08,435 - services.ha_api - ERROR - Error calling service light.turn_on: 500 Server Error: Internal Server Error for url: http://10.0.0.48:8123/api/services/light/turn_on
2025-09-11 23:12:09,943 - services.ha_api - ERROR - Error calling service light.turn_on: 500 Server Error: Internal Server Error for url: http://10.0.0.48:8123/api/services/light/turn_on
2025-09-11 23:12:09,955 - ui.widgets.device_grid - INFO - Refreshed 27 entities
2025-09-11 23:12:09,955 - ui.widgets.page_stack_manager - INFO - Refreshed page 'devices'
2025-09-11 23:12:12,944 - services.ha_api - ERROR - Error calling service light.turn_on: 500 Server Error: Internal Server Error for url: http://10.0.0.48:8123/api/services/light/turn_on
2025-09-11 23:12:14,743 - services.ha_api - ERROR - Error calling service light.turn_on: 500 Server Error: Internal Server Error for url: http://10.0.0.48:8123/api/services/light/turn_on
2025-09-11 23:12:14,751 - ui.widgets.device_grid - INFO - Refreshed 27 entities
2025-09-11 23:12:14,751 - ui.widgets.page_stack_manager - INFO - Refreshed page 'devices'
2025-09-11 23:12:17,840 - services.ha_api - ERROR - Error calling service light.turn_on: 500 Server Error: Internal Server Error for url: http://10.0.0.48:8123/api/services/light/turn_on
2025-09-11 23:12:19,518 - services.ha_api - ERROR - Error calling service light.turn_on: 500 Server Error: Internal Server Error for url: http://10.0.0.48:8123/api/services/light/turn_on
2025-09-11 23:12:19,522 - ui.widgets.device_grid - INFO - Refreshed 27 entities
2025-09-11 23:12:19,522 - ui.widgets.page_stack_manager - INFO - Refreshed page 'devices'
2025-09-11 23:12:23,285 - services.ha_api - ERROR - Error calling service light.turn_on: 500 Server Error: Internal Server Error for url: http://10.0.0.48:8123/api/services/light/turn_on
2025-09-11 23:12:25,124 - services.ha_api - ERROR - Error calling service light.turn_on: 500 Server Error: Internal Server Error for url: http://10.0.0.48:8123/api/services/light/turn_on
2025-09-11 23:12:25,141 - ui.widgets.device_grid - INFO - Refreshed 27 entities
2025-09-11 23:12:25,141 - ui.widgets.page_stack_manager - INFO - Refreshed page 'devices'
2025-09-11 23:12:28,135 - services.ha_api - ERROR - Error calling service light.turn_on: 500 Server Error: Internal Server Error for url: http://10.0.0.48:8123/api/services/light/turn_on
2025-09-11 23:12:29,835 - services.ha_api - ERROR - Error calling service light.turn_on: 500 Server Error: Internal Server Error for url: http://10.0.0.48:8123/api/services/light/turn_on
2025-09-11 23:12:29,844 - ui.widgets.device_grid - INFO - Refreshed 27 entities
2025-09-11 23:12:29,844 - ui.widgets.page_stack_manager - INFO - Refreshed page 'devices'
2025-09-11 23:12:33,011 - services.ha_api - ERROR - Error calling service light.turn_on: 500 Server Error: Internal Server Error for url: http://10.0.0.48:8123/api/services/light/turn_on
2025-09-11 23:12:34,662 - services.ha_api - ERROR - Error calling service light.turn_on: 500 Server Error: Internal Server Error for url: http://10.0.0.48:8123/api/services/light/turn_on
2025-09-11 23:12:34,671 - ui.widgets.device_grid - INFO - Refreshed 27 entities
2025-09-11 23:12:34,671 - ui.widgets.page_stack_manager - INFO - Refreshed page 'devices'
2025-09-11 23:12:38,040 - services.ha_api - ERROR - Error calling service light.turn_on: 500 Server Error: Internal Server Error for url: http://10.0.0.48:8123/api/services/light/turn_on
2025-09-11 23:12:39,592 - services.ha_api - ERROR - Error calling service light.turn_on: 500 Server Error: Internal Server Error for url: http://10.0.0.48:8123/api/services/light/turn_on
2025-09-11 23:12:39,601 - ui.widgets.device_grid - INFO - Refreshed 27 entities
2025-09-11 23:12:39,601 - ui.widgets.page_stack_manager - INFO - Refreshed page 'devices'
2025-09-11 23:12:43,151 - services.ha_api - ERROR - Error calling service light.turn_on: 500 Server Error: Internal Server Error for url: http://10.0.0.48:8123/api/services/light/turn_on
2025-09-11 23:12:44,897 - services.ha_api - ERROR - Error calling service light.turn_on: 500 Server Error: Internal Server Error for url: http://10.0.0.48:8123/api/services/light/turn_on
2025-09-11 23:12:44,905 - ui.widgets.device_grid - INFO - Refreshed 27 entities
2025-09-11 23:12:44,905 - ui.widgets.page_stack_manager - INFO - Refreshed page 'devices'
2025-09-11 23:12:48,266 - services.ha_api - ERROR - Error calling service light.turn_on: 500 Server Error: Internal Server Error for url: http://10.0.0.48:8123/api/services/light/turn_on
2025-09-11 23:12:49,939 - services.ha_api - ERROR - Error calling service light.turn_on: 500 Server Error: Internal Server Error for url: http://10.0.0.48:8123/api/services/light/turn_on
2025-09-11 23:12:49,939 - ui.widgets.device_grid - INFO - Refreshed 27 entities
2025-09-11 23:12:49,939 - ui.widgets.page_stack_manager - INFO - Refreshed page 'devices'
2025-09-11 23:12:53,086 - services.ha_api - ERROR - Error calling service light.turn_on: 500 Server Error: Internal Server Error for url: http://10.0.0.48:8123/api/services/light/turn_on
2025-09-11 23:12:54,721 - services.ha_api - ERROR - Error calling service light.turn_on: 500 Server Error: Internal Server Error for url: http://10.0.0.48:8123/api/services/light/turn_on
2025-09-11 23:12:54,729 - ui.widgets.device_grid - INFO - Refreshed 27 entities
2025-09-11 23:12:54,729 - ui.widgets.page_stack_manager - INFO - Refreshed page 'devices'
2025-09-11 23:12:58,102 - services.ha_api - ERROR - Error calling service light.turn_on: 500 Server Error: Internal Server Error for url: http://10.0.0.48:8123/api/services/light/turn_on
2025-09-11 23:12:59,218 - services.ha_api - ERROR - Error calling service light.turn_on: 500 Server Error: Internal Server Error for url: http://10.0.0.48:8123/api/services/light/turn_on
2025-09-11 23:12:59,222 - ui.widgets.device_grid - INFO - Refreshed 27 entities
2025-09-11 23:12:59,222 - ui.widgets.page_stack_manager - INFO - Refreshed page 'devices'
2025-09-11 23:13:03,028 - services.ha_api - ERROR - Error calling service light.turn_on: 500 Server Error: Internal Server Error for url: http://10.0.0.48:8123/api/services/light/turn_on
2025-09-11 23:13:04,420 - services.ha_api - ERROR - Error calling service light.turn_on: 500 Server Error: Internal Server Error for url: http://10.0.0.48:8123/api/services/light/turn_on
2025-09-11 23:13:04,429 - ui.widgets.device_grid - INFO - Refreshed 27 entities
2025-09-11 23:13:04,429 - ui.widgets.page_stack_manager - INFO - Refreshed page 'devices'
2025-09-11 23:13:08,038 - services.ha_api - ERROR - Error calling service light.turn_on: 500 Server Error: Internal Server Error for url: http://10.0.0.48:8123/api/services/light/turn_on
2025-09-11 23:13:09,555 - services.ha_api - ERROR - Error calling service light.turn_on: 500 Server Error: Internal Server Error for url: http://10.0.0.48:8123/api/services/light/turn_on
2025-09-11 23:13:09,563 - ui.widgets.device_grid - INFO - Refreshed 27 entities
2025-09-11 23:13:09,563 - ui.widgets.page_stack_manager - INFO - Refreshed page 'devices'
2025-09-11 23:13:12,925 - services.ha_api - ERROR - Error calling service light.turn_on: 500 Server Error: Internal Server Error for url: http://10.0.0.48:8123/api/services/light/turn_on
2025-09-11 23:13:14,406 - services.ha_api - ERROR - Error calling service light.turn_on: 500 Server Error: Internal Server Error for url: http://10.0.0.48:8123/api/services/light/turn_on
2025-09-11 23:13:14,411 - ui.widgets.device_grid - INFO - Refreshed 27 entities
2025-09-11 23:13:14,411 - ui.widgets.page_stack_manager - INFO - Refreshed page 'devices'
2025-09-11 23:13:17,904 - services.ha_api - ERROR - Error calling service light.turn_on: 500 Server Error: Internal Server Error for url: http://10.0.0.48:8123/api/services/light/turn_on
2025-09-11 23:13:19,208 - services.ha_api - ERROR - Error calling service light.turn_on: 500 Server Error: Internal Server Error for url: http://10.0.0.48:8123/api/services/light/turn_on
2025-09-11 23:13:19,218 - ui.widgets.device_grid - INFO - Refreshed 27 entities
2025-09-11 23:13:19,218 - ui.widgets.page_stack_manager - INFO - Refreshed page 'devices'
2025-09-11 23:13:23,391 - services.ha_api - ERROR - Error calling service light.turn_on: 500 Server Error: Internal Server Error for url: http://10.0.0.48:8123/api/services/light/turn_on
2025-09-11 23:13:25,247 - services.ha_api - ERROR - Error calling service light.turn_on: 500 Server Error: Internal Server Error for url: http://10.0.0.48:8123/api/services/light/turn_on
2025-09-11 23:13:25,255 - ui.widgets.device_grid - INFO - Refreshed 27 entities
2025-09-11 23:13:25,255 - ui.widgets.page_stack_manager - INFO - Refreshed page 'devices'
2025-09-11 23:13:27,976 - services.ha_api - ERROR - Error calling service light.turn_on: 500 Server Error: Internal Server Error for url: http://10.0.0.48:8123/api/services/light/turn_on
2025-09-11 23:13:29,439 - services.ha_api - ERROR - Error calling service light.turn_on: 500 Server Error: Internal Server Error for url: http://10.0.0.48:8123/api/services/light/turn_on
2025-09-11 23:13:29,449 - ui.widgets.device_grid - INFO - Refreshed 27 entities
2025-09-11 23:13:29,449 - ui.widgets.page_stack_manager - INFO - Refreshed page 'devices'
2025-09-11 23:13:32,765 - services.ha_api - ERROR - Error calling service light.turn_on: 500 Server Error: Internal Server Error for url: http://10.0.0.48:8123/api/services/light/turn_on
2025-09-11 23:13:34,629 - services.ha_api - ERROR - Error calling service light.turn_on: 500 Server Error: Internal Server Error for url: http://10.0.0.48:8123/api/services/light/turn_on
2025-09-11 23:13:34,646 - ui.widgets.device_grid - INFO - Refreshed 27 entities
2025-09-11 23:13:34,646 - ui.widgets.page_stack_manager - INFO - Refreshed page 'devices'
2025-09-11 23:13:37,850 - services.ha_api - ERROR - Error calling service light.turn_on: 500 Server Error: Internal Server Error for url: http://10.0.0.48:8123/api/services/light/turn_on
2025-09-11 23:13:39,876 - services.ha_api - ERROR - Error calling service light.turn_on: 500 Server Error: Internal Server Error for url: http://10.0.0.48:8123/api/services/light/turn_on
2025-09-11 23:13:39,884 - ui.widgets.device_grid - INFO - Refreshed 27 entities
2025-09-11 23:13:39,884 - ui.widgets.page_stack_manager - INFO - Refreshed page 'devices'
2025-09-11 23:13:43,266 - services.ha_api - ERROR - Error calling service light.turn_on: 500 Server Error: Internal Server Error for url: http://10.0.0.48:8123/api/services/light/turn_on
2025-09-11 23:13:44,899 - services.ha_api - ERROR - Error calling service light.turn_on: 500 Server Error: Internal Server Error for url: http://10.0.0.48:8123/api/services/light/turn_on
2025-09-11 23:13:44,908 - ui.widgets.device_grid - INFO - Refreshed 27 entities
2025-09-11 23:13:44,908 - ui.widgets.page_stack_manager - INFO - Refreshed page 'devices'
2025-09-11 23:13:47,576 - services.ha_api - ERROR - Error calling service light.turn_on: 500 Server Error: Internal Server Error for url: http://10.0.0.48:8123/api/services/light/turn_on
2025-09-11 23:13:49,202 - services.ha_api - ERROR - Error calling service light.turn_on: 500 Server Error: Internal Server Error for url: http://10.0.0.48:8123/api/services/light/turn_on
2025-09-11 23:13:49,202 - ui.widgets.device_grid - INFO - Refreshed 27 entities
2025-09-11 23:13:49,202 - ui.widgets.page_stack_manager - INFO - Refreshed page 'devices'
2025-09-11 23:13:53,602 - services.ha_api - ERROR - Error calling service light.turn_on: 500 Server Error: Internal Server Error for url: http://10.0.0.48:8123/api/services/light/turn_on
2025-09-11 23:13:55,443 - services.ha_api - ERROR - Error calling service light.turn_on: 500 Server Error: Internal Server Error for url: http://10.0.0.48:8123/api/services/light/turn_on
2025-09-11 23:13:55,451 - ui.widgets.device_grid - INFO - Refreshed 27 entities
2025-09-11 23:13:55,451 - ui.widgets.page_stack_manager - INFO - Refreshed page 'devices'
2025-09-11 23:13:58,484 - services.ha_api - ERROR - Error calling service light.turn_on: 500 Server Error: Internal Server Error for url: http://10.0.0.48:8123/api/services/light/turn_on
2025-09-11 23:14:00,041 - services.ha_api - ERROR - Error calling service light.turn_on: 500 Server Error: Internal Server Error for url: http://10.0.0.48:8123/api/services/light/turn_on
2025-09-11 23:14:00,049 - ui.widgets.device_grid - INFO - Refreshed 27 entities
2025-09-11 23:14:00,049 - ui.widgets.page_stack_manager - INFO - Refreshed page 'devices'
2025-09-11 23:14:03,281 - services.ha_api - ERROR - Error calling service light.turn_on: 500 Server Error: Internal Server Error for url: http://10.0.0.48:8123/api/services/light/turn_on
2025-09-11 23:14:05,150 - services.ha_api - ERROR - Error calling service light.turn_on: 500 Server Error: Internal Server Error for url: http://10.0.0.48:8123/api/services/light/turn_on
2025-09-11 23:14:05,158 - ui.widgets.device_grid - INFO - Refreshed 27 entities
2025-09-11 23:14:05,158 - ui.widgets.page_stack_manager - INFO - Refreshed page 'devices'
2025-09-11 23:14:08,143 - services.ha_api - ERROR - Error calling service light.turn_on: 500 Server Error: Internal Server Error for url: http://10.0.0.48:8123/api/services/light/turn_on
2025-09-11 23:14:09,384 - services.ha_api - ERROR - Error calling service light.turn_on: 500 Server Error: Internal Server Error for url: http://10.0.0.48:8123/api/services/light/turn_on
2025-09-11 23:14:09,392 - ui.widgets.device_grid - INFO - Refreshed 27 entities
2025-09-11 23:14:09,392 - ui.widgets.page_stack_manager - INFO - Refreshed page 'devices'
2025-09-11 23:14:13,376 - services.ha_api - ERROR - Error calling service light.turn_on: 500 Server Error: Internal Server Error for url: http://10.0.0.48:8123/api/services/light/turn_on
2025-09-11 23:14:14,840 - services.ha_api - ERROR - Error calling service light.turn_on: 500 Server Error: Internal Server Error for url: http://10.0.0.48:8123/api/services/light/turn_on
2025-09-11 23:14:14,848 - ui.widgets.device_grid - INFO - Refreshed 27 entities
2025-09-11 23:14:14,848 - ui.widgets.page_stack_manager - INFO - Refreshed page 'devices'
2025-09-11 23:14:18,091 - services.ha_api - ERROR - Error calling service light.turn_on: 500 Server Error: Internal Server Error for url: http://10.0.0.48:8123/api/services/light/turn_on
2025-09-11 23:14:19,664 - services.ha_api - ERROR - Error calling service light.turn_on: 500 Server Error: Internal Server Error for url: http://10.0.0.48:8123/api/services/light/turn_on
2025-09-11 23:14:19,674 - ui.widgets.device_grid - INFO - Refreshed 27 entities
2025-09-11 23:14:19,674 - ui.widgets.page_stack_manager - INFO - Refreshed page 'devices'
2025-09-11 23:14:22,935 - services.ha_api - ERROR - Error calling service light.turn_on: 500 Server Error: Internal Server Error for url: http://10.0.0.48:8123/api/services/light/turn_on
2025-09-11 23:14:24,177 - services.ha_api - ERROR - Error calling service light.turn_on: 500 Server Error: Internal Server Error for url: http://10.0.0.48:8123/api/services/light/turn_on
2025-09-11 23:14:24,185 - ui.widgets.device_grid - INFO - Refreshed 27 entities
2025-09-11 23:14:24,187 - ui.widgets.page_stack_manager - INFO - Refreshed page 'devices'
2025-09-11 23:14:28,356 - services.ha_api - ERROR - Error calling service light.turn_on: 500 Server Error: Internal Server Error for url: http://10.0.0.48:8123/api/services/light/turn_on
2025-09-11 23:14:29,856 - services.ha_api - ERROR - Error calling service light.turn_on: 500 Server Error: Internal Server Error for url: http://10.0.0.48:8123/api/services/light/turn_on
2025-09-11 23:14:29,862 - ui.widgets.device_grid - INFO - Refreshed 27 entities
2025-09-11 23:14:29,864 - ui.widgets.page_stack_manager - INFO - Refreshed page 'devices'
2025-09-11 23:14:31,397 - services.ha_api - ERROR - Error calling service light.turn_on: 500 Server Error: Internal Server Error for url: http://10.0.0.48:8123/api/services/light/turn_on
2025-09-11 23:14:32,929 - services.ha_api - ERROR - Error calling service light.turn_on: 500 Server Error: Internal Server Error for url: http://10.0.0.48:8123/api/services/light/turn_on
2025-09-11 23:14:34,771 - services.ha_api - ERROR - Error calling service light.turn_on: 500 Server Error: Internal Server Error for url: http://10.0.0.48:8123/api/services/light/turn_on
2025-09-11 23:14:36,716 - services.ha_api - ERROR - Error calling service light.turn_on: 500 Server Error: Internal Server Error for url: http://10.0.0.48:8123/api/services/light/turn_on
2025-09-11 23:14:36,718 - ui.widgets.device_grid - INFO - Refreshed 27 entities
2025-09-11 23:14:36,720 - ui.widgets.page_stack_manager - INFO - Refreshed page 'devices'
2025-09-11 23:14:43,879 - services.ha_api - ERROR - Error calling service light.turn_off: 500 Server Error: Internal Server Error for url: http://10.0.0.48:8123/api/services/light/turn_off
2025-09-11 23:14:45,625 - services.ha_api - ERROR - Error calling service light.turn_on: 500 Server Error: Internal Server Error for url: http://10.0.0.48:8123/api/services/light/turn_on
2025-09-11 23:14:48,903 - ui.widgets.device_grid - INFO - Refreshed 27 entities
2025-09-11 23:14:48,904 - ui.widgets.page_stack_manager - INFO - Refreshed page 'devices'
2025-09-11 23:14:49,140 - ui.widgets.device_card - ERROR - Error updating entity display: setValue(self, value: int): argument 1 has unexpected type 'NoneType'
2025-09-11 23:17:45,160 - __main__ - INFO - Starting Home Assistant GUI...
2025-09-11 23:17:45,201 - __main__ - INFO - Creating main window...
2025-09-11 23:17:45,225 - ui.widgets.navigation_sidebar - INFO - Navigation changed to: overview
2025-09-11 23:17:47,520 - ui.widgets.page_stack_manager - INFO - Added page 'overview' at index 0
2025-09-11 23:17:47,520 - ui.widgets.page_stack_manager - INFO - Added page 'devices' at index 1
2025-09-11 23:17:47,531 - ui.widgets.page_stack_manager - INFO - Added page 'automations' at index 2
2025-09-11 23:17:47,536 - ui.widgets.page_stack_manager - INFO - Added page 'scenes' at index 3
2025-09-11 23:17:47,536 - ui.widgets.page_stack_manager - INFO - Added page 'scripts' at index 4
2025-09-11 23:17:47,930 - ui.widgets.page_stack_manager - INFO - Added page 'settings' at index 5
2025-09-11 23:17:47,931 - ui.main_window - INFO - All pages initialized successfully
2025-09-11 23:17:47,931 - ui.widgets.page_stack_manager - INFO - Switched to page 'overview'
2025-09-11 23:17:48,394 - __main__ - INFO - Application started successfully
2025-09-11 23:17:52,686 - ui.widgets.page_stack_manager - INFO - Switched to page 'devices'
2025-09-11 23:17:52,686 - ui.main_window - INFO - Switched to page: devices
2025-09-11 23:17:52,687 - ui.widgets.navigation_sidebar - INFO - Navigation changed to: devices
2025-09-11 23:17:52,937 - ui.widgets.page_stack_manager - INFO - Refreshed page 'devices'
2025-09-11 23:17:53,825 - ui.widgets.page_stack_manager - INFO - Switched to page 'overview'
2025-09-11 23:17:53,825 - ui.main_window - INFO - Switched to page: overview
2025-09-11 23:17:53,825 - ui.widgets.navigation_sidebar - INFO - Navigation changed to: overview
2025-09-11 23:17:57,924 - ui.widgets.page_stack_manager - INFO - Refreshed page 'overview'
2025-09-11 23:18:02,926 - ui.widgets.page_stack_manager - INFO - Refreshed page 'overview'
2025-09-11 23:18:07,923 - ui.widgets.page_stack_manager - INFO - Refreshed page 'overview'
2025-09-11 23:18:12,926 - ui.widgets.page_stack_manager - INFO - Refreshed page 'overview'
2025-09-11 23:18:18,013 - ui.widgets.overview_page - INFO - Overview page refreshed successfully
2025-09-11 23:18:18,013 - ui.widgets.page_stack_manager - INFO - Refreshed page 'overview'
2025-09-11 23:31:20,298 - __main__ - INFO - Starting Home Assistant GUI...
2025-09-11 23:31:20,331 - __main__ - INFO - Creating main window...
2025-09-11 23:31:20,430 - ui.widgets.navigation_sidebar - INFO - Navigation changed to: overview
2025-09-11 23:31:22,595 - ui.widgets.page_stack_manager - INFO - Added page 'overview' at index 0
2025-09-11 23:31:22,599 - ui.widgets.page_stack_manager - INFO - Added page 'devices' at index 1
2025-09-11 23:31:22,602 - ui.widgets.page_stack_manager - INFO - Added page 'automations' at index 2
2025-09-11 23:31:22,602 - ui.widgets.page_stack_manager - INFO - Added page 'scenes' at index 3
2025-09-11 23:31:22,605 - ui.widgets.page_stack_manager - INFO - Added page 'scripts' at index 4
2025-09-11 23:31:23,098 - ui.widgets.page_stack_manager - INFO - Added page 'settings' at index 5
2025-09-11 23:31:23,098 - ui.main_window - INFO - All pages initialized successfully
2025-09-11 23:31:23,099 - ui.widgets.page_stack_manager - INFO - Switched to page 'overview'
2025-09-11 23:31:23,615 - __main__ - INFO - Application started successfully
2025-09-11 23:31:26,604 - ui.widgets.page_stack_manager - INFO - Switched to page 'devices'
2025-09-11 23:31:26,604 - ui.main_window - INFO - Switched to page: devices
2025-09-11 23:31:26,604 - ui.widgets.navigation_sidebar - INFO - Navigation changed to: devices
2025-09-11 23:31:28,111 - ui.widgets.page_stack_manager - INFO - Refreshed page 'devices'
2025-09-11 23:31:33,104 - ui.widgets.page_stack_manager - INFO - Refreshed page 'devices'
2025-09-11 23:31:38,103 - ui.widgets.page_stack_manager - INFO - Refreshed page 'devices'
2025-09-11 23:31:43,111 - ui.widgets.page_stack_manager - INFO - Refreshed page 'devices'
2025-09-11 23:31:48,114 - ui.widgets.page_stack_manager - INFO - Refreshed page 'devices'
2025-09-11 23:31:52,431 - ui.widgets.page_stack_manager - INFO - Switched to page 'automations'
2025-09-11 23:31:52,434 - ui.main_window - INFO - Switched to page: automations
2025-09-11 23:31:52,434 - ui.widgets.navigation_sidebar - INFO - Navigation changed to: automations
2025-09-11 23:31:53,146 - services.ha_api - ERROR - Error fetching automations: 404 Client Error: Not Found for url: http://10.0.0.48:8123/api/config/automation/config
2025-09-11 23:31:53,149 - ui.widgets.automation_editor - INFO - Refreshed 0 automations
2025-09-11 23:31:53,149 - ui.widgets.page_stack_manager - INFO - Refreshed page 'automations'
2025-09-11 23:31:53,375 - ui.widgets.page_stack_manager - INFO - Switched to page 'devices'
2025-09-11 23:31:53,375 - ui.main_window - INFO - Switched to page: devices
2025-09-11 23:31:53,379 - ui.widgets.navigation_sidebar - INFO - Navigation changed to: devices
2025-09-11 23:31:54,150 - ui.widgets.page_stack_manager - INFO - Switched to page 'overview'
2025-09-11 23:31:54,150 - ui.main_window - INFO - Switched to page: overview
2025-09-11 23:31:54,152 - ui.widgets.navigation_sidebar - INFO - Navigation changed to: overview
2025-09-11 23:31:58,180 - ui.widgets.overview_page - INFO - Overview page refreshed successfully
2025-09-11 23:31:58,182 - ui.widgets.page_stack_manager - INFO - Refreshed page 'overview'
2025-09-11 23:31:59,355 - ui.widgets.page_stack_manager - INFO - Switched to page 'devices'
2025-09-11 23:31:59,355 - ui.main_window - INFO - Switched to page: devices
2025-09-11 23:31:59,355 - ui.widgets.navigation_sidebar - INFO - Navigation changed to: devices
2025-09-11 23:33:59,295 - __main__ - INFO - Starting Home Assistant GUI...
2025-09-11 23:33:59,317 - __main__ - INFO - Creating main window...
2025-09-11 23:33:59,328 - ui.widgets.navigation_sidebar - INFO - Navigation changed to: overview
2025-09-11 23:33:59,785 - ui.widgets.page_stack_manager - INFO - Added page 'overview' at index 0
2025-09-11 23:33:59,785 - ui.widgets.page_stack_manager - INFO - Added page 'devices' at index 1
2025-09-11 23:33:59,791 - ui.widgets.page_stack_manager - INFO - Added page 'automations' at index 2
2025-09-11 23:33:59,791 - ui.widgets.page_stack_manager - INFO - Added page 'scenes' at index 3
2025-09-11 23:33:59,791 - ui.widgets.page_stack_manager - INFO - Added page 'scripts' at index 4
2025-09-11 23:34:00,319 - ui.widgets.page_stack_manager - INFO - Added page 'settings' at index 5
2025-09-11 23:34:00,322 - ui.main_window - INFO - All pages initialized successfully
2025-09-11 23:34:00,323 - ui.widgets.page_stack_manager - INFO - Switched to page 'overview'
2025-09-11 23:34:00,773 - __main__ - INFO - Application started successfully
2025-09-11 23:34:05,321 - ui.widgets.page_stack_manager - INFO - Refreshed page 'overview'
2025-09-11 23:34:10,315 - ui.widgets.page_stack_manager - INFO - Refreshed page 'overview'
2025-09-11 23:34:15,320 - ui.widgets.page_stack_manager - INFO - Refreshed page 'overview'
2025-09-11 23:34:20,313 - ui.widgets.page_stack_manager - INFO - Refreshed page 'overview'
2025-09-11 23:34:25,330 - ui.widgets.page_stack_manager - INFO - Refreshed page 'overview'
2025-09-11 23:34:30,396 - ui.widgets.overview_page - INFO - Overview page refreshed successfully
2025-09-11 23:34:30,396 - ui.widgets.page_stack_manager - INFO - Refreshed page 'overview'
2025-09-11 23:34:35,482 - ui.widgets.overview_page - INFO - Overview page refreshed successfully
2025-09-11 23:34:35,482 - ui.widgets.page_stack_manager - INFO - Refreshed page 'overview'
2025-09-11 23:34:40,371 - ui.widgets.overview_page - INFO - Overview page refreshed successfully
2025-09-11 23:34:40,372 - ui.widgets.page_stack_manager - INFO - Refreshed page 'overview'
2025-09-11 23:34:45,406 - ui.widgets.overview_page - INFO - Overview page refreshed successfully
2025-09-11 23:34:45,406 - ui.widgets.page_stack_manager - INFO - Refreshed page 'overview'
2025-09-11 23:34:50,388 - ui.widgets.overview_page - INFO - Overview page refreshed successfully
2025-09-11 23:34:50,388 - ui.widgets.page_stack_manager - INFO - Refreshed page 'overview'
2025-09-11 23:34:55,383 - ui.widgets.overview_page - INFO - Overview page refreshed successfully
2025-09-11 23:34:55,383 - ui.widgets.page_stack_manager - INFO - Refreshed page 'overview'
2025-09-11 23:34:55,648 - ui.widgets.page_stack_manager - INFO - Switched to page 'devices'
2025-09-11 23:34:55,649 - ui.main_window - INFO - Switched to page: devices
2025-09-11 23:34:55,649 - ui.widgets.navigation_sidebar - INFO - Navigation changed to: devices
2025-09-11 23:35:00,422 - ui.widgets.device_grid - INFO - Refreshed 27 entities
2025-09-11 23:35:00,422 - ui.widgets.page_stack_manager - INFO - Refreshed page 'devices'
2025-09-11 23:35:05,443 - ui.widgets.device_grid - INFO - Refreshed 27 entities
2025-09-11 23:35:05,443 - ui.widgets.page_stack_manager - INFO - Refreshed page 'devices'
2025-09-11 23:35:10,414 - ui.widgets.device_grid - INFO - Refreshed 27 entities
2025-09-11 23:35:10,414 - ui.widgets.page_stack_manager - INFO - Refreshed page 'devices'
2025-09-11 23:35:15,641 - ui.widgets.device_grid - INFO - Refreshed 27 entities
2025-09-11 23:35:15,643 - ui.widgets.page_stack_manager - INFO - Refreshed page 'devices'
2025-09-11 23:35:20,387 - ui.widgets.device_grid - INFO - Refreshed 27 entities
2025-09-11 23:35:20,387 - ui.widgets.page_stack_manager - INFO - Refreshed page 'devices'
2025-09-11 23:35:25,390 - ui.widgets.device_grid - INFO - Refreshed 27 entities
2025-09-11 23:35:25,390 - ui.widgets.page_stack_manager - INFO - Refreshed page 'devices'
2025-09-11 23:35:31,731 - ui.widgets.device_grid - INFO - Refreshed 27 entities
2025-09-11 23:35:31,731 - ui.widgets.page_stack_manager - INFO - Refreshed page 'devices'
2025-09-11 23:35:35,539 - ui.widgets.device_grid - INFO - Refreshed 27 entities
2025-09-11 23:35:35,540 - ui.widgets.page_stack_manager - INFO - Refreshed page 'devices'
2025-09-11 23:35:36,971 - ui.widgets.page_stack_manager - INFO - Switched to page 'automations'
2025-09-11 23:35:36,971 - ui.main_window - INFO - Switched to page: automations
2025-09-11 23:35:36,973 - ui.widgets.navigation_sidebar - INFO - Navigation changed to: automations
2025-09-11 23:35:39,965 - ui.widgets.page_stack_manager - INFO - Switched to page 'scripts'
2025-09-11 23:35:39,965 - ui.main_window - INFO - Switched to page: scripts
2025-09-11 23:35:39,965 - ui.widgets.navigation_sidebar - INFO - Navigation changed to: scripts
2025-09-11 23:35:40,353 - ui.widgets.scripts_page - INFO - Refreshed 0 scripts
2025-09-11 23:35:40,353 - ui.widgets.page_stack_manager - INFO - Refreshed page 'scripts'
2025-09-11 23:35:41,496 - ui.widgets.page_stack_manager - INFO - Switched to page 'automations'
2025-09-11 23:35:41,498 - ui.main_window - INFO - Switched to page: automations
2025-09-11 23:35:41,498 - ui.widgets.navigation_sidebar - INFO - Navigation changed to: automations
2025-09-11 23:35:42,498 - ui.widgets.page_stack_manager - INFO - Switched to page 'devices'
2025-09-11 23:35:42,498 - ui.main_window - INFO - Switched to page: devices
2025-09-11 23:35:42,498 - ui.widgets.navigation_sidebar - INFO - Navigation changed to: devices
2025-09-11 23:35:44,725 - ui.widgets.page_stack_manager - INFO - Switched to page 'automations'
2025-09-11 23:35:44,727 - ui.main_window - INFO - Switched to page: automations
2025-09-11 23:35:44,727 - ui.widgets.navigation_sidebar - INFO - Navigation changed to: automations
2025-09-11 23:35:45,364 - services.ha_api - ERROR - Error fetching automations: 404 Client Error: Not Found for url: http://10.0.0.48:8123/api/config/automation/config
2025-09-11 23:35:45,366 - ui.widgets.automation_editor - INFO - Refreshed 0 automations
2025-09-11 23:35:45,366 - ui.widgets.page_stack_manager - INFO - Refreshed page 'automations'
2025-09-11 23:35:50,351 - services.ha_api - ERROR - Error fetching automations: 404 Client Error: Not Found for url: http://10.0.0.48:8123/api/config/automation/config
2025-09-11 23:35:50,358 - ui.widgets.automation_editor - INFO - Refreshed 0 automations
2025-09-11 23:35:50,358 - ui.widgets.page_stack_manager - INFO - Refreshed page 'automations'
2025-09-11 23:35:55,348 - services.ha_api - ERROR - Error fetching automations: 404 Client Error: Not Found for url: http://10.0.0.48:8123/api/config/automation/config
2025-09-11 23:35:55,349 - ui.widgets.automation_editor - INFO - Refreshed 0 automations
2025-09-11 23:35:55,349 - ui.widgets.page_stack_manager - INFO - Refreshed page 'automations'
2025-09-11 23:36:00,383 - services.ha_api - ERROR - Error fetching automations: 404 Client Error: Not Found for url: http://10.0.0.48:8123/api/config/automation/config
2025-09-11 23:36:00,385 - ui.widgets.automation_editor - INFO - Refreshed 0 automations
2025-09-11 23:36:00,385 - ui.widgets.page_stack_manager - INFO - Refreshed page 'automations'
2025-09-11 23:36:05,531 - services.ha_api - ERROR - Error fetching automations: 404 Client Error: Not Found for url: http://10.0.0.48:8123/api/config/automation/config
2025-09-11 23:36:05,531 - ui.widgets.automation_editor - INFO - Refreshed 0 automations
2025-09-11 23:36:05,531 - ui.widgets.page_stack_manager - INFO - Refreshed page 'automations'
2025-09-11 23:36:10,372 - services.ha_api - ERROR - Error fetching automations: 404 Client Error: Not Found for url: http://10.0.0.48:8123/api/config/automation/config
2025-09-11 23:36:10,372 - ui.widgets.automation_editor - INFO - Refreshed 0 automations
2025-09-11 23:36:10,372 - ui.widgets.page_stack_manager - INFO - Refreshed page 'automations'
2025-09-11 23:36:15,359 - services.ha_api - ERROR - Error fetching automations: 404 Client Error: Not Found for url: http://10.0.0.48:8123/api/config/automation/config
2025-09-11 23:36:15,359 - ui.widgets.automation_editor - INFO - Refreshed 0 automations
2025-09-11 23:36:15,362 - ui.widgets.page_stack_manager - INFO - Refreshed page 'automations'
2025-09-11 23:36:20,331 - services.ha_api - ERROR - Error fetching automations: 404 Client Error: Not Found for url: http://10.0.0.48:8123/api/config/automation/config
2025-09-11 23:36:20,331 - ui.widgets.automation_editor - INFO - Refreshed 0 automations
2025-09-11 23:36:20,331 - ui.widgets.page_stack_manager - INFO - Refreshed page 'automations'
2025-09-11 23:36:25,365 - services.ha_api - ERROR - Error fetching automations: 404 Client Error: Not Found for url: http://10.0.0.48:8123/api/config/automation/config
2025-09-11 23:36:25,387 - ui.widgets.automation_editor - INFO - Refreshed 0 automations
2025-09-11 23:36:25,387 - ui.widgets.page_stack_manager - INFO - Refreshed page 'automations'
2025-09-11 23:36:30,347 - services.ha_api - ERROR - Error fetching automations: 404 Client Error: Not Found for url: http://10.0.0.48:8123/api/config/automation/config
2025-09-11 23:36:30,347 - ui.widgets.automation_editor - INFO - Refreshed 0 automations
2025-09-11 23:36:30,347 - ui.widgets.page_stack_manager - INFO - Refreshed page 'automations'
2025-09-11 23:36:31,375 - services.ha_api - ERROR - Error fetching automations: 404 Client Error: Not Found for url: http://10.0.0.48:8123/api/config/automation/config
2025-09-11 23:36:31,375 - ui.widgets.automation_editor - INFO - Refreshed 0 automations
2025-09-11 23:36:31,375 - ui.widgets.page_stack_manager - INFO - Refreshed page 'automations'
2025-09-11 23:36:35,351 - services.ha_api - ERROR - Error fetching automations: 404 Client Error: Not Found for url: http://10.0.0.48:8123/api/config/automation/config
2025-09-11 23:36:35,351 - ui.widgets.automation_editor - INFO - Refreshed 0 automations
2025-09-11 23:36:35,351 - ui.widgets.page_stack_manager - INFO - Refreshed page 'automations'
2025-09-11 23:36:40,361 - services.ha_api - ERROR - Error fetching automations: 404 Client Error: Not Found for url: http://10.0.0.48:8123/api/config/automation/config
2025-09-11 23:36:40,361 - ui.widgets.automation_editor - INFO - Refreshed 0 automations
2025-09-11 23:36:40,361 - ui.widgets.page_stack_manager - INFO - Refreshed page 'automations'
2025-09-11 23:36:45,729 - services.ha_api - ERROR - Error fetching automations: 404 Client Error: Not Found for url: http://10.0.0.48:8123/api/config/automation/config
2025-09-11 23:36:45,729 - ui.widgets.automation_editor - INFO - Refreshed 0 automations
2025-09-11 23:36:45,729 - ui.widgets.page_stack_manager - INFO - Refreshed page 'automations'
2025-09-11 23:36:50,481 - services.ha_api - ERROR - Error fetching automations: 404 Client Error: Not Found for url: http://10.0.0.48:8123/api/config/automation/config
2025-09-11 23:36:50,481 - ui.widgets.automation_editor - INFO - Refreshed 0 automations
2025-09-11 23:36:50,482 - ui.widgets.page_stack_manager - INFO - Refreshed page 'automations'
2025-09-11 23:36:55,384 - services.ha_api - ERROR - Error fetching automations: 404 Client Error: Not Found for url: http://10.0.0.48:8123/api/config/automation/config
2025-09-11 23:36:55,384 - ui.widgets.automation_editor - INFO - Refreshed 0 automations
2025-09-11 23:36:55,384 - ui.widgets.page_stack_manager - INFO - Refreshed page 'automations'
2025-09-11 23:37:00,347 - services.ha_api - ERROR - Error fetching automations: 404 Client Error: Not Found for url: http://10.0.0.48:8123/api/config/automation/config
2025-09-11 23:37:00,347 - ui.widgets.automation_editor - INFO - Refreshed 0 automations
2025-09-11 23:37:00,347 - ui.widgets.page_stack_manager - INFO - Refreshed page 'automations'
2025-09-11 23:37:05,348 - services.ha_api - ERROR - Error fetching automations: 404 Client Error: Not Found for url: http://10.0.0.48:8123/api/config/automation/config
2025-09-11 23:37:05,350 - ui.widgets.automation_editor - INFO - Refreshed 0 automations
2025-09-11 23:37:05,350 - ui.widgets.page_stack_manager - INFO - Refreshed page 'automations'
2025-09-11 23:37:10,342 - services.ha_api - ERROR - Error fetching automations: 404 Client Error: Not Found for url: http://10.0.0.48:8123/api/config/automation/config
2025-09-11 23:37:10,345 - ui.widgets.automation_editor - INFO - Refreshed 0 automations
2025-09-11 23:37:10,345 - ui.widgets.page_stack_manager - INFO - Refreshed page 'automations'
2025-09-11 23:37:15,349 - services.ha_api - ERROR - Error fetching automations: 404 Client Error: Not Found for url: http://10.0.0.48:8123/api/config/automation/config
2025-09-11 23:37:15,351 - ui.widgets.automation_editor - INFO - Refreshed 0 automations
2025-09-11 23:37:15,352 - ui.widgets.page_stack_manager - INFO - Refreshed page 'automations'
2025-09-11 23:37:20,348 - services.ha_api - ERROR - Error fetching automations: 404 Client Error: Not Found for url: http://10.0.0.48:8123/api/config/automation/config
2025-09-11 23:37:20,348 - ui.widgets.automation_editor - INFO - Refreshed 0 automations
2025-09-11 23:37:20,348 - ui.widgets.page_stack_manager - INFO - Refreshed page 'automations'
2025-09-11 23:37:25,621 - services.ha_api - ERROR - Error fetching automations: 404 Client Error: Not Found for url: http://10.0.0.48:8123/api/config/automation/config
2025-09-11 23:37:25,621 - ui.widgets.automation_editor - INFO - Refreshed 0 automations
2025-09-11 23:37:25,621 - ui.widgets.page_stack_manager - INFO - Refreshed page 'automations'
2025-09-11 23:37:30,350 - services.ha_api - ERROR - Error fetching automations: 404 Client Error: Not Found for url: http://10.0.0.48:8123/api/config/automation/config
2025-09-11 23:37:30,352 - ui.widgets.automation_editor - INFO - Refreshed 0 automations
2025-09-11 23:37:30,353 - ui.widgets.page_stack_manager - INFO - Refreshed page 'automations'
2025-09-11 23:37:36,501 - services.ha_api - ERROR - Error fetching automations: 404 Client Error: Not Found for url: http://10.0.0.48:8123/api/config/automation/config
2025-09-11 23:37:36,504 - ui.widgets.automation_editor - INFO - Refreshed 0 automations
2025-09-11 23:37:36,504 - ui.widgets.page_stack_manager - INFO - Refreshed page 'automations'
2025-09-11 23:37:40,623 - services.ha_api - ERROR - Error fetching automations: 404 Client Error: Not Found for url: http://10.0.0.48:8123/api/config/automation/config
2025-09-11 23:37:40,623 - ui.widgets.automation_editor - INFO - Refreshed 0 automations
2025-09-11 23:37:40,623 - ui.widgets.page_stack_manager - INFO - Refreshed page 'automations'
2025-09-11 23:37:45,348 - services.ha_api - ERROR - Error fetching automations: 404 Client Error: Not Found for url: http://10.0.0.48:8123/api/config/automation/config
2025-09-11 23:37:45,349 - ui.widgets.automation_editor - INFO - Refreshed 0 automations
2025-09-11 23:37:45,351 - ui.widgets.page_stack_manager - INFO - Refreshed page 'automations'
2025-09-11 23:37:50,497 - services.ha_api - ERROR - Error fetching automations: 404 Client Error: Not Found for url: http://10.0.0.48:8123/api/config/automation/config
2025-09-11 23:37:50,497 - ui.widgets.automation_editor - INFO - Refreshed 0 automations
2025-09-11 23:37:50,498 - ui.widgets.page_stack_manager - INFO - Refreshed page 'automations'
2025-09-11 23:37:55,592 - services.ha_api - ERROR - Error fetching automations: 404 Client Error: Not Found for url: http://10.0.0.48:8123/api/config/automation/config
2025-09-11 23:37:55,595 - ui.widgets.automation_editor - INFO - Refreshed 0 automations
2025-09-11 23:37:55,597 - ui.widgets.page_stack_manager - INFO - Refreshed page 'automations'
2025-09-11 23:38:00,346 - services.ha_api - ERROR - Error fetching automations: 404 Client Error: Not Found for url: http://10.0.0.48:8123/api/config/automation/config
2025-09-11 23:38:00,348 - ui.widgets.automation_editor - INFO - Refreshed 0 automations
2025-09-11 23:38:00,348 - ui.widgets.page_stack_manager - INFO - Refreshed page 'automations'
2025-09-11 23:38:05,345 - services.ha_api - ERROR - Error fetching automations: 404 Client Error: Not Found for url: http://10.0.0.48:8123/api/config/automation/config
2025-09-11 23:38:05,346 - ui.widgets.automation_editor - INFO - Refreshed 0 automations
2025-09-11 23:38:05,346 - ui.widgets.page_stack_manager - INFO - Refreshed page 'automations'
2025-09-11 23:38:10,332 - services.ha_api - ERROR - Error fetching automations: 404 Client Error: Not Found for url: http://10.0.0.48:8123/api/config/automation/config
2025-09-11 23:38:10,332 - ui.widgets.automation_editor - INFO - Refreshed 0 automations
2025-09-11 23:38:10,332 - ui.widgets.page_stack_manager - INFO - Refreshed page 'automations'
2025-09-11 23:38:15,366 - services.ha_api - ERROR - Error fetching automations: 404 Client Error: Not Found for url: http://10.0.0.48:8123/api/config/automation/config
2025-09-11 23:38:15,367 - ui.widgets.automation_editor - INFO - Refreshed 0 automations
2025-09-11 23:38:15,367 - ui.widgets.page_stack_manager - INFO - Refreshed page 'automations'
2025-09-11 23:38:20,350 - services.ha_api - ERROR - Error fetching automations: 404 Client Error: Not Found for url: http://10.0.0.48:8123/api/config/automation/config
2025-09-11 23:38:20,350 - ui.widgets.automation_editor - INFO - Refreshed 0 automations
2025-09-11 23:38:20,350 - ui.widgets.page_stack_manager - INFO - Refreshed page 'automations'
2025-09-11 23:38:21,983 - ui.widgets.device_grid - INFO - Refreshed 27 entities
2025-09-11 23:38:25,338 - services.ha_api - ERROR - Error fetching automations: 404 Client Error: Not Found for url: http://10.0.0.48:8123/api/config/automation/config
2025-09-11 23:38:25,339 - ui.widgets.automation_editor - INFO - Refreshed 0 automations
2025-09-11 23:38:25,339 - ui.widgets.page_stack_manager - INFO - Refreshed page 'automations'
2025-09-11 23:38:30,339 - services.ha_api - ERROR - Error fetching automations: 404 Client Error: Not Found for url: http://10.0.0.48:8123/api/config/automation/config
2025-09-11 23:38:30,341 - ui.widgets.automation_editor - INFO - Refreshed 0 automations
2025-09-11 23:38:30,341 - ui.widgets.page_stack_manager - INFO - Refreshed page 'automations'
2025-09-11 23:38:35,645 - services.ha_api - ERROR - Error fetching automations: 404 Client Error: Not Found for url: http://10.0.0.48:8123/api/config/automation/config
2025-09-11 23:38:35,646 - ui.widgets.automation_editor - INFO - Refreshed 0 automations
2025-09-11 23:38:35,646 - ui.widgets.page_stack_manager - INFO - Refreshed page 'automations'
2025-09-11 23:38:40,366 - services.ha_api - ERROR - Error fetching automations: 404 Client Error: Not Found for url: http://10.0.0.48:8123/api/config/automation/config
2025-09-11 23:38:40,367 - ui.widgets.automation_editor - INFO - Refreshed 0 automations
2025-09-11 23:38:40,367 - ui.widgets.page_stack_manager - INFO - Refreshed page 'automations'
2025-09-11 23:38:45,709 - services.ha_api - ERROR - Error fetching automations: 404 Client Error: Not Found for url: http://10.0.0.48:8123/api/config/automation/config
2025-09-11 23:38:45,709 - ui.widgets.automation_editor - INFO - Refreshed 0 automations
2025-09-11 23:38:45,713 - ui.widgets.page_stack_manager - INFO - Refreshed page 'automations'
2025-09-11 23:38:50,464 - services.ha_api - ERROR - Error fetching automations: 404 Client Error: Not Found for url: http://10.0.0.48:8123/api/config/automation/config
2025-09-11 23:38:50,464 - ui.widgets.automation_editor - INFO - Refreshed 0 automations
2025-09-11 23:38:50,467 - ui.widgets.page_stack_manager - INFO - Refreshed page 'automations'
2025-09-11 23:38:55,414 - services.ha_api - ERROR - Error fetching automations: 404 Client Error: Not Found for url: http://10.0.0.48:8123/api/config/automation/config
2025-09-11 23:38:55,422 - ui.widgets.automation_editor - INFO - Refreshed 0 automations
2025-09-11 23:38:55,422 - ui.widgets.page_stack_manager - INFO - Refreshed page 'automations'
2025-09-11 23:39:00,365 - services.ha_api - ERROR - Error fetching automations: 404 Client Error: Not Found for url: http://10.0.0.48:8123/api/config/automation/config
2025-09-11 23:39:00,365 - ui.widgets.automation_editor - INFO - Refreshed 0 automations
2025-09-11 23:39:00,365 - ui.widgets.page_stack_manager - INFO - Refreshed page 'automations'
2025-09-11 23:39:05,365 - services.ha_api - ERROR - Error fetching automations: 404 Client Error: Not Found for url: http://10.0.0.48:8123/api/config/automation/config
2025-09-11 23:39:05,365 - ui.widgets.automation_editor - INFO - Refreshed 0 automations
2025-09-11 23:39:05,367 - ui.widgets.page_stack_manager - INFO - Refreshed page 'automations'
2025-09-11 23:39:10,370 - services.ha_api - ERROR - Error fetching automations: 404 Client Error: Not Found for url: http://10.0.0.48:8123/api/config/automation/config
2025-09-11 23:39:10,370 - ui.widgets.automation_editor - INFO - Refreshed 0 automations
2025-09-11 23:39:10,370 - ui.widgets.page_stack_manager - INFO - Refreshed page 'automations'
2025-09-11 23:39:15,651 - services.ha_api - ERROR - Error fetching automations: 404 Client Error: Not Found for url: http://10.0.0.48:8123/api/config/automation/config
2025-09-11 23:39:15,651 - ui.widgets.automation_editor - INFO - Refreshed 0 automations
2025-09-11 23:39:15,651 - ui.widgets.page_stack_manager - INFO - Refreshed page 'automations'
2025-09-11 23:39:20,349 - services.ha_api - ERROR - Error fetching automations: 404 Client Error: Not Found for url: http://10.0.0.48:8123/api/config/automation/config
2025-09-11 23:39:20,349 - ui.widgets.automation_editor - INFO - Refreshed 0 automations
2025-09-11 23:39:20,351 - ui.widgets.page_stack_manager - INFO - Refreshed page 'automations'
2025-09-11 23:39:25,408 - services.ha_api - ERROR - Error fetching automations: 404 Client Error: Not Found for url: http://10.0.0.48:8123/api/config/automation/config
2025-09-11 23:39:25,408 - ui.widgets.automation_editor - INFO - Refreshed 0 automations
2025-09-11 23:39:25,408 - ui.widgets.page_stack_manager - INFO - Refreshed page 'automations'
2025-09-11 23:39:30,362 - services.ha_api - ERROR - Error fetching automations: 404 Client Error: Not Found for url: http://10.0.0.48:8123/api/config/automation/config
2025-09-11 23:39:30,362 - ui.widgets.automation_editor - INFO - Refreshed 0 automations
2025-09-11 23:39:30,362 - ui.widgets.page_stack_manager - INFO - Refreshed page 'automations'
2025-09-11 23:39:35,347 - services.ha_api - ERROR - Error fetching automations: 404 Client Error: Not Found for url: http://10.0.0.48:8123/api/config/automation/config
2025-09-11 23:39:35,347 - ui.widgets.automation_editor - INFO - Refreshed 0 automations
2025-09-11 23:39:35,347 - ui.widgets.page_stack_manager - INFO - Refreshed page 'automations'
2025-09-11 23:39:40,347 - services.ha_api - ERROR - Error fetching automations: 404 Client Error: Not Found for url: http://10.0.0.48:8123/api/config/automation/config
2025-09-11 23:39:40,347 - ui.widgets.automation_editor - INFO - Refreshed 0 automations
2025-09-11 23:39:40,352 - ui.widgets.page_stack_manager - INFO - Refreshed page 'automations'
2025-09-11 23:39:45,418 - services.ha_api - ERROR - Error fetching automations: 404 Client Error: Not Found for url: http://10.0.0.48:8123/api/config/automation/config
2025-09-11 23:39:45,420 - ui.widgets.automation_editor - INFO - Refreshed 0 automations
2025-09-11 23:39:45,420 - ui.widgets.page_stack_manager - INFO - Refreshed page 'automations'
2025-09-11 23:39:50,530 - services.ha_api - ERROR - Error fetching automations: 404 Client Error: Not Found for url: http://10.0.0.48:8123/api/config/automation/config
2025-09-11 23:39:50,532 - ui.widgets.automation_editor - INFO - Refreshed 0 automations
2025-09-11 23:39:50,532 - ui.widgets.page_stack_manager - INFO - Refreshed page 'automations'
2025-09-11 23:39:55,471 - services.ha_api - ERROR - Error fetching automations: 404 Client Error: Not Found for url: http://10.0.0.48:8123/api/config/automation/config
2025-09-11 23:39:55,471 - ui.widgets.automation_editor - INFO - Refreshed 0 automations
2025-09-11 23:39:55,471 - ui.widgets.page_stack_manager - INFO - Refreshed page 'automations'
2025-09-11 23:40:01,856 - services.ha_api - ERROR - Error fetching automations: 404 Client Error: Not Found for url: http://10.0.0.48:8123/api/config/automation/config
2025-09-11 23:40:01,856 - ui.widgets.automation_editor - INFO - Refreshed 0 automations
2025-09-11 23:40:01,859 - ui.widgets.page_stack_manager - INFO - Refreshed page 'automations'
2025-09-11 23:40:05,457 - services.ha_api - ERROR - Error fetching automations: 404 Client Error: Not Found for url: http://10.0.0.48:8123/api/config/automation/config
2025-09-11 23:40:05,457 - ui.widgets.automation_editor - INFO - Refreshed 0 automations
2025-09-11 23:40:05,457 - ui.widgets.page_stack_manager - INFO - Refreshed page 'automations'
2025-09-11 23:40:08,721 - ui.main_window - INFO - Application closing gracefully
2025-09-11 23:40:13,122 - __main__ - INFO - Starting Home Assistant GUI...
2025-09-11 23:40:13,149 - __main__ - INFO - Creating main window...
2025-09-11 23:40:13,157 - ui.widgets.navigation_sidebar - INFO - Navigation changed to: overview
2025-09-11 23:40:14,176 - ui.widgets.page_stack_manager - INFO - Added page 'overview' at index 0
2025-09-11 23:40:14,185 - ui.widgets.page_stack_manager - INFO - Added page 'devices' at index 1
2025-09-11 23:40:14,191 - ui.widgets.page_stack_manager - INFO - Added page 'automations' at index 2
2025-09-11 23:40:14,196 - ui.widgets.page_stack_manager - INFO - Added page 'scenes' at index 3
2025-09-11 23:40:14,202 - ui.widgets.page_stack_manager - INFO - Added page 'scripts' at index 4
2025-09-11 23:40:15,021 - ui.widgets.page_stack_manager - INFO - Added page 'settings' at index 5
2025-09-11 23:40:15,023 - ui.main_window - INFO - All pages initialized successfully
2025-09-11 23:40:15,023 - ui.widgets.page_stack_manager - INFO - Switched to page 'overview'
2025-09-11 23:40:15,269 - __main__ - INFO - Application started successfully
2025-09-11 23:40:20,018 - ui.widgets.page_stack_manager - INFO - Refreshed page 'overview'
2025-09-11 23:40:25,023 - ui.widgets.page_stack_manager - INFO - Refreshed page 'overview'
2025-09-11 23:40:30,021 - ui.widgets.page_stack_manager - INFO - Refreshed page 'overview'
2025-09-11 23:40:35,021 - ui.widgets.page_stack_manager - INFO - Refreshed page 'overview'
2025-09-11 23:40:40,026 - ui.widgets.page_stack_manager - INFO - Refreshed page 'overview'
2025-09-11 23:40:45,052 - ui.widgets.overview_page - INFO - Overview page refreshed successfully
2025-09-11 23:40:45,052 - ui.widgets.page_stack_manager - INFO - Refreshed page 'overview'
2025-09-11 23:40:50,069 - ui.widgets.overview_page - INFO - Overview page refreshed successfully
2025-09-11 23:40:50,069 - ui.widgets.page_stack_manager - INFO - Refreshed page 'overview'
2025-09-11 23:40:50,351 - ui.widgets.page_stack_manager - INFO - Switched to page 'automations'
2025-09-11 23:40:50,353 - ui.main_window - INFO - Switched to page: automations
2025-09-11 23:40:50,353 - ui.widgets.navigation_sidebar - INFO - Navigation changed to: automations
2025-09-11 23:40:55,045 - ui.widgets.automation_editor - WARNING - Failed to parse automation: 'alias'
2025-09-11 23:40:55,046 - ui.widgets.automation_editor - WARNING - Failed to parse automation: 'alias'
2025-09-11 23:40:55,046 - ui.widgets.automation_editor - WARNING - Failed to parse automation: 'alias'
2025-09-11 23:40:55,047 - ui.widgets.automation_editor - INFO - Refreshed 0 automations
2025-09-11 23:40:55,047 - ui.widgets.page_stack_manager - INFO - Refreshed page 'automations'
2025-09-11 23:41:00,095 - ui.widgets.automation_editor - WARNING - Failed to parse automation: 'alias'
2025-09-11 23:41:00,096 - ui.widgets.automation_editor - WARNING - Failed to parse automation: 'alias'
2025-09-11 23:41:00,096 - ui.widgets.automation_editor - WARNING - Failed to parse automation: 'alias'
2025-09-11 23:41:00,096 - ui.widgets.automation_editor - INFO - Refreshed 0 automations
2025-09-11 23:41:00,096 - ui.widgets.page_stack_manager - INFO - Refreshed page 'automations'
2025-09-11 23:41:05,052 - ui.widgets.automation_editor - WARNING - Failed to parse automation: 'alias'
2025-09-11 23:41:05,052 - ui.widgets.automation_editor - WARNING - Failed to parse automation: 'alias'
2025-09-11 23:41:05,053 - ui.widgets.automation_editor - WARNING - Failed to parse automation: 'alias'
2025-09-11 23:41:05,053 - ui.widgets.automation_editor - INFO - Refreshed 0 automations
2025-09-11 23:41:05,053 - ui.widgets.page_stack_manager - INFO - Refreshed page 'automations'
2025-09-11 23:41:10,047 - ui.widgets.automation_editor - WARNING - Failed to parse automation: 'alias'
2025-09-11 23:41:10,048 - ui.widgets.automation_editor - WARNING - Failed to parse automation: 'alias'
2025-09-11 23:41:10,048 - ui.widgets.automation_editor - WARNING - Failed to parse automation: 'alias'
2025-09-11 23:41:10,048 - ui.widgets.automation_editor - INFO - Refreshed 0 automations
2025-09-11 23:41:10,048 - ui.widgets.page_stack_manager - INFO - Refreshed page 'automations'
2025-09-11 23:41:15,059 - ui.widgets.automation_editor - WARNING - Failed to parse automation: 'alias'
2025-09-11 23:41:15,062 - ui.widgets.automation_editor - WARNING - Failed to parse automation: 'alias'
2025-09-11 23:41:15,062 - ui.widgets.automation_editor - WARNING - Failed to parse automation: 'alias'
2025-09-11 23:41:15,062 - ui.widgets.automation_editor - INFO - Refreshed 0 automations
2025-09-11 23:41:15,063 - ui.widgets.page_stack_manager - INFO - Refreshed page 'automations'
2025-09-11 23:41:21,622 - ui.widgets.automation_editor - WARNING - Failed to parse automation: 'alias'
2025-09-11 23:41:21,622 - ui.widgets.automation_editor - WARNING - Failed to parse automation: 'alias'
2025-09-11 23:41:21,622 - ui.widgets.automation_editor - WARNING - Failed to parse automation: 'alias'
2025-09-11 23:41:21,622 - ui.widgets.automation_editor - INFO - Refreshed 0 automations
2025-09-11 23:41:21,622 - ui.widgets.page_stack_manager - INFO - Refreshed page 'automations'
2025-09-11 23:41:25,060 - ui.widgets.automation_editor - WARNING - Failed to parse automation: 'alias'
2025-09-11 23:41:25,061 - ui.widgets.automation_editor - WARNING - Failed to parse automation: 'alias'
2025-09-11 23:41:25,063 - ui.widgets.automation_editor - WARNING - Failed to parse automation: 'alias'
2025-09-11 23:41:25,063 - ui.widgets.automation_editor - INFO - Refreshed 0 automations
2025-09-11 23:41:25,063 - ui.widgets.page_stack_manager - INFO - Refreshed page 'automations'
2025-09-11 23:41:30,056 - ui.widgets.automation_editor - WARNING - Failed to parse automation: 'alias'
2025-09-11 23:41:30,056 - ui.widgets.automation_editor - WARNING - Failed to parse automation: 'alias'
2025-09-11 23:41:30,058 - ui.widgets.automation_editor - WARNING - Failed to parse automation: 'alias'
2025-09-11 23:41:30,058 - ui.widgets.automation_editor - INFO - Refreshed 0 automations
2025-09-11 23:41:30,058 - ui.widgets.page_stack_manager - INFO - Refreshed page 'automations'
2025-09-11 23:41:35,045 - ui.widgets.automation_editor - WARNING - Failed to parse automation: 'alias'
2025-09-11 23:41:35,050 - ui.widgets.automation_editor - WARNING - Failed to parse automation: 'alias'
2025-09-11 23:41:35,050 - ui.widgets.automation_editor - WARNING - Failed to parse automation: 'alias'
2025-09-11 23:41:35,050 - ui.widgets.automation_editor - INFO - Refreshed 0 automations
2025-09-11 23:41:35,051 - ui.widgets.page_stack_manager - INFO - Refreshed page 'automations'
2025-09-11 23:41:40,071 - ui.widgets.automation_editor - WARNING - Failed to parse automation: 'alias'
2025-09-11 23:41:40,071 - ui.widgets.automation_editor - WARNING - Failed to parse automation: 'alias'
2025-09-11 23:41:40,071 - ui.widgets.automation_editor - WARNING - Failed to parse automation: 'alias'
2025-09-11 23:41:40,071 - ui.widgets.automation_editor - INFO - Refreshed 0 automations
2025-09-11 23:41:40,073 - ui.widgets.page_stack_manager - INFO - Refreshed page 'automations'
2025-09-11 23:41:45,081 - ui.widgets.automation_editor - WARNING - Failed to parse automation: 'alias'
2025-09-11 23:41:45,081 - ui.widgets.automation_editor - WARNING - Failed to parse automation: 'alias'
2025-09-11 23:41:45,081 - ui.widgets.automation_editor - WARNING - Failed to parse automation: 'alias'
2025-09-11 23:41:45,081 - ui.widgets.automation_editor - INFO - Refreshed 0 automations
2025-09-11 23:41:45,081 - ui.widgets.page_stack_manager - INFO - Refreshed page 'automations'
2025-09-11 23:41:50,148 - ui.widgets.automation_editor - WARNING - Failed to parse automation: 'alias'
2025-09-11 23:41:50,148 - ui.widgets.automation_editor - WARNING - Failed to parse automation: 'alias'
2025-09-11 23:41:50,148 - ui.widgets.automation_editor - WARNING - Failed to parse automation: 'alias'
2025-09-11 23:41:50,148 - ui.widgets.automation_editor - INFO - Refreshed 0 automations
2025-09-11 23:41:50,148 - ui.widgets.page_stack_manager - INFO - Refreshed page 'automations'
2025-09-11 23:41:56,041 - ui.widgets.automation_editor - WARNING - Failed to parse automation: 'alias'
2025-09-11 23:41:56,041 - ui.widgets.automation_editor - WARNING - Failed to parse automation: 'alias'
2025-09-11 23:41:56,041 - ui.widgets.automation_editor - WARNING - Failed to parse automation: 'alias'
2025-09-11 23:41:56,041 - ui.widgets.automation_editor - INFO - Refreshed 0 automations
2025-09-11 23:41:56,041 - ui.widgets.page_stack_manager - INFO - Refreshed page 'automations'
2025-09-11 23:42:00,055 - ui.widgets.automation_editor - WARNING - Failed to parse automation: 'alias'
2025-09-11 23:42:00,055 - ui.widgets.automation_editor - WARNING - Failed to parse automation: 'alias'
2025-09-11 23:42:00,055 - ui.widgets.automation_editor - WARNING - Failed to parse automation: 'alias'
2025-09-11 23:42:00,055 - ui.widgets.automation_editor - INFO - Refreshed 0 automations
2025-09-11 23:42:00,055 - ui.widgets.page_stack_manager - INFO - Refreshed page 'automations'
2025-09-11 23:42:06,761 - ui.widgets.automation_editor - WARNING - Failed to parse automation: 'alias'
2025-09-11 23:42:06,761 - ui.widgets.automation_editor - WARNING - Failed to parse automation: 'alias'
2025-09-11 23:42:06,763 - ui.widgets.automation_editor - WARNING - Failed to parse automation: 'alias'
2025-09-11 23:42:06,763 - ui.widgets.automation_editor - INFO - Refreshed 0 automations
2025-09-11 23:42:06,763 - ui.widgets.page_stack_manager - INFO - Refreshed page 'automations'
2025-09-11 23:42:10,051 - ui.widgets.automation_editor - WARNING - Failed to parse automation: 'alias'
2025-09-11 23:42:10,055 - ui.widgets.automation_editor - WARNING - Failed to parse automation: 'alias'
2025-09-11 23:42:10,055 - ui.widgets.automation_editor - WARNING - Failed to parse automation: 'alias'
2025-09-11 23:42:10,055 - ui.widgets.automation_editor - INFO - Refreshed 0 automations
2025-09-11 23:42:10,055 - ui.widgets.page_stack_manager - INFO - Refreshed page 'automations'
2025-09-11 23:42:15,169 - ui.widgets.automation_editor - WARNING - Failed to parse automation: 'alias'
2025-09-11 23:42:15,169 - ui.widgets.automation_editor - WARNING - Failed to parse automation: 'alias'
2025-09-11 23:42:15,169 - ui.widgets.automation_editor - WARNING - Failed to parse automation: 'alias'
2025-09-11 23:42:15,169 - ui.widgets.automation_editor - INFO - Refreshed 0 automations
2025-09-11 23:42:15,169 - ui.widgets.page_stack_manager - INFO - Refreshed page 'automations'
2025-09-11 23:42:20,048 - ui.widgets.automation_editor - WARNING - Failed to parse automation: 'alias'
2025-09-11 23:42:20,048 - ui.widgets.automation_editor - WARNING - Failed to parse automation: 'alias'
2025-09-11 23:42:20,048 - ui.widgets.automation_editor - WARNING - Failed to parse automation: 'alias'
2025-09-11 23:42:20,050 - ui.widgets.automation_editor - INFO - Refreshed 0 automations
2025-09-11 23:42:20,050 - ui.widgets.page_stack_manager - INFO - Refreshed page 'automations'
2025-09-11 23:42:25,083 - ui.widgets.automation_editor - WARNING - Failed to parse automation: 'alias'
2025-09-11 23:42:25,083 - ui.widgets.automation_editor - WARNING - Failed to parse automation: 'alias'
2025-09-11 23:42:25,085 - ui.widgets.automation_editor - WARNING - Failed to parse automation: 'alias'
2025-09-11 23:42:25,086 - ui.widgets.automation_editor - INFO - Refreshed 0 automations
2025-09-11 23:42:25,086 - ui.widgets.page_stack_manager - INFO - Refreshed page 'automations'
2025-09-11 23:42:30,076 - ui.widgets.automation_editor - WARNING - Failed to parse automation: 'alias'
2025-09-11 23:42:30,076 - ui.widgets.automation_editor - WARNING - Failed to parse automation: 'alias'
2025-09-11 23:42:30,076 - ui.widgets.automation_editor - WARNING - Failed to parse automation: 'alias'
2025-09-11 23:42:30,080 - ui.widgets.automation_editor - INFO - Refreshed 0 automations
2025-09-11 23:42:30,081 - ui.widgets.page_stack_manager - INFO - Refreshed page 'automations'
2025-09-11 23:42:35,076 - ui.widgets.automation_editor - WARNING - Failed to parse automation: 'alias'
2025-09-11 23:42:35,076 - ui.widgets.automation_editor - WARNING - Failed to parse automation: 'alias'
2025-09-11 23:42:35,079 - ui.widgets.automation_editor - WARNING - Failed to parse automation: 'alias'
2025-09-11 23:42:35,079 - ui.widgets.automation_editor - INFO - Refreshed 0 automations
2025-09-11 23:42:35,079 - ui.widgets.page_stack_manager - INFO - Refreshed page 'automations'
2025-09-11 23:42:40,049 - ui.widgets.automation_editor - WARNING - Failed to parse automation: 'alias'
2025-09-11 23:42:40,051 - ui.widgets.automation_editor - WARNING - Failed to parse automation: 'alias'
2025-09-11 23:42:40,053 - ui.widgets.automation_editor - WARNING - Failed to parse automation: 'alias'
2025-09-11 23:42:40,053 - ui.widgets.automation_editor - INFO - Refreshed 0 automations
2025-09-11 23:42:40,053 - ui.widgets.page_stack_manager - INFO - Refreshed page 'automations'
2025-09-11 23:42:45,046 - ui.widgets.automation_editor - WARNING - Failed to parse automation: 'alias'
2025-09-11 23:42:45,055 - ui.widgets.automation_editor - WARNING - Failed to parse automation: 'alias'
2025-09-11 23:42:45,055 - ui.widgets.automation_editor - WARNING - Failed to parse automation: 'alias'
2025-09-11 23:42:45,055 - ui.widgets.automation_editor - INFO - Refreshed 0 automations
2025-09-11 23:42:45,055 - ui.widgets.page_stack_manager - INFO - Refreshed page 'automations'
2025-09-11 23:42:50,054 - ui.widgets.automation_editor - WARNING - Failed to parse automation: 'alias'
2025-09-11 23:42:50,055 - ui.widgets.automation_editor - WARNING - Failed to parse automation: 'alias'
2025-09-11 23:42:50,056 - ui.widgets.automation_editor - WARNING - Failed to parse automation: 'alias'
2025-09-11 23:42:50,057 - ui.widgets.automation_editor - INFO - Refreshed 0 automations
2025-09-11 23:42:50,057 - ui.widgets.page_stack_manager - INFO - Refreshed page 'automations'
2025-09-11 23:42:55,082 - ui.widgets.automation_editor - WARNING - Failed to parse automation: 'alias'
2025-09-11 23:42:55,084 - ui.widgets.automation_editor - WARNING - Failed to parse automation: 'alias'
2025-09-11 23:42:55,084 - ui.widgets.automation_editor - WARNING - Failed to parse automation: 'alias'
2025-09-11 23:42:55,084 - ui.widgets.automation_editor - INFO - Refreshed 0 automations
2025-09-11 23:42:55,084 - ui.widgets.page_stack_manager - INFO - Refreshed page 'automations'
2025-09-11 23:43:01,060 - ui.widgets.automation_editor - WARNING - Failed to parse automation: 'alias'
2025-09-11 23:43:01,061 - ui.widgets.automation_editor - WARNING - Failed to parse automation: 'alias'
2025-09-11 23:43:01,061 - ui.widgets.automation_editor - WARNING - Failed to parse automation: 'alias'
2025-09-11 23:43:01,063 - ui.widgets.automation_editor - INFO - Refreshed 0 automations
2025-09-11 23:43:01,063 - ui.widgets.page_stack_manager - INFO - Refreshed page 'automations'
2025-09-11 23:43:05,329 - ui.widgets.automation_editor - WARNING - Failed to parse automation: 'alias'
2025-09-11 23:43:05,329 - ui.widgets.automation_editor - WARNING - Failed to parse automation: 'alias'
2025-09-11 23:43:05,329 - ui.widgets.automation_editor - WARNING - Failed to parse automation: 'alias'
2025-09-11 23:43:05,329 - ui.widgets.automation_editor - INFO - Refreshed 0 automations
2025-09-11 23:43:05,331 - ui.widgets.page_stack_manager - INFO - Refreshed page 'automations'
2025-09-11 23:43:10,058 - ui.widgets.automation_editor - WARNING - Failed to parse automation: 'alias'
2025-09-11 23:43:10,058 - ui.widgets.automation_editor - WARNING - Failed to parse automation: 'alias'
2025-09-11 23:43:10,058 - ui.widgets.automation_editor - WARNING - Failed to parse automation: 'alias'
2025-09-11 23:43:10,058 - ui.widgets.automation_editor - INFO - Refreshed 0 automations
2025-09-11 23:43:10,058 - ui.widgets.page_stack_manager - INFO - Refreshed page 'automations'
2025-09-11 23:43:15,061 - ui.widgets.automation_editor - WARNING - Failed to parse automation: 'alias'
2025-09-11 23:43:15,061 - ui.widgets.automation_editor - WARNING - Failed to parse automation: 'alias'
2025-09-11 23:43:15,067 - ui.widgets.automation_editor - WARNING - Failed to parse automation: 'alias'
2025-09-11 23:43:15,067 - ui.widgets.automation_editor - INFO - Refreshed 0 automations
2025-09-11 23:43:15,067 - ui.widgets.page_stack_manager - INFO - Refreshed page 'automations'
2025-09-11 23:43:20,073 - ui.widgets.automation_editor - WARNING - Failed to parse automation: 'alias'
2025-09-11 23:43:20,074 - ui.widgets.automation_editor - WARNING - Failed to parse automation: 'alias'
2025-09-11 23:43:20,074 - ui.widgets.automation_editor - WARNING - Failed to parse automation: 'alias'
2025-09-11 23:43:20,074 - ui.widgets.automation_editor - INFO - Refreshed 0 automations
2025-09-11 23:43:20,074 - ui.widgets.page_stack_manager - INFO - Refreshed page 'automations'
2025-09-11 23:43:21,059 - ui.main_window - INFO - Application closing gracefully
2025-09-11 23:43:23,362 - __main__ - INFO - Starting Home Assistant GUI...
2025-09-11 23:43:23,396 - __main__ - INFO - Creating main window...
2025-09-11 23:43:23,414 - ui.widgets.navigation_sidebar - INFO - Navigation changed to: overview
2025-09-11 23:43:24,072 - ui.widgets.page_stack_manager - INFO - Added page 'overview' at index 0
2025-09-11 23:43:24,082 - ui.widgets.page_stack_manager - INFO - Added page 'devices' at index 1
2025-09-11 23:43:24,088 - ui.widgets.page_stack_manager - INFO - Added page 'automations' at index 2
2025-09-11 23:43:24,088 - ui.widgets.page_stack_manager - INFO - Added page 'scenes' at index 3
2025-09-11 23:43:24,088 - ui.widgets.page_stack_manager - INFO - Added page 'scripts' at index 4
2025-09-11 23:43:24,611 - ui.widgets.page_stack_manager - INFO - Added page 'settings' at index 5
2025-09-11 23:43:24,611 - ui.main_window - INFO - All pages initialized successfully
2025-09-11 23:43:24,620 - ui.widgets.page_stack_manager - INFO - Switched to page 'overview'
2025-09-11 23:43:24,848 - __main__ - INFO - Application started successfully
2025-09-11 23:43:27,846 - ui.widgets.page_stack_manager - INFO - Switched to page 'automations'
2025-09-11 23:43:27,846 - ui.main_window - INFO - Switched to page: automations
2025-09-11 23:43:27,855 - ui.widgets.navigation_sidebar - INFO - Navigation changed to: automations
2025-09-11 23:43:29,614 - ui.widgets.page_stack_manager - INFO - Refreshed page 'automations'
2025-09-11 23:43:34,617 - ui.widgets.page_stack_manager - INFO - Refreshed page 'automations'
2025-09-11 23:43:39,620 - ui.widgets.page_stack_manager - INFO - Refreshed page 'automations'
2025-09-11 23:43:44,623 - ui.widgets.page_stack_manager - INFO - Refreshed page 'automations'
2025-09-11 23:43:45,945 - ui.widgets.page_stack_manager - INFO - Refreshed page 'automations'
2025-09-11 23:43:49,615 - ui.widgets.page_stack_manager - INFO - Refreshed page 'automations'
2025-09-11 23:43:54,698 - ui.widgets.automation_editor - WARNING - Failed to parse automation: 'alias'
2025-09-11 23:43:54,698 - ui.widgets.automation_editor - WARNING - Failed to parse automation: 'alias'
2025-09-11 23:43:54,698 - ui.widgets.automation_editor - WARNING - Failed to parse automation: 'alias'
2025-09-11 23:43:54,698 - ui.widgets.automation_editor - INFO - Refreshed 0 automations
2025-09-11 23:43:54,698 - ui.widgets.page_stack_manager - INFO - Refreshed page 'automations'
2025-09-11 23:43:59,649 - ui.widgets.automation_editor - WARNING - Failed to parse automation: 'alias'
2025-09-11 23:43:59,649 - ui.widgets.automation_editor - WARNING - Failed to parse automation: 'alias'
2025-09-11 23:43:59,649 - ui.widgets.automation_editor - WARNING - Failed to parse automation: 'alias'
2025-09-11 23:43:59,649 - ui.widgets.automation_editor - INFO - Refreshed 0 automations
2025-09-11 23:43:59,649 - ui.widgets.page_stack_manager - INFO - Refreshed page 'automations'
2025-09-11 23:44:04,666 - ui.widgets.automation_editor - WARNING - Failed to parse automation: 'alias'
2025-09-11 23:44:04,666 - ui.widgets.automation_editor - WARNING - Failed to parse automation: 'alias'
2025-09-11 23:44:04,666 - ui.widgets.automation_editor - WARNING - Failed to parse automation: 'alias'
2025-09-11 23:44:04,666 - ui.widgets.automation_editor - INFO - Refreshed 0 automations
2025-09-11 23:44:04,666 - ui.widgets.page_stack_manager - INFO - Refreshed page 'automations'
2025-09-11 23:44:09,691 - ui.widgets.automation_editor - WARNING - Failed to parse automation: 'alias'
2025-09-11 23:44:09,691 - ui.widgets.automation_editor - WARNING - Failed to parse automation: 'alias'
2025-09-11 23:44:09,691 - ui.widgets.automation_editor - WARNING - Failed to parse automation: 'alias'
2025-09-11 23:44:09,691 - ui.widgets.automation_editor - INFO - Refreshed 0 automations
2025-09-11 23:44:09,691 - ui.widgets.page_stack_manager - INFO - Refreshed page 'automations'
2025-09-11 23:44:14,707 - ui.widgets.automation_editor - WARNING - Failed to parse automation: 'alias'
2025-09-11 23:44:14,707 - ui.widgets.automation_editor - WARNING - Failed to parse automation: 'alias'
2025-09-11 23:44:14,707 - ui.widgets.automation_editor - WARNING - Failed to parse automation: 'alias'
2025-09-11 23:44:14,707 - ui.widgets.automation_editor - INFO - Refreshed 0 automations
2025-09-11 23:44:14,707 - ui.widgets.page_stack_manager - INFO - Refreshed page 'automations'
2025-09-11 23:44:19,712 - ui.widgets.automation_editor - WARNING - Failed to parse automation: 'alias'
2025-09-11 23:44:19,712 - ui.widgets.automation_editor - WARNING - Failed to parse automation: 'alias'
2025-09-11 23:44:19,712 - ui.widgets.automation_editor - WARNING - Failed to parse automation: 'alias'
2025-09-11 23:44:19,712 - ui.widgets.automation_editor - INFO - Refreshed 0 automations
2025-09-11 23:44:19,712 - ui.widgets.page_stack_manager - INFO - Refreshed page 'automations'
2025-09-11 23:44:24,685 - ui.widgets.automation_editor - WARNING - Failed to parse automation: 'alias'
2025-09-11 23:44:24,685 - ui.widgets.automation_editor - WARNING - Failed to parse automation: 'alias'
2025-09-11 23:44:24,685 - ui.widgets.automation_editor - WARNING - Failed to parse automation: 'alias'
2025-09-11 23:44:24,685 - ui.widgets.automation_editor - INFO - Refreshed 0 automations
2025-09-11 23:44:24,685 - ui.widgets.page_stack_manager - INFO - Refreshed page 'automations'
2025-09-11 23:44:29,693 - ui.widgets.automation_editor - WARNING - Failed to parse automation: 'alias'
2025-09-11 23:44:29,693 - ui.widgets.automation_editor - WARNING - Failed to parse automation: 'alias'
2025-09-11 23:44:29,693 - ui.widgets.automation_editor - WARNING - Failed to parse automation: 'alias'
2025-09-11 23:44:29,694 - ui.widgets.automation_editor - INFO - Refreshed 0 automations
2025-09-11 23:44:29,694 - ui.widgets.page_stack_manager - INFO - Refreshed page 'automations'
2025-09-11 23:44:34,687 - ui.widgets.automation_editor - WARNING - Failed to parse automation: 'alias'
2025-09-11 23:44:34,687 - ui.widgets.automation_editor - WARNING - Failed to parse automation: 'alias'
2025-09-11 23:44:34,687 - ui.widgets.automation_editor - WARNING - Failed to parse automation: 'alias'
2025-09-11 23:44:34,687 - ui.widgets.automation_editor - INFO - Refreshed 0 automations
2025-09-11 23:44:34,687 - ui.widgets.page_stack_manager - INFO - Refreshed page 'automations'
2025-09-11 23:44:39,689 - ui.widgets.automation_editor - WARNING - Failed to parse automation: 'alias'
2025-09-11 23:44:39,689 - ui.widgets.automation_editor - WARNING - Failed to parse automation: 'alias'
2025-09-11 23:44:39,689 - ui.widgets.automation_editor - WARNING - Failed to parse automation: 'alias'
2025-09-11 23:44:39,689 - ui.widgets.automation_editor - INFO - Refreshed 0 automations
2025-09-11 23:44:39,689 - ui.widgets.page_stack_manager - INFO - Refreshed page 'automations'
2025-09-11 23:44:44,677 - ui.widgets.automation_editor - WARNING - Failed to parse automation: 'alias'
2025-09-11 23:44:44,677 - ui.widgets.automation_editor - WARNING - Failed to parse automation: 'alias'
2025-09-11 23:44:44,677 - ui.widgets.automation_editor - WARNING - Failed to parse automation: 'alias'
2025-09-11 23:44:44,677 - ui.widgets.automation_editor - INFO - Refreshed 0 automations
2025-09-11 23:44:44,677 - ui.widgets.page_stack_manager - INFO - Refreshed page 'automations'
2025-09-11 23:44:49,753 - ui.widgets.automation_editor - WARNING - Failed to parse automation: 'alias'
2025-09-11 23:44:49,753 - ui.widgets.automation_editor - WARNING - Failed to parse automation: 'alias'
2025-09-11 23:44:49,753 - ui.widgets.automation_editor - WARNING - Failed to parse automation: 'alias'
2025-09-11 23:44:49,753 - ui.widgets.automation_editor - INFO - Refreshed 0 automations
2025-09-11 23:44:49,753 - ui.widgets.page_stack_manager - INFO - Refreshed page 'automations'
2025-09-11 23:44:54,678 - ui.widgets.automation_editor - WARNING - Failed to parse automation: 'alias'
2025-09-11 23:44:54,678 - ui.widgets.automation_editor - WARNING - Failed to parse automation: 'alias'
2025-09-11 23:44:54,678 - ui.widgets.automation_editor - WARNING - Failed to parse automation: 'alias'
2025-09-11 23:44:54,678 - ui.widgets.automation_editor - INFO - Refreshed 0 automations
2025-09-11 23:44:54,678 - ui.widgets.page_stack_manager - INFO - Refreshed page 'automations'
2025-09-11 23:44:59,696 - ui.widgets.automation_editor - WARNING - Failed to parse automation: 'alias'
2025-09-11 23:44:59,696 - ui.widgets.automation_editor - WARNING - Failed to parse automation: 'alias'
2025-09-11 23:44:59,696 - ui.widgets.automation_editor - WARNING - Failed to parse automation: 'alias'
2025-09-11 23:44:59,696 - ui.widgets.automation_editor - INFO - Refreshed 0 automations
2025-09-11 23:44:59,696 - ui.widgets.page_stack_manager - INFO - Refreshed page 'automations'
2025-09-11 23:45:04,687 - ui.widgets.automation_editor - WARNING - Failed to parse automation: 'alias'
2025-09-11 23:45:04,687 - ui.widgets.automation_editor - WARNING - Failed to parse automation: 'alias'
2025-09-11 23:45:04,687 - ui.widgets.automation_editor - WARNING - Failed to parse automation: 'alias'
2025-09-11 23:45:04,687 - ui.widgets.automation_editor - INFO - Refreshed 0 automations
2025-09-11 23:45:04,695 - ui.widgets.page_stack_manager - INFO - Refreshed page 'automations'
2025-09-11 23:45:09,680 - ui.widgets.automation_editor - WARNING - Failed to parse automation: 'alias'
2025-09-11 23:45:09,680 - ui.widgets.automation_editor - WARNING - Failed to parse automation: 'alias'
2025-09-11 23:45:09,680 - ui.widgets.automation_editor - WARNING - Failed to parse automation: 'alias'
2025-09-11 23:45:09,680 - ui.widgets.automation_editor - INFO - Refreshed 0 automations
2025-09-11 23:45:09,680 - ui.widgets.page_stack_manager - INFO - Refreshed page 'automations'
2025-09-11 23:45:14,671 - ui.widgets.automation_editor - WARNING - Failed to parse automation: 'alias'
2025-09-11 23:45:14,671 - ui.widgets.automation_editor - WARNING - Failed to parse automation: 'alias'
2025-09-11 23:45:14,671 - ui.widgets.automation_editor - WARNING - Failed to parse automation: 'alias'
2025-09-11 23:45:14,671 - ui.widgets.automation_editor - INFO - Refreshed 0 automations
2025-09-11 23:45:14,671 - ui.widgets.page_stack_manager - INFO - Refreshed page 'automations'
2025-09-11 23:45:19,678 - ui.widgets.automation_editor - WARNING - Failed to parse automation: 'alias'
2025-09-11 23:45:19,678 - ui.widgets.automation_editor - WARNING - Failed to parse automation: 'alias'
2025-09-11 23:45:19,678 - ui.widgets.automation_editor - WARNING - Failed to parse automation: 'alias'
2025-09-11 23:45:19,680 - ui.widgets.automation_editor - INFO - Refreshed 0 automations
2025-09-11 23:45:19,680 - ui.widgets.page_stack_manager - INFO - Refreshed page 'automations'
2025-09-11 23:45:24,669 - ui.widgets.automation_editor - WARNING - Failed to parse automation: 'alias'
2025-09-11 23:45:24,669 - ui.widgets.automation_editor - WARNING - Failed to parse automation: 'alias'
2025-09-11 23:45:24,669 - ui.widgets.automation_editor - WARNING - Failed to parse automation: 'alias'
2025-09-11 23:45:24,671 - ui.widgets.automation_editor - INFO - Refreshed 0 automations
2025-09-11 23:45:24,671 - ui.widgets.page_stack_manager - INFO - Refreshed page 'automations'
2025-09-11 23:45:30,131 - ui.widgets.automation_editor - WARNING - Failed to parse automation: 'alias'
2025-09-11 23:45:30,131 - ui.widgets.automation_editor - WARNING - Failed to parse automation: 'alias'
2025-09-11 23:45:30,131 - ui.widgets.automation_editor - WARNING - Failed to parse automation: 'alias'
2025-09-11 23:45:30,131 - ui.widgets.automation_editor - INFO - Refreshed 0 automations
2025-09-11 23:45:30,131 - ui.widgets.page_stack_manager - INFO - Refreshed page 'automations'
2025-09-11 23:45:34,949 - ui.widgets.automation_editor - WARNING - Failed to parse automation: 'alias'
2025-09-11 23:45:34,949 - ui.widgets.automation_editor - WARNING - Failed to parse automation: 'alias'
2025-09-11 23:45:34,949 - ui.widgets.automation_editor - WARNING - Failed to parse automation: 'alias'
2025-09-11 23:45:34,949 - ui.widgets.automation_editor - INFO - Refreshed 0 automations
2025-09-11 23:45:34,949 - ui.widgets.page_stack_manager - INFO - Refreshed page 'automations'
2025-09-11 23:45:39,668 - ui.widgets.automation_editor - WARNING - Failed to parse automation: 'alias'
2025-09-11 23:45:39,670 - ui.widgets.automation_editor - WARNING - Failed to parse automation: 'alias'
2025-09-11 23:45:39,670 - ui.widgets.automation_editor - WARNING - Failed to parse automation: 'alias'
2025-09-11 23:45:39,670 - ui.widgets.automation_editor - INFO - Refreshed 0 automations
2025-09-11 23:45:39,670 - ui.widgets.page_stack_manager - INFO - Refreshed page 'automations'
2025-09-11 23:45:44,702 - ui.widgets.automation_editor - WARNING - Failed to parse automation: 'alias'
2025-09-11 23:45:44,702 - ui.widgets.automation_editor - WARNING - Failed to parse automation: 'alias'
2025-09-11 23:45:44,702 - ui.widgets.automation_editor - WARNING - Failed to parse automation: 'alias'
2025-09-11 23:45:44,702 - ui.widgets.automation_editor - INFO - Refreshed 0 automations
2025-09-11 23:45:44,702 - ui.widgets.page_stack_manager - INFO - Refreshed page 'automations'
2025-09-11 23:45:49,714 - ui.widgets.automation_editor - WARNING - Failed to parse automation: 'alias'
2025-09-11 23:45:49,714 - ui.widgets.automation_editor - WARNING - Failed to parse automation: 'alias'
2025-09-11 23:45:49,714 - ui.widgets.automation_editor - WARNING - Failed to parse automation: 'alias'
2025-09-11 23:45:49,714 - ui.widgets.automation_editor - INFO - Refreshed 0 automations
2025-09-11 23:45:49,714 - ui.widgets.page_stack_manager - INFO - Refreshed page 'automations'
2025-09-11 23:45:54,888 - ui.widgets.automation_editor - WARNING - Failed to parse automation: 'alias'
2025-09-11 23:45:54,888 - ui.widgets.automation_editor - WARNING - Failed to parse automation: 'alias'
2025-09-11 23:45:54,888 - ui.widgets.automation_editor - WARNING - Failed to parse automation: 'alias'
2025-09-11 23:45:54,888 - ui.widgets.automation_editor - INFO - Refreshed 0 automations
2025-09-11 23:45:54,896 - ui.widgets.page_stack_manager - INFO - Refreshed page 'automations'
2025-09-11 23:45:59,676 - ui.widgets.automation_editor - WARNING - Failed to parse automation: 'alias'
2025-09-11 23:45:59,676 - ui.widgets.automation_editor - WARNING - Failed to parse automation: 'alias'
2025-09-11 23:45:59,676 - ui.widgets.automation_editor - WARNING - Failed to parse automation: 'alias'
2025-09-11 23:45:59,676 - ui.widgets.automation_editor - INFO - Refreshed 0 automations
2025-09-11 23:45:59,679 - ui.widgets.page_stack_manager - INFO - Refreshed page 'automations'
2025-09-11 23:46:04,679 - ui.widgets.automation_editor - WARNING - Failed to parse automation: 'alias'
2025-09-11 23:46:04,679 - ui.widgets.automation_editor - WARNING - Failed to parse automation: 'alias'
2025-09-11 23:46:04,679 - ui.widgets.automation_editor - WARNING - Failed to parse automation: 'alias'
2025-09-11 23:46:04,679 - ui.widgets.automation_editor - INFO - Refreshed 0 automations
2025-09-11 23:46:04,679 - ui.widgets.page_stack_manager - INFO - Refreshed page 'automations'
2025-09-11 23:46:09,682 - ui.widgets.automation_editor - WARNING - Failed to parse automation: 'alias'
2025-09-11 23:46:09,682 - ui.widgets.automation_editor - WARNING - Failed to parse automation: 'alias'
2025-09-11 23:46:09,683 - ui.widgets.automation_editor - WARNING - Failed to parse automation: 'alias'
2025-09-11 23:46:09,683 - ui.widgets.automation_editor - INFO - Refreshed 0 automations
2025-09-11 23:46:09,683 - ui.widgets.page_stack_manager - INFO - Refreshed page 'automations'
2025-09-11 23:46:14,681 - ui.widgets.automation_editor - WARNING - Failed to parse automation: 'alias'
2025-09-11 23:46:14,681 - ui.widgets.automation_editor - WARNING - Failed to parse automation: 'alias'
2025-09-11 23:46:14,681 - ui.widgets.automation_editor - WARNING - Failed to parse automation: 'alias'
2025-09-11 23:46:14,681 - ui.widgets.automation_editor - INFO - Refreshed 0 automations
2025-09-11 23:46:14,681 - ui.widgets.page_stack_manager - INFO - Refreshed page 'automations'
2025-09-11 23:46:19,671 - ui.widgets.automation_editor - WARNING - Failed to parse automation: 'alias'
2025-09-11 23:46:19,671 - ui.widgets.automation_editor - WARNING - Failed to parse automation: 'alias'
2025-09-11 23:46:19,671 - ui.widgets.automation_editor - WARNING - Failed to parse automation: 'alias'
2025-09-11 23:46:19,671 - ui.widgets.automation_editor - INFO - Refreshed 0 automations
2025-09-11 23:46:19,671 - ui.widgets.page_stack_manager - INFO - Refreshed page 'automations'
2025-09-11 23:46:24,675 - ui.widgets.automation_editor - WARNING - Failed to parse automation: 'alias'
2025-09-11 23:46:24,675 - ui.widgets.automation_editor - WARNING - Failed to parse automation: 'alias'
2025-09-11 23:46:24,675 - ui.widgets.automation_editor - WARNING - Failed to parse automation: 'alias'
2025-09-11 23:46:24,683 - ui.widgets.automation_editor - INFO - Refreshed 0 automations
2025-09-11 23:46:24,683 - ui.widgets.page_stack_manager - INFO - Refreshed page 'automations'
2025-09-11 23:46:29,701 - ui.widgets.automation_editor - WARNING - Failed to parse automation: 'alias'
2025-09-11 23:46:29,701 - ui.widgets.automation_editor - WARNING - Failed to parse automation: 'alias'
2025-09-11 23:46:29,701 - ui.widgets.automation_editor - WARNING - Failed to parse automation: 'alias'
2025-09-11 23:46:29,701 - ui.widgets.automation_editor - INFO - Refreshed 0 automations
2025-09-11 23:46:29,703 - ui.widgets.page_stack_manager - INFO - Refreshed page 'automations'
2025-09-11 23:46:34,939 - ui.widgets.automation_editor - WARNING - Failed to parse automation: 'alias'
2025-09-11 23:46:34,939 - ui.widgets.automation_editor - WARNING - Failed to parse automation: 'alias'
2025-09-11 23:46:34,939 - ui.widgets.automation_editor - WARNING - Failed to parse automation: 'alias'
2025-09-11 23:46:34,939 - ui.widgets.automation_editor - INFO - Refreshed 0 automations
2025-09-11 23:46:34,941 - ui.widgets.page_stack_manager - INFO - Refreshed page 'automations'
2025-09-11 23:46:39,696 - ui.widgets.automation_editor - WARNING - Failed to parse automation: 'alias'
2025-09-11 23:46:39,696 - ui.widgets.automation_editor - WARNING - Failed to parse automation: 'alias'
2025-09-11 23:46:39,696 - ui.widgets.automation_editor - WARNING - Failed to parse automation: 'alias'
2025-09-11 23:46:39,696 - ui.widgets.automation_editor - INFO - Refreshed 0 automations
2025-09-11 23:46:39,696 - ui.widgets.page_stack_manager - INFO - Refreshed page 'automations'
2025-09-11 23:46:44,762 - ui.widgets.automation_editor - WARNING - Failed to parse automation: 'alias'
2025-09-11 23:46:44,762 - ui.widgets.automation_editor - WARNING - Failed to parse automation: 'alias'
2025-09-11 23:46:44,762 - ui.widgets.automation_editor - WARNING - Failed to parse automation: 'alias'
2025-09-11 23:46:44,762 - ui.widgets.automation_editor - INFO - Refreshed 0 automations
2025-09-11 23:46:44,762 - ui.widgets.page_stack_manager - INFO - Refreshed page 'automations'
2025-09-11 23:46:49,680 - ui.widgets.automation_editor - WARNING - Failed to parse automation: 'alias'
2025-09-11 23:46:49,686 - ui.widgets.automation_editor - WARNING - Failed to parse automation: 'alias'
2025-09-11 23:46:49,686 - ui.widgets.automation_editor - WARNING - Failed to parse automation: 'alias'
2025-09-11 23:46:49,686 - ui.widgets.automation_editor - INFO - Refreshed 0 automations
2025-09-11 23:46:49,686 - ui.widgets.page_stack_manager - INFO - Refreshed page 'automations'
2025-09-11 23:46:54,757 - ui.widgets.automation_editor - WARNING - Failed to parse automation: 'alias'
2025-09-11 23:46:54,757 - ui.widgets.automation_editor - WARNING - Failed to parse automation: 'alias'
2025-09-11 23:46:54,758 - ui.widgets.automation_editor - WARNING - Failed to parse automation: 'alias'
2025-09-11 23:46:54,758 - ui.widgets.automation_editor - INFO - Refreshed 0 automations
2025-09-11 23:46:54,758 - ui.widgets.page_stack_manager - INFO - Refreshed page 'automations'
2025-09-11 23:46:59,743 - ui.widgets.automation_editor - WARNING - Failed to parse automation: 'alias'
2025-09-11 23:46:59,744 - ui.widgets.automation_editor - WARNING - Failed to parse automation: 'alias'
2025-09-11 23:46:59,744 - ui.widgets.automation_editor - WARNING - Failed to parse automation: 'alias'
2025-09-11 23:46:59,744 - ui.widgets.automation_editor - INFO - Refreshed 0 automations
2025-09-11 23:46:59,744 - ui.widgets.page_stack_manager - INFO - Refreshed page 'automations'
2025-09-11 23:47:04,683 - ui.widgets.automation_editor - WARNING - Failed to parse automation: 'alias'
2025-09-11 23:47:04,683 - ui.widgets.automation_editor - WARNING - Failed to parse automation: 'alias'
2025-09-11 23:47:04,683 - ui.widgets.automation_editor - WARNING - Failed to parse automation: 'alias'
2025-09-11 23:47:04,683 - ui.widgets.automation_editor - INFO - Refreshed 0 automations
2025-09-11 23:47:04,683 - ui.widgets.page_stack_manager - INFO - Refreshed page 'automations'
2025-09-11 23:47:09,672 - ui.widgets.automation_editor - WARNING - Failed to parse automation: 'alias'
2025-09-11 23:47:09,672 - ui.widgets.automation_editor - WARNING - Failed to parse automation: 'alias'
2025-09-11 23:47:09,672 - ui.widgets.automation_editor - WARNING - Failed to parse automation: 'alias'
2025-09-11 23:47:09,672 - ui.widgets.automation_editor - INFO - Refreshed 0 automations
2025-09-11 23:47:09,672 - ui.widgets.page_stack_manager - INFO - Refreshed page 'automations'
2025-09-11 23:47:14,670 - ui.widgets.automation_editor - WARNING - Failed to parse automation: 'alias'
2025-09-11 23:47:14,670 - ui.widgets.automation_editor - WARNING - Failed to parse automation: 'alias'
2025-09-11 23:47:14,670 - ui.widgets.automation_editor - WARNING - Failed to parse automation: 'alias'
2025-09-11 23:47:14,670 - ui.widgets.automation_editor - INFO - Refreshed 0 automations
2025-09-11 23:47:14,670 - ui.widgets.page_stack_manager - INFO - Refreshed page 'automations'
2025-09-11 23:47:19,671 - ui.widgets.automation_editor - WARNING - Failed to parse automation: 'alias'
2025-09-11 23:47:19,671 - ui.widgets.automation_editor - WARNING - Failed to parse automation: 'alias'
2025-09-11 23:47:19,671 - ui.widgets.automation_editor - WARNING - Failed to parse automation: 'alias'
2025-09-11 23:47:19,671 - ui.widgets.automation_editor - INFO - Refreshed 0 automations
2025-09-11 23:47:19,671 - ui.widgets.page_stack_manager - INFO - Refreshed page 'automations'
2025-09-11 23:47:24,672 - ui.widgets.automation_editor - WARNING - Failed to parse automation: 'alias'
2025-09-11 23:47:24,674 - ui.widgets.automation_editor - WARNING - Failed to parse automation: 'alias'
2025-09-11 23:47:24,674 - ui.widgets.automation_editor - WARNING - Failed to parse automation: 'alias'
2025-09-11 23:47:24,674 - ui.widgets.automation_editor - INFO - Refreshed 0 automations
2025-09-11 23:47:24,674 - ui.widgets.page_stack_manager - INFO - Refreshed page 'automations'
2025-09-11 23:47:29,668 - ui.widgets.automation_editor - WARNING - Failed to parse automation: 'alias'
2025-09-11 23:47:29,668 - ui.widgets.automation_editor - WARNING - Failed to parse automation: 'alias'
2025-09-11 23:47:29,668 - ui.widgets.automation_editor - WARNING - Failed to parse automation: 'alias'
2025-09-11 23:47:29,668 - ui.widgets.automation_editor - INFO - Refreshed 0 automations
2025-09-11 23:47:29,668 - ui.widgets.page_stack_manager - INFO - Refreshed page 'automations'
2025-09-11 23:47:34,678 - ui.widgets.automation_editor - WARNING - Failed to parse automation: 'alias'
2025-09-11 23:47:34,679 - ui.widgets.automation_editor - WARNING - Failed to parse automation: 'alias'
2025-09-11 23:47:34,679 - ui.widgets.automation_editor - WARNING - Failed to parse automation: 'alias'
2025-09-11 23:47:34,679 - ui.widgets.automation_editor - INFO - Refreshed 0 automations
2025-09-11 23:47:34,681 - ui.widgets.page_stack_manager - INFO - Refreshed page 'automations'
2025-09-11 23:47:39,661 - ui.widgets.automation_editor - WARNING - Failed to parse automation: 'alias'
2025-09-11 23:47:39,661 - ui.widgets.automation_editor - WARNING - Failed to parse automation: 'alias'
2025-09-11 23:47:39,661 - ui.widgets.automation_editor - WARNING - Failed to parse automation: 'alias'
2025-09-11 23:47:39,661 - ui.widgets.automation_editor - INFO - Refreshed 0 automations
2025-09-11 23:47:39,661 - ui.widgets.page_stack_manager - INFO - Refreshed page 'automations'
2025-09-11 23:47:44,676 - ui.widgets.automation_editor - WARNING - Failed to parse automation: 'alias'
2025-09-11 23:47:44,680 - ui.widgets.automation_editor - WARNING - Failed to parse automation: 'alias'
2025-09-11 23:47:44,682 - ui.widgets.automation_editor - WARNING - Failed to parse automation: 'alias'
2025-09-11 23:47:44,684 - ui.widgets.automation_editor - INFO - Refreshed 0 automations
2025-09-11 23:47:44,684 - ui.widgets.page_stack_manager - INFO - Refreshed page 'automations'
2025-09-11 23:47:49,783 - ui.widgets.automation_editor - WARNING - Failed to parse automation: 'alias'
2025-09-11 23:47:49,783 - ui.widgets.automation_editor - WARNING - Failed to parse automation: 'alias'
2025-09-11 23:47:49,783 - ui.widgets.automation_editor - WARNING - Failed to parse automation: 'alias'
2025-09-11 23:47:49,783 - ui.widgets.automation_editor - INFO - Refreshed 0 automations
2025-09-11 23:47:49,783 - ui.widgets.page_stack_manager - INFO - Refreshed page 'automations'
2025-09-11 23:47:54,683 - ui.widgets.automation_editor - WARNING - Failed to parse automation: 'alias'
2025-09-11 23:47:54,683 - ui.widgets.automation_editor - WARNING - Failed to parse automation: 'alias'
2025-09-11 23:47:54,683 - ui.widgets.automation_editor - WARNING - Failed to parse automation: 'alias'
2025-09-11 23:47:54,683 - ui.widgets.automation_editor - INFO - Refreshed 0 automations
2025-09-11 23:47:54,683 - ui.widgets.page_stack_manager - INFO - Refreshed page 'automations'
2025-09-11 23:47:59,701 - ui.widgets.automation_editor - WARNING - Failed to parse automation: 'alias'
2025-09-11 23:47:59,701 - ui.widgets.automation_editor - WARNING - Failed to parse automation: 'alias'
2025-09-11 23:47:59,701 - ui.widgets.automation_editor - WARNING - Failed to parse automation: 'alias'
2025-09-11 23:47:59,701 - ui.widgets.automation_editor - INFO - Refreshed 0 automations
2025-09-11 23:47:59,701 - ui.widgets.page_stack_manager - INFO - Refreshed page 'automations'
2025-09-11 23:48:04,663 - ui.widgets.automation_editor - WARNING - Failed to parse automation: 'alias'
2025-09-11 23:48:04,664 - ui.widgets.automation_editor - WARNING - Failed to parse automation: 'alias'
2025-09-11 23:48:04,664 - ui.widgets.automation_editor - WARNING - Failed to parse automation: 'alias'
2025-09-11 23:48:04,664 - ui.widgets.automation_editor - INFO - Refreshed 0 automations
2025-09-11 23:48:04,664 - ui.widgets.page_stack_manager - INFO - Refreshed page 'automations'
2025-09-11 23:48:09,713 - ui.widgets.automation_editor - WARNING - Failed to parse automation: 'alias'
2025-09-11 23:48:09,714 - ui.widgets.automation_editor - WARNING - Failed to parse automation: 'alias'
2025-09-11 23:48:09,715 - ui.widgets.automation_editor - WARNING - Failed to parse automation: 'alias'
2025-09-11 23:48:09,715 - ui.widgets.automation_editor - INFO - Refreshed 0 automations
2025-09-11 23:48:09,715 - ui.widgets.page_stack_manager - INFO - Refreshed page 'automations'
2025-09-11 23:48:14,699 - ui.widgets.automation_editor - WARNING - Failed to parse automation: 'alias'
2025-09-11 23:48:14,699 - ui.widgets.automation_editor - WARNING - Failed to parse automation: 'alias'
2025-09-11 23:48:14,699 - ui.widgets.automation_editor - WARNING - Failed to parse automation: 'alias'
2025-09-11 23:48:14,699 - ui.widgets.automation_editor - INFO - Refreshed 0 automations
2025-09-11 23:48:14,699 - ui.widgets.page_stack_manager - INFO - Refreshed page 'automations'
2025-09-11 23:48:19,686 - ui.widgets.automation_editor - WARNING - Failed to parse automation: 'alias'
2025-09-11 23:48:19,686 - ui.widgets.automation_editor - WARNING - Failed to parse automation: 'alias'
2025-09-11 23:48:19,686 - ui.widgets.automation_editor - WARNING - Failed to parse automation: 'alias'
2025-09-11 23:48:19,686 - ui.widgets.automation_editor - INFO - Refreshed 0 automations
2025-09-11 23:48:19,694 - ui.widgets.page_stack_manager - INFO - Refreshed page 'automations'
2025-09-11 23:48:24,698 - ui.widgets.automation_editor - WARNING - Failed to parse automation: 'alias'
2025-09-11 23:48:24,706 - ui.widgets.automation_editor - WARNING - Failed to parse automation: 'alias'
2025-09-11 23:48:24,706 - ui.widgets.automation_editor - WARNING - Failed to parse automation: 'alias'
2025-09-11 23:48:24,706 - ui.widgets.automation_editor - INFO - Refreshed 0 automations
2025-09-11 23:48:24,706 - ui.widgets.page_stack_manager - INFO - Refreshed page 'automations'
2025-09-11 23:48:29,683 - ui.widgets.automation_editor - WARNING - Failed to parse automation: 'alias'
2025-09-11 23:48:29,683 - ui.widgets.automation_editor - WARNING - Failed to parse automation: 'alias'
2025-09-11 23:48:29,683 - ui.widgets.automation_editor - WARNING - Failed to parse automation: 'alias'
2025-09-11 23:48:29,683 - ui.widgets.automation_editor - INFO - Refreshed 0 automations
2025-09-11 23:48:29,683 - ui.widgets.page_stack_manager - INFO - Refreshed page 'automations'
2025-09-11 23:48:34,685 - ui.widgets.automation_editor - WARNING - Failed to parse automation: 'alias'
2025-09-11 23:48:34,685 - ui.widgets.automation_editor - WARNING - Failed to parse automation: 'alias'
2025-09-11 23:48:34,685 - ui.widgets.automation_editor - WARNING - Failed to parse automation: 'alias'
2025-09-11 23:48:34,685 - ui.widgets.automation_editor - INFO - Refreshed 0 automations
2025-09-11 23:48:34,685 - ui.widgets.page_stack_manager - INFO - Refreshed page 'automations'
2025-09-11 23:48:39,703 - ui.widgets.automation_editor - WARNING - Failed to parse automation: 'alias'
2025-09-11 23:48:39,703 - ui.widgets.automation_editor - WARNING - Failed to parse automation: 'alias'
2025-09-11 23:48:39,703 - ui.widgets.automation_editor - WARNING - Failed to parse automation: 'alias'
2025-09-11 23:48:39,703 - ui.widgets.automation_editor - INFO - Refreshed 0 automations
2025-09-11 23:48:39,703 - ui.widgets.page_stack_manager - INFO - Refreshed page 'automations'
2025-09-11 23:48:43,358 - ui.main_window - INFO - Application closing gracefully
2025-09-11 23:48:47,908 - __main__ - INFO - Starting Home Assistant GUI...
2025-09-11 23:48:47,950 - __main__ - INFO - Creating main window...
2025-09-11 23:48:47,966 - ui.widgets.navigation_sidebar - INFO - Navigation changed to: overview
2025-09-11 23:48:50,328 - ui.widgets.page_stack_manager - INFO - Added page 'overview' at index 0
2025-09-11 23:48:50,333 - ui.widgets.page_stack_manager - INFO - Added page 'devices' at index 1
2025-09-11 23:48:50,335 - ui.widgets.page_stack_manager - INFO - Added page 'automations' at index 2
2025-09-11 23:48:50,335 - ui.widgets.page_stack_manager - INFO - Added page 'scenes' at index 3
2025-09-11 23:48:50,335 - ui.widgets.page_stack_manager - INFO - Added page 'scripts' at index 4
2025-09-11 23:48:50,818 - ui.widgets.page_stack_manager - INFO - Added page 'settings' at index 5
2025-09-11 23:48:50,818 - ui.main_window - INFO - All pages initialized successfully
2025-09-11 23:48:50,818 - ui.widgets.page_stack_manager - INFO - Switched to page 'overview'
2025-09-11 23:48:51,126 - __main__ - INFO - Application started successfully
2025-09-11 23:48:55,823 - ui.widgets.page_stack_manager - INFO - Refreshed page 'overview'
2025-09-11 23:49:00,823 - ui.widgets.page_stack_manager - INFO - Refreshed page 'overview'
2025-09-11 23:49:05,816 - ui.widgets.page_stack_manager - INFO - Refreshed page 'overview'
2025-09-11 23:49:10,821 - ui.widgets.page_stack_manager - INFO - Refreshed page 'overview'
2025-09-11 23:49:12,754 - ui.widgets.page_stack_manager - INFO - Switched to page 'automations'
2025-09-11 23:49:12,754 - ui.main_window - INFO - Switched to page: automations
2025-09-11 23:49:12,754 - ui.widgets.navigation_sidebar - INFO - Navigation changed to: automations
2025-09-11 23:49:15,823 - ui.widgets.page_stack_manager - INFO - Refreshed page 'automations'
2025-09-11 23:49:20,867 - ui.widgets.automation_editor - INFO - Refreshed 3 automations
2025-09-11 23:49:20,867 - ui.widgets.page_stack_manager - INFO - Refreshed page 'automations'
2025-09-11 23:49:25,843 - ui.widgets.automation_editor - INFO - Refreshed 3 automations
2025-09-11 23:49:25,843 - ui.widgets.page_stack_manager - INFO - Refreshed page 'automations'
2025-09-11 23:49:30,853 - ui.widgets.automation_editor - INFO - Refreshed 3 automations
2025-09-11 23:49:30,853 - ui.widgets.page_stack_manager - INFO - Refreshed page 'automations'
2025-09-11 23:49:36,054 - ui.widgets.automation_editor - INFO - Refreshed 3 automations
2025-09-11 23:49:36,054 - ui.widgets.page_stack_manager - INFO - Refreshed page 'automations'
2025-09-11 23:49:40,842 - ui.widgets.automation_editor - INFO - Refreshed 3 automations
2025-09-11 23:49:40,842 - ui.widgets.page_stack_manager - INFO - Refreshed page 'automations'
2025-09-11 23:49:43,613 - ui.widgets.page_stack_manager - INFO - Switched to page 'overview'
2025-09-11 23:49:43,613 - ui.main_window - INFO - Switched to page: overview
2025-09-11 23:49:43,619 - ui.widgets.navigation_sidebar - INFO - Navigation changed to: overview
2025-09-11 23:49:44,604 - ui.widgets.page_stack_manager - INFO - Switched to page 'devices'
2025-09-11 23:49:44,604 - ui.main_window - INFO - Switched to page: devices
2025-09-11 23:49:44,604 - ui.widgets.navigation_sidebar - INFO - Navigation changed to: devices
2025-09-11 23:49:45,935 - ui.widgets.device_grid - INFO - Refreshed 27 entities
2025-09-11 23:49:45,935 - ui.widgets.page_stack_manager - INFO - Refreshed page 'devices'
2025-09-11 23:49:50,984 - ui.widgets.device_grid - INFO - Refreshed 27 entities
2025-09-11 23:49:50,984 - ui.widgets.page_stack_manager - INFO - Refreshed page 'devices'
2025-09-11 23:49:55,969 - ui.widgets.device_grid - INFO - Refreshed 27 entities
2025-09-11 23:49:55,969 - ui.widgets.page_stack_manager - INFO - Refreshed page 'devices'
2025-09-11 23:50:00,955 - ui.widgets.device_grid - INFO - Refreshed 27 entities
2025-09-11 23:50:00,955 - ui.widgets.page_stack_manager - INFO - Refreshed page 'devices'
2025-09-11 23:50:05,916 - ui.widgets.device_grid - INFO - Refreshed 27 entities
2025-09-11 23:50:05,916 - ui.widgets.page_stack_manager - INFO - Refreshed page 'devices'
2025-09-11 23:50:10,963 - ui.widgets.device_grid - INFO - Refreshed 27 entities
2025-09-11 23:50:10,966 - ui.widgets.page_stack_manager - INFO - Refreshed page 'devices'
2025-09-11 23:50:15,906 - ui.widgets.device_grid - INFO - Refreshed 27 entities
2025-09-11 23:50:15,906 - ui.widgets.page_stack_manager - INFO - Refreshed page 'devices'
2025-09-11 23:50:20,919 - ui.widgets.device_grid - INFO - Refreshed 27 entities
2025-09-11 23:50:20,919 - ui.widgets.page_stack_manager - INFO - Refreshed page 'devices'
2025-09-11 23:50:26,012 - ui.widgets.device_grid - INFO - Refreshed 27 entities
2025-09-11 23:50:26,012 - ui.widgets.page_stack_manager - INFO - Refreshed page 'devices'
2025-09-11 23:50:31,501 - ui.widgets.device_grid - INFO - Refreshed 27 entities
2025-09-11 23:50:31,501 - ui.widgets.page_stack_manager - INFO - Refreshed page 'devices'
2025-09-11 23:50:36,181 - ui.widgets.device_grid - INFO - Refreshed 27 entities
2025-09-11 23:50:36,182 - ui.widgets.page_stack_manager - INFO - Refreshed page 'devices'
2025-09-11 23:50:41,085 - ui.widgets.device_grid - INFO - Refreshed 27 entities
2025-09-11 23:50:41,086 - ui.widgets.page_stack_manager - INFO - Refreshed page 'devices'
2025-09-11 23:50:46,026 - ui.widgets.device_grid - INFO - Refreshed 27 entities
2025-09-11 23:50:46,026 - ui.widgets.page_stack_manager - INFO - Refreshed page 'devices'
2025-09-11 23:50:50,896 - ui.widgets.device_grid - INFO - Refreshed 27 entities
2025-09-11 23:50:50,896 - ui.widgets.page_stack_manager - INFO - Refreshed page 'devices'
2025-09-11 23:50:56,093 - ui.widgets.device_grid - INFO - Refreshed 27 entities
2025-09-11 23:50:56,094 - ui.widgets.page_stack_manager - INFO - Refreshed page 'devices'
2025-09-11 23:51:01,935 - ui.widgets.device_grid - INFO - Refreshed 27 entities
2025-09-11 23:51:01,935 - ui.widgets.page_stack_manager - INFO - Refreshed page 'devices'
2025-09-11 23:51:06,498 - ui.widgets.device_grid - INFO - Refreshed 27 entities
2025-09-11 23:51:06,498 - ui.widgets.page_stack_manager - INFO - Refreshed page 'devices'
2025-09-11 23:51:12,640 - ui.widgets.device_grid - INFO - Refreshed 27 entities
2025-09-11 23:51:12,640 - ui.widgets.page_stack_manager - INFO - Refreshed page 'devices'
2025-09-11 23:51:16,133 - ui.widgets.device_grid - INFO - Refreshed 27 entities
2025-09-11 23:51:16,134 - ui.widgets.page_stack_manager - INFO - Refreshed page 'devices'
2025-09-11 23:51:21,823 - ui.widgets.device_grid - INFO - Refreshed 27 entities
2025-09-11 23:51:21,823 - ui.widgets.page_stack_manager - INFO - Refreshed page 'devices'
2025-09-11 23:51:26,811 - ui.widgets.device_grid - INFO - Refreshed 27 entities
2025-09-11 23:51:26,812 - ui.widgets.page_stack_manager - INFO - Refreshed page 'devices'
2025-09-11 23:51:31,632 - ui.widgets.device_grid - INFO - Refreshed 27 entities
2025-09-11 23:51:31,632 - ui.widgets.page_stack_manager - INFO - Refreshed page 'devices'
2025-09-11 23:51:36,742 - ui.widgets.device_grid - INFO - Refreshed 27 entities
2025-09-11 23:51:36,743 - ui.widgets.page_stack_manager - INFO - Refreshed page 'devices'
2025-09-11 23:51:41,107 - ui.widgets.device_grid - INFO - Refreshed 27 entities
2025-09-11 23:51:41,108 - ui.widgets.page_stack_manager - INFO - Refreshed page 'devices'
2025-09-11 23:51:47,279 - ui.widgets.device_grid - INFO - Refreshed 27 entities
2025-09-11 23:51:47,279 - ui.widgets.page_stack_manager - INFO - Refreshed page 'devices'
2025-09-11 23:51:51,168 - ui.widgets.device_grid - INFO - Refreshed 27 entities
2025-09-11 23:51:51,170 - ui.widgets.page_stack_manager - INFO - Refreshed page 'devices'
2025-09-11 23:51:56,113 - ui.widgets.device_grid - INFO - Refreshed 27 entities
2025-09-11 23:51:56,113 - ui.widgets.page_stack_manager - INFO - Refreshed page 'devices'
2025-09-11 23:52:01,917 - ui.widgets.device_grid - INFO - Refreshed 27 entities
2025-09-11 23:52:01,918 - ui.widgets.page_stack_manager - INFO - Refreshed page 'devices'
2025-09-11 23:52:07,395 - ui.widgets.device_grid - INFO - Refreshed 27 entities
2025-09-11 23:52:07,396 - ui.widgets.page_stack_manager - INFO - Refreshed page 'devices'
2025-09-11 23:52:11,686 - ui.widgets.device_grid - INFO - Refreshed 27 entities
2025-09-11 23:52:11,686 - ui.widgets.page_stack_manager - INFO - Refreshed page 'devices'
2025-09-11 23:52:16,421 - ui.widgets.device_grid - INFO - Refreshed 27 entities
2025-09-11 23:52:16,422 - ui.widgets.page_stack_manager - INFO - Refreshed page 'devices'
2025-09-11 23:52:21,522 - ui.widgets.device_grid - INFO - Refreshed 27 entities
2025-09-11 23:52:21,522 - ui.widgets.page_stack_manager - INFO - Refreshed page 'devices'
2025-09-11 23:52:26,055 - ui.widgets.device_grid - INFO - Refreshed 27 entities
2025-09-11 23:52:26,055 - ui.widgets.page_stack_manager - INFO - Refreshed page 'devices'
2025-09-11 23:52:35,122 - __main__ - INFO - Starting Home Assistant GUI...
2025-09-11 23:52:35,152 - __main__ - INFO - Creating main window...
2025-09-11 23:52:35,163 - ui.widgets.navigation_sidebar - INFO - Navigation changed to: overview
2025-09-11 23:52:35,588 - ui.widgets.page_stack_manager - INFO - Added page 'overview' at index 0
2025-09-11 23:52:35,591 - ui.widgets.page_stack_manager - INFO - Added page 'devices' at index 1
2025-09-11 23:52:35,593 - ui.widgets.page_stack_manager - INFO - Added page 'automations' at index 2
2025-09-11 23:52:35,594 - ui.widgets.page_stack_manager - INFO - Added page 'scenes' at index 3
2025-09-11 23:52:35,594 - ui.widgets.page_stack_manager - INFO - Added page 'scripts' at index 4
2025-09-11 23:52:35,965 - ui.widgets.page_stack_manager - INFO - Added page 'settings' at index 5
2025-09-11 23:52:35,965 - ui.main_window - INFO - All pages initialized successfully
2025-09-11 23:52:35,965 - ui.widgets.page_stack_manager - INFO - Switched to page 'overview'
2025-09-11 23:52:36,186 - __main__ - INFO - Application started successfully
2025-09-11 23:52:40,960 - ui.widgets.page_stack_manager - INFO - Refreshed page 'overview'
2025-09-11 23:52:45,956 - ui.widgets.page_stack_manager - INFO - Refreshed page 'overview'
2025-09-11 23:52:50,958 - ui.widgets.page_stack_manager - INFO - Refreshed page 'overview'
2025-09-11 23:52:55,961 - ui.widgets.page_stack_manager - INFO - Refreshed page 'overview'
2025-09-11 23:53:00,957 - ui.widgets.page_stack_manager - INFO - Refreshed page 'overview'
2025-09-11 23:53:03,563 - ui.widgets.page_stack_manager - INFO - Switched to page 'devices'
2025-09-11 23:53:03,563 - ui.main_window - INFO - Switched to page: devices
2025-09-11 23:53:03,563 - ui.widgets.navigation_sidebar - INFO - Navigation changed to: devices
2025-09-11 23:53:06,182 - ui.widgets.device_grid - INFO - Refreshed 27 entities
2025-09-11 23:53:06,183 - ui.widgets.page_stack_manager - INFO - Refreshed page 'devices'
2025-09-11 23:53:11,172 - ui.widgets.device_grid - INFO - Refreshed 27 entities
2025-09-11 23:53:11,172 - ui.widgets.page_stack_manager - INFO - Refreshed page 'devices'
2025-09-11 23:53:16,398 - ui.widgets.device_grid - INFO - Refreshed 27 entities
2025-09-11 23:53:16,398 - ui.widgets.page_stack_manager - INFO - Refreshed page 'devices'
2025-09-11 23:53:21,048 - ui.widgets.device_grid - INFO - Refreshed 27 entities
2025-09-11 23:53:21,049 - ui.widgets.page_stack_manager - INFO - Refreshed page 'devices'
2025-09-11 23:53:26,623 - ui.widgets.device_grid - INFO - Refreshed 27 entities
2025-09-11 23:53:26,623 - ui.widgets.page_stack_manager - INFO - Refreshed page 'devices'
2025-09-11 23:53:31,193 - ui.widgets.device_grid - INFO - Refreshed 27 entities
2025-09-11 23:53:31,193 - ui.widgets.page_stack_manager - INFO - Refreshed page 'devices'
2025-09-11 23:53:36,964 - ui.widgets.device_grid - INFO - Refreshed 27 entities
2025-09-11 23:53:36,964 - ui.widgets.page_stack_manager - INFO - Refreshed page 'devices'
2025-09-11 23:53:41,957 - ui.widgets.device_grid - INFO - Refreshed 27 entities
2025-09-11 23:53:41,957 - ui.widgets.page_stack_manager - INFO - Refreshed page 'devices'
2025-09-11 23:53:46,538 - ui.widgets.device_grid - INFO - Refreshed 27 entities
2025-09-11 23:53:46,539 - ui.widgets.page_stack_manager - INFO - Refreshed page 'devices'
2025-09-12 00:14:11,528 - __main__ - INFO - Starting Home Assistant GUI...
2025-09-12 00:14:11,550 - __main__ - INFO - Creating main window...
2025-09-12 00:14:11,559 - ui.widgets.navigation_sidebar - INFO - Navigation changed to: overview
2025-09-12 00:14:12,593 - ui.widgets.page_stack_manager - INFO - Added page 'overview' at index 0
2025-09-12 00:14:12,595 - ui.widgets.page_stack_manager - INFO - Added page 'devices' at index 1
2025-09-12 00:14:12,597 - ui.widgets.page_stack_manager - INFO - Added page 'automations' at index 2
2025-09-12 00:14:12,598 - ui.widgets.page_stack_manager - INFO - Added page 'scenes' at index 3
2025-09-12 00:14:12,599 - ui.widgets.page_stack_manager - INFO - Added page 'scripts' at index 4
2025-09-12 00:14:13,137 - ui.widgets.page_stack_manager - INFO - Added page 'settings' at index 5
2025-09-12 00:14:13,137 - ui.main_window - INFO - All pages initialized successfully
2025-09-12 00:14:13,138 - ui.widgets.page_stack_manager - INFO - Switched to page 'overview'
2025-09-12 00:14:13,473 - __main__ - INFO - Application started successfully
2025-09-12 00:14:15,320 - ui.widgets.page_stack_manager - INFO - Switched to page 'devices'
2025-09-12 00:14:15,321 - ui.main_window - INFO - Switched to page: devices
2025-09-12 00:14:15,321 - ui.widgets.navigation_sidebar - INFO - Navigation changed to: devices
2025-09-12 00:14:18,129 - ui.widgets.page_stack_manager - INFO - Refreshed page 'devices'
2025-09-12 00:14:23,129 - ui.widgets.page_stack_manager - INFO - Refreshed page 'devices'
2025-09-12 00:14:28,130 - ui.widgets.page_stack_manager - INFO - Refreshed page 'devices'
2025-09-12 00:14:33,130 - ui.widgets.page_stack_manager - INFO - Refreshed page 'devices'
2025-09-12 00:14:38,129 - ui.widgets.page_stack_manager - INFO - Refreshed page 'devices'
2025-09-12 00:14:43,356 - ui.widgets.device_grid - INFO - Refreshed 27 entities
2025-09-12 00:14:43,356 - ui.widgets.page_stack_manager - INFO - Refreshed page 'devices'
2025-09-12 00:14:48,195 - ui.widgets.device_grid - INFO - Refreshed 27 entities
2025-09-12 00:14:48,195 - ui.widgets.page_stack_manager - INFO - Refreshed page 'devices'
2025-09-12 00:14:53,201 - ui.widgets.device_grid - INFO - Refreshed 27 entities
2025-09-12 00:14:53,201 - ui.widgets.page_stack_manager - INFO - Refreshed page 'devices'
2025-09-12 00:14:58,246 - ui.widgets.device_grid - INFO - Refreshed 27 entities
2025-09-12 00:14:58,248 - ui.widgets.page_stack_manager - INFO - Refreshed page 'devices'
2025-09-12 00:15:03,189 - ui.widgets.device_grid - INFO - Refreshed 27 entities
2025-09-12 00:15:03,189 - ui.widgets.page_stack_manager - INFO - Refreshed page 'devices'
2025-09-12 00:15:08,663 - ui.widgets.device_grid - INFO - Refreshed 27 entities
2025-09-12 00:15:08,663 - ui.widgets.page_stack_manager - INFO - Refreshed page 'devices'
2025-09-12 00:15:13,394 - ui.widgets.device_grid - INFO - Refreshed 27 entities
2025-09-12 00:15:13,394 - ui.widgets.page_stack_manager - INFO - Refreshed page 'devices'
2025-09-12 00:15:18,374 - ui.widgets.device_grid - INFO - Refreshed 27 entities
2025-09-12 00:15:18,374 - ui.widgets.page_stack_manager - INFO - Refreshed page 'devices'
2025-09-12 00:15:23,635 - ui.widgets.device_grid - INFO - Refreshed 27 entities
2025-09-12 00:15:23,879 - ui.widgets.device_grid - INFO - Refreshed 27 entities
2025-09-12 00:15:23,879 - ui.widgets.page_stack_manager - INFO - Refreshed page 'devices'
2025-09-12 00:15:28,679 - ui.widgets.device_grid - INFO - Refreshed 27 entities
2025-09-12 00:15:28,680 - ui.widgets.page_stack_manager - INFO - Refreshed page 'devices'
2025-09-12 00:15:33,564 - ui.widgets.device_grid - INFO - Refreshed 27 entities
2025-09-12 00:15:33,564 - ui.widgets.page_stack_manager - INFO - Refreshed page 'devices'
2025-09-12 00:15:38,725 - ui.widgets.device_grid - INFO - Refreshed 27 entities
2025-09-12 00:15:38,726 - ui.widgets.page_stack_manager - INFO - Refreshed page 'devices'
2025-09-12 00:15:43,353 - ui.widgets.device_grid - INFO - Refreshed 27 entities
2025-09-12 00:15:43,354 - ui.widgets.page_stack_manager - INFO - Refreshed page 'devices'
2025-09-12 00:15:48,895 - ui.widgets.device_grid - INFO - Refreshed 27 entities
2025-09-12 00:15:48,895 - ui.widgets.page_stack_manager - INFO - Refreshed page 'devices'
2025-09-12 00:15:53,795 - ui.widgets.device_grid - INFO - Refreshed 27 entities
2025-09-12 00:15:53,796 - ui.widgets.page_stack_manager - INFO - Refreshed page 'devices'
2025-09-12 00:15:59,035 - ui.widgets.device_grid - INFO - Refreshed 27 entities
2025-09-12 00:15:59,041 - ui.widgets.page_stack_manager - INFO - Refreshed page 'devices'
2025-09-12 00:16:03,886 - ui.widgets.device_grid - INFO - Refreshed 27 entities
2025-09-12 00:16:03,887 - ui.widgets.page_stack_manager - INFO - Refreshed page 'devices'
2025-09-12 00:16:08,452 - ui.widgets.device_grid - INFO - Refreshed 27 entities
2025-09-12 00:16:08,453 - ui.widgets.page_stack_manager - INFO - Refreshed page 'devices'
2025-09-12 00:16:13,419 - ui.widgets.device_grid - INFO - Refreshed 27 entities
2025-09-12 00:16:13,419 - ui.widgets.page_stack_manager - INFO - Refreshed page 'devices'
2025-09-12 00:16:18,482 - ui.widgets.device_grid - INFO - Refreshed 27 entities
2025-09-12 00:16:18,483 - ui.widgets.page_stack_manager - INFO - Refreshed page 'devices'
2025-09-12 00:16:24,772 - ui.widgets.device_grid - INFO - Refreshed 27 entities
2025-09-12 00:16:24,772 - ui.widgets.page_stack_manager - INFO - Refreshed page 'devices'
2025-09-12 00:16:28,648 - ui.widgets.device_grid - INFO - Refreshed 27 entities
2025-09-12 00:16:28,648 - ui.widgets.page_stack_manager - INFO - Refreshed page 'devices'
2025-09-12 00:16:33,425 - ui.widgets.device_grid - INFO - Refreshed 27 entities
2025-09-12 00:16:33,425 - ui.widgets.page_stack_manager - INFO - Refreshed page 'devices'
2025-09-12 00:16:38,731 - ui.widgets.device_grid - INFO - Refreshed 27 entities
2025-09-12 00:16:38,731 - ui.widgets.page_stack_manager - INFO - Refreshed page 'devices'
2025-09-12 00:16:43,804 - ui.widgets.device_grid - INFO - Refreshed 27 entities
2025-09-12 00:16:43,805 - ui.widgets.page_stack_manager - INFO - Refreshed page 'devices'
2025-09-12 00:16:48,978 - ui.widgets.device_grid - INFO - Refreshed 27 entities
2025-09-12 00:16:48,985 - ui.widgets.page_stack_manager - INFO - Refreshed page 'devices'
2025-09-12 00:16:53,424 - ui.widgets.device_grid - INFO - Refreshed 27 entities
2025-09-12 00:16:53,424 - ui.widgets.page_stack_manager - INFO - Refreshed page 'devices'
2025-09-12 00:16:58,314 - ui.widgets.device_grid - INFO - Refreshed 27 entities
2025-09-12 00:16:58,315 - ui.widgets.page_stack_manager - INFO - Refreshed page 'devices'
2025-09-12 00:17:03,715 - ui.widgets.device_grid - INFO - Refreshed 27 entities
2025-09-12 00:17:03,716 - ui.widgets.page_stack_manager - INFO - Refreshed page 'devices'
2025-09-12 00:17:08,764 - ui.widgets.device_grid - INFO - Refreshed 27 entities
2025-09-12 00:17:08,765 - ui.widgets.page_stack_manager - INFO - Refreshed page 'devices'
2025-09-12 00:17:13,605 - ui.widgets.device_grid - INFO - Refreshed 27 entities
2025-09-12 00:17:13,606 - ui.widgets.page_stack_manager - INFO - Refreshed page 'devices'
2025-09-12 00:17:18,467 - ui.widgets.device_grid - INFO - Refreshed 27 entities
2025-09-12 00:17:18,467 - ui.widgets.page_stack_manager - INFO - Refreshed page 'devices'
2025-09-12 00:17:24,120 - ui.widgets.device_grid - INFO - Refreshed 27 entities
2025-09-12 00:17:24,121 - ui.widgets.page_stack_manager - INFO - Refreshed page 'devices'
2025-09-12 00:17:28,783 - ui.widgets.device_grid - INFO - Refreshed 27 entities
2025-09-12 00:17:28,785 - ui.widgets.page_stack_manager - INFO - Refreshed page 'devices'
2025-09-12 00:17:33,584 - ui.widgets.device_grid - INFO - Refreshed 27 entities
2025-09-12 00:17:33,585 - ui.widgets.page_stack_manager - INFO - Refreshed page 'devices'
2025-09-12 00:17:40,802 - ui.widgets.device_grid - INFO - Refreshed 27 entities
2025-09-12 00:17:40,803 - ui.widgets.page_stack_manager - INFO - Refreshed page 'devices'
2025-09-12 00:17:43,559 - ui.widgets.device_grid - INFO - Refreshed 27 entities
2025-09-12 00:17:43,560 - ui.widgets.page_stack_manager - INFO - Refreshed page 'devices'
2025-09-12 00:17:49,060 - ui.widgets.device_grid - INFO - Refreshed 27 entities
2025-09-12 00:17:49,060 - ui.widgets.page_stack_manager - INFO - Refreshed page 'devices'
2025-09-12 00:17:53,623 - ui.widgets.device_grid - INFO - Refreshed 27 entities
2025-09-12 00:17:53,623 - ui.widgets.page_stack_manager - INFO - Refreshed page 'devices'
2025-09-12 00:17:58,700 - ui.widgets.device_grid - INFO - Refreshed 27 entities
2025-09-12 00:17:58,701 - ui.widgets.page_stack_manager - INFO - Refreshed page 'devices'
2025-09-12 00:18:03,542 - ui.widgets.device_grid - INFO - Refreshed 27 entities
2025-09-12 00:18:03,543 - ui.widgets.page_stack_manager - INFO - Refreshed page 'devices'
2025-09-12 00:18:08,421 - ui.widgets.device_grid - INFO - Refreshed 27 entities
2025-09-12 00:18:08,421 - ui.widgets.page_stack_manager - INFO - Refreshed page 'devices'
2025-09-12 00:18:13,614 - ui.widgets.device_grid - INFO - Refreshed 27 entities
2025-09-12 00:18:13,614 - ui.widgets.page_stack_manager - INFO - Refreshed page 'devices'
2025-09-12 00:18:18,850 - ui.widgets.device_grid - INFO - Refreshed 27 entities
2025-09-12 00:18:18,851 - ui.widgets.page_stack_manager - INFO - Refreshed page 'devices'
2025-09-12 00:18:22,276 - ui.widgets.device_grid - INFO - Refreshed 27 entities
2025-09-12 00:18:23,732 - ui.widgets.device_grid - INFO - Refreshed 27 entities
2025-09-12 00:18:23,733 - ui.widgets.page_stack_manager - INFO - Refreshed page 'devices'
2025-09-12 00:18:28,599 - ui.widgets.device_grid - INFO - Refreshed 27 entities
2025-09-12 00:18:28,600 - ui.widgets.page_stack_manager - INFO - Refreshed page 'devices'
2025-09-12 00:18:33,582 - ui.widgets.device_grid - INFO - Refreshed 27 entities
2025-09-12 00:18:33,582 - ui.widgets.page_stack_manager - INFO - Refreshed page 'devices'
2025-09-12 00:18:38,632 - ui.widgets.device_grid - INFO - Refreshed 27 entities
2025-09-12 00:18:38,633 - ui.widgets.page_stack_manager - INFO - Refreshed page 'devices'
2025-09-12 00:18:43,601 - ui.widgets.device_grid - INFO - Refreshed 27 entities
2025-09-12 00:18:43,602 - ui.widgets.page_stack_manager - INFO - Refreshed page 'devices'
2025-09-12 00:18:48,444 - ui.widgets.device_grid - INFO - Refreshed 27 entities
2025-09-12 00:18:48,445 - ui.widgets.page_stack_manager - INFO - Refreshed page 'devices'
2025-09-12 00:18:53,439 - ui.widgets.device_grid - INFO - Refreshed 27 entities
2025-09-12 00:18:53,440 - ui.widgets.page_stack_manager - INFO - Refreshed page 'devices'
2025-09-12 00:18:58,601 - ui.widgets.device_grid - INFO - Refreshed 27 entities
2025-09-12 00:18:58,602 - ui.widgets.page_stack_manager - INFO - Refreshed page 'devices'
2025-09-12 00:19:04,053 - ui.widgets.device_grid - INFO - Refreshed 27 entities
2025-09-12 00:19:04,054 - ui.widgets.page_stack_manager - INFO - Refreshed page 'devices'
2025-09-12 00:19:08,795 - ui.widgets.device_grid - INFO - Refreshed 27 entities
2025-09-12 00:19:08,797 - ui.widgets.page_stack_manager - INFO - Refreshed page 'devices'
2025-09-12 00:19:13,653 - ui.widgets.device_grid - INFO - Refreshed 27 entities
2025-09-12 00:19:13,654 - ui.widgets.page_stack_manager - INFO - Refreshed page 'devices'
2025-09-12 00:19:18,765 - ui.widgets.device_grid - INFO - Refreshed 27 entities
2025-09-12 00:19:18,766 - ui.widgets.page_stack_manager - INFO - Refreshed page 'devices'
2025-09-12 00:19:23,708 - ui.widgets.device_grid - INFO - Refreshed 27 entities
2025-09-12 00:19:23,708 - ui.widgets.page_stack_manager - INFO - Refreshed page 'devices'
2025-09-12 00:19:29,575 - ui.widgets.device_grid - INFO - Refreshed 27 entities
2025-09-12 00:19:29,575 - ui.widgets.page_stack_manager - INFO - Refreshed page 'devices'
2025-09-12 00:19:33,182 - ui.widgets.device_grid - INFO - Refreshed 27 entities
2025-09-12 00:19:33,182 - ui.widgets.page_stack_manager - INFO - Refreshed page 'devices'
2025-09-12 00:19:38,659 - ui.widgets.device_grid - INFO - Refreshed 27 entities
2025-09-12 00:19:38,659 - ui.widgets.page_stack_manager - INFO - Refreshed page 'devices'
2025-09-12 00:19:43,560 - ui.widgets.device_grid - INFO - Refreshed 27 entities
2025-09-12 00:19:43,560 - ui.widgets.page_stack_manager - INFO - Refreshed page 'devices'
2025-09-12 00:19:48,416 - ui.widgets.device_grid - INFO - Refreshed 27 entities
2025-09-12 00:19:48,417 - ui.widgets.page_stack_manager - INFO - Refreshed page 'devices'
2025-09-12 00:19:53,800 - ui.widgets.device_grid - INFO - Refreshed 27 entities
2025-09-12 00:19:53,800 - ui.widgets.page_stack_manager - INFO - Refreshed page 'devices'
2025-09-12 00:19:58,654 - ui.widgets.device_grid - INFO - Refreshed 27 entities
2025-09-12 00:19:58,655 - ui.widgets.page_stack_manager - INFO - Refreshed page 'devices'
2025-09-12 00:20:03,332 - ui.widgets.device_grid - INFO - Refreshed 27 entities
2025-09-12 00:20:03,332 - ui.widgets.page_stack_manager - INFO - Refreshed page 'devices'
2025-09-12 00:20:08,801 - ui.widgets.device_grid - INFO - Refreshed 27 entities
2025-09-12 00:20:08,801 - ui.widgets.page_stack_manager - INFO - Refreshed page 'devices'
2025-09-12 00:20:13,520 - ui.widgets.device_grid - INFO - Refreshed 27 entities
2025-09-12 00:20:13,520 - ui.widgets.page_stack_manager - INFO - Refreshed page 'devices'
2025-09-12 00:20:18,616 - ui.widgets.device_grid - INFO - Refreshed 27 entities
2025-09-12 00:20:18,617 - ui.widgets.page_stack_manager - INFO - Refreshed page 'devices'
2025-09-12 00:20:23,627 - ui.widgets.device_grid - INFO - Refreshed 27 entities
2025-09-12 00:20:23,629 - ui.widgets.page_stack_manager - INFO - Refreshed page 'devices'
2025-09-12 00:20:28,422 - ui.widgets.device_grid - INFO - Refreshed 27 entities
2025-09-12 00:20:28,422 - ui.widgets.page_stack_manager - INFO - Refreshed page 'devices'
2025-09-12 00:20:33,582 - ui.widgets.device_grid - INFO - Refreshed 27 entities
2025-09-12 00:20:33,583 - ui.widgets.page_stack_manager - INFO - Refreshed page 'devices'
2025-09-12 00:20:38,611 - ui.widgets.device_grid - INFO - Refreshed 27 entities
2025-09-12 00:20:38,612 - ui.widgets.page_stack_manager - INFO - Refreshed page 'devices'
2025-09-12 00:20:43,512 - ui.widgets.device_grid - INFO - Refreshed 27 entities
2025-09-12 00:20:43,514 - ui.widgets.page_stack_manager - INFO - Refreshed page 'devices'
2025-09-12 00:20:48,576 - ui.widgets.device_grid - INFO - Refreshed 27 entities
2025-09-12 00:20:48,577 - ui.widgets.page_stack_manager - INFO - Refreshed page 'devices'
2025-09-12 00:20:53,438 - ui.widgets.device_grid - INFO - Refreshed 27 entities
2025-09-12 00:20:53,439 - ui.widgets.page_stack_manager - INFO - Refreshed page 'devices'
2025-09-12 00:20:58,542 - ui.widgets.device_grid - INFO - Refreshed 27 entities
2025-09-12 00:20:58,542 - ui.widgets.page_stack_manager - INFO - Refreshed page 'devices'
2025-09-12 00:21:03,342 - ui.widgets.device_grid - INFO - Refreshed 27 entities
2025-09-12 00:21:03,343 - ui.widgets.page_stack_manager - INFO - Refreshed page 'devices'
2025-09-12 00:21:08,554 - ui.widgets.device_grid - INFO - Refreshed 27 entities
2025-09-12 00:21:08,555 - ui.widgets.page_stack_manager - INFO - Refreshed page 'devices'
2025-09-12 00:21:13,676 - ui.widgets.device_grid - INFO - Refreshed 27 entities
2025-09-12 00:21:13,676 - ui.widgets.page_stack_manager - INFO - Refreshed page 'devices'
2025-09-12 00:21:19,203 - ui.widgets.device_grid - INFO - Refreshed 27 entities
2025-09-12 00:21:19,208 - ui.widgets.page_stack_manager - INFO - Refreshed page 'devices'
2025-09-12 00:21:23,771 - ui.widgets.device_grid - INFO - Refreshed 27 entities
2025-09-12 00:21:23,771 - ui.widgets.page_stack_manager - INFO - Refreshed page 'devices'
2025-09-12 00:21:28,565 - ui.widgets.device_grid - INFO - Refreshed 27 entities
2025-09-12 00:21:28,566 - ui.widgets.page_stack_manager - INFO - Refreshed page 'devices'
2025-09-12 00:21:33,552 - ui.widgets.device_grid - INFO - Refreshed 27 entities
2025-09-12 00:21:33,552 - ui.widgets.page_stack_manager - INFO - Refreshed page 'devices'
2025-09-12 00:21:38,551 - ui.widgets.device_grid - INFO - Refreshed 27 entities
2025-09-12 00:21:38,552 - ui.widgets.page_stack_manager - INFO - Refreshed page 'devices'
2025-09-12 00:21:43,408 - ui.widgets.device_grid - INFO - Refreshed 27 entities
2025-09-12 00:21:43,408 - ui.widgets.page_stack_manager - INFO - Refreshed page 'devices'
2025-09-12 00:21:48,381 - ui.widgets.device_grid - INFO - Refreshed 27 entities
2025-09-12 00:21:48,381 - ui.widgets.page_stack_manager - INFO - Refreshed page 'devices'
2025-09-12 00:21:53,413 - ui.widgets.device_grid - INFO - Refreshed 27 entities
2025-09-12 00:21:53,414 - ui.widgets.page_stack_manager - INFO - Refreshed page 'devices'
2025-09-12 00:21:59,607 - ui.widgets.device_grid - INFO - Refreshed 27 entities
2025-09-12 00:21:59,607 - ui.widgets.page_stack_manager - INFO - Refreshed page 'devices'
2025-09-12 00:22:05,945 - ui.widgets.device_grid - INFO - Refreshed 27 entities
2025-09-12 00:22:05,946 - ui.widgets.page_stack_manager - INFO - Refreshed page 'devices'
2025-09-12 00:22:09,467 - ui.widgets.device_grid - INFO - Refreshed 27 entities
2025-09-12 00:22:09,468 - ui.widgets.page_stack_manager - INFO - Refreshed page 'devices'
2025-09-12 00:22:13,883 - ui.widgets.device_grid - INFO - Refreshed 27 entities
2025-09-12 00:22:13,884 - ui.widgets.page_stack_manager - INFO - Refreshed page 'devices'
2025-09-12 00:22:19,615 - ui.widgets.device_grid - INFO - Refreshed 27 entities
2025-09-12 00:22:19,615 - ui.widgets.page_stack_manager - INFO - Refreshed page 'devices'
2025-09-12 00:22:23,524 - ui.widgets.device_grid - INFO - Refreshed 27 entities
2025-09-12 00:22:23,525 - ui.widgets.page_stack_manager - INFO - Refreshed page 'devices'
2025-09-12 00:22:28,408 - ui.widgets.device_grid - INFO - Refreshed 27 entities
2025-09-12 00:22:28,409 - ui.widgets.page_stack_manager - INFO - Refreshed page 'devices'
2025-09-12 00:22:33,644 - ui.widgets.device_grid - INFO - Refreshed 27 entities
2025-09-12 00:22:33,644 - ui.widgets.page_stack_manager - INFO - Refreshed page 'devices'
2025-09-12 00:22:38,856 - ui.widgets.device_grid - INFO - Refreshed 27 entities
2025-09-12 00:22:38,857 - ui.widgets.page_stack_manager - INFO - Refreshed page 'devices'
2025-09-12 00:22:43,922 - ui.widgets.device_grid - INFO - Refreshed 27 entities
2025-09-12 00:22:43,922 - ui.widgets.page_stack_manager - INFO - Refreshed page 'devices'
2025-09-12 00:22:48,601 - ui.widgets.device_grid - INFO - Refreshed 27 entities
2025-09-12 00:22:48,601 - ui.widgets.page_stack_manager - INFO - Refreshed page 'devices'
2025-09-12 00:22:53,386 - ui.widgets.device_grid - INFO - Refreshed 27 entities
2025-09-12 00:22:53,386 - ui.widgets.page_stack_manager - INFO - Refreshed page 'devices'
2025-09-12 00:22:58,838 - ui.widgets.device_grid - INFO - Refreshed 27 entities
2025-09-12 00:22:58,838 - ui.widgets.page_stack_manager - INFO - Refreshed page 'devices'
2025-09-12 00:23:03,547 - ui.widgets.device_grid - INFO - Refreshed 27 entities
2025-09-12 00:23:03,548 - ui.widgets.page_stack_manager - INFO - Refreshed page 'devices'
2025-09-12 00:23:08,586 - ui.widgets.device_grid - INFO - Refreshed 27 entities
2025-09-12 00:23:08,587 - ui.widgets.page_stack_manager - INFO - Refreshed page 'devices'
2025-09-12 00:23:13,654 - ui.widgets.device_grid - INFO - Refreshed 27 entities
2025-09-12 00:23:13,655 - ui.widgets.page_stack_manager - INFO - Refreshed page 'devices'
2025-09-12 00:23:18,554 - ui.widgets.device_grid - INFO - Refreshed 27 entities
2025-09-12 00:23:18,554 - ui.widgets.page_stack_manager - INFO - Refreshed page 'devices'
2025-09-12 00:23:23,420 - ui.widgets.device_grid - INFO - Refreshed 27 entities
2025-09-12 00:23:23,420 - ui.widgets.page_stack_manager - INFO - Refreshed page 'devices'
2025-09-12 00:23:28,728 - ui.widgets.device_grid - INFO - Refreshed 27 entities
2025-09-12 00:23:28,735 - ui.widgets.page_stack_manager - INFO - Refreshed page 'devices'
2025-09-12 00:23:33,692 - ui.widgets.device_grid - INFO - Refreshed 27 entities
2025-09-12 00:23:33,693 - ui.widgets.page_stack_manager - INFO - Refreshed page 'devices'
2025-09-12 00:23:38,641 - ui.widgets.device_grid - INFO - Refreshed 27 entities
2025-09-12 00:23:38,641 - ui.widgets.page_stack_manager - INFO - Refreshed page 'devices'
2025-09-12 00:23:43,454 - ui.widgets.device_grid - INFO - Refreshed 27 entities
2025-09-12 00:23:43,455 - ui.widgets.page_stack_manager - INFO - Refreshed page 'devices'
2025-09-12 00:23:48,479 - ui.widgets.device_grid - INFO - Refreshed 27 entities
2025-09-12 00:23:48,479 - ui.widgets.page_stack_manager - INFO - Refreshed page 'devices'
2025-09-12 00:23:53,647 - ui.widgets.device_grid - INFO - Refreshed 27 entities
2025-09-12 00:23:53,648 - ui.widgets.page_stack_manager - INFO - Refreshed page 'devices'
2025-09-12 00:23:58,702 - ui.widgets.device_grid - INFO - Refreshed 27 entities
2025-09-12 00:23:58,703 - ui.widgets.page_stack_manager - INFO - Refreshed page 'devices'
2025-09-12 00:24:03,449 - ui.widgets.device_grid - INFO - Refreshed 27 entities
2025-09-12 00:24:03,451 - ui.widgets.page_stack_manager - INFO - Refreshed page 'devices'
2025-09-12 00:24:08,413 - ui.widgets.device_grid - INFO - Refreshed 27 entities
2025-09-12 00:24:08,414 - ui.widgets.page_stack_manager - INFO - Refreshed page 'devices'
2025-09-12 00:24:13,648 - ui.widgets.device_grid - INFO - Refreshed 27 entities
2025-09-12 00:24:13,648 - ui.widgets.page_stack_manager - INFO - Refreshed page 'devices'
2025-09-12 00:24:18,779 - ui.widgets.device_grid - INFO - Refreshed 27 entities
2025-09-12 00:24:18,781 - ui.widgets.page_stack_manager - INFO - Refreshed page 'devices'
2025-09-12 00:24:23,413 - ui.widgets.device_grid - INFO - Refreshed 27 entities
2025-09-12 00:24:23,413 - ui.widgets.page_stack_manager - INFO - Refreshed page 'devices'
2025-09-12 00:24:32,016 - ui.widgets.device_grid - INFO - Refreshed 27 entities
2025-09-12 00:24:32,017 - ui.widgets.page_stack_manager - INFO - Refreshed page 'devices'
2025-09-12 00:24:33,414 - ui.widgets.device_grid - INFO - Refreshed 27 entities
2025-09-12 00:24:33,415 - ui.widgets.page_stack_manager - INFO - Refreshed page 'devices'
2025-09-12 00:24:38,718 - ui.widgets.device_grid - INFO - Refreshed 27 entities
2025-09-12 00:24:38,719 - ui.widgets.page_stack_manager - INFO - Refreshed page 'devices'
2025-09-12 00:24:43,438 - ui.widgets.device_grid - INFO - Refreshed 27 entities
2025-09-12 00:24:43,438 - ui.widgets.page_stack_manager - INFO - Refreshed page 'devices'
2025-09-12 00:24:48,607 - ui.widgets.device_grid - INFO - Refreshed 27 entities
2025-09-12 00:24:48,607 - ui.widgets.page_stack_manager - INFO - Refreshed page 'devices'
2025-09-12 00:24:53,614 - ui.widgets.device_grid - INFO - Refreshed 27 entities
2025-09-12 00:24:53,615 - ui.widgets.page_stack_manager - INFO - Refreshed page 'devices'
2025-09-12 00:24:58,542 - ui.widgets.device_grid - INFO - Refreshed 27 entities
2025-09-12 00:24:58,543 - ui.widgets.page_stack_manager - INFO - Refreshed page 'devices'
2025-09-12 00:25:03,698 - ui.widgets.device_grid - INFO - Refreshed 27 entities
2025-09-12 00:25:03,698 - ui.widgets.page_stack_manager - INFO - Refreshed page 'devices'
2025-09-12 00:25:08,691 - ui.widgets.device_grid - INFO - Refreshed 27 entities
2025-09-12 00:25:08,692 - ui.widgets.page_stack_manager - INFO - Refreshed page 'devices'
2025-09-12 00:25:11,728 - ui.main_window - INFO - Application closing gracefully
2025-09-24 18:15:40,624 - __main__ - INFO - Starting Home Assistant GUI...
2025-09-24 18:15:40,709 - __main__ - INFO - Creating main window...
2025-09-24 18:15:40,860 - ui.widgets.navigation_sidebar - INFO - Navigation changed to: overview
2025-09-24 18:15:51,894 - services.ha_api - ERROR - Error fetching config: HTTPConnectionPool(host='10.0.0.48', port=8123): Max retries exceeded with url: /api/config (Caused by ConnectTimeoutError(<urllib3.connection.HTTPConnection object at 0x000002246D7A7290>, 'Connection to 10.0.0.48 timed out. (connect timeout=10)'))
2025-09-24 18:15:51,937 - ui.widgets.page_stack_manager - INFO - Added page 'overview' at index 0
2025-09-24 18:15:51,939 - services.ha_api - ERROR - WebSocket connection error: timed out during handshake
2025-09-24 18:15:51,941 - ui.widgets.page_stack_manager - INFO - Added page 'devices' at index 1
2025-09-24 18:15:51,943 - ui.widgets.page_stack_manager - INFO - Added page 'automations' at index 2
2025-09-24 18:15:51,944 - ui.widgets.page_stack_manager - INFO - Added page 'scenes' at index 3
2025-09-24 18:15:51,946 - ui.widgets.page_stack_manager - INFO - Added page 'scripts' at index 4
2025-09-24 18:15:52,341 - ui.widgets.page_stack_manager - INFO - Added page 'settings' at index 5
2025-09-24 18:15:52,341 - ui.main_window - INFO - All pages initialized successfully
2025-09-24 18:15:52,341 - ui.widgets.page_stack_manager - INFO - Switched to page 'overview'
2025-09-24 18:15:52,768 - __main__ - INFO - Application started successfully
2025-09-24 18:16:02,784 - services.ha_api - ERROR - Error fetching config: HTTPConnectionPool(host='10.0.0.48', port=8123): Max retries exceeded with url: /api/config (Caused by ConnectTimeoutError(<urllib3.connection.HTTPConnection object at 0x000002246D5751C0>, 'Connection to 10.0.0.48 timed out. (connect timeout=10)'))
2025-09-24 18:16:02,891 - ui.widgets.page_stack_manager - INFO - Refreshed page 'overview'
2025-09-24 18:16:07,123 - ui.widgets.page_stack_manager - INFO - Switched to page 'devices'
2025-09-24 18:16:07,126 - ui.main_window - INFO - Switched to page: devices
2025-09-24 18:16:07,126 - ui.widgets.navigation_sidebar - INFO - Navigation changed to: devices
2025-09-24 18:16:07,339 - ui.widgets.page_stack_manager - INFO - Refreshed page 'devices'
2025-09-24 18:16:15,711 - ui.widgets.page_stack_manager - INFO - Refreshed page 'devices'
2025-09-24 18:16:17,363 - ui.widgets.page_stack_manager - INFO - Refreshed page 'devices'
2025-09-24 18:16:22,340 - ui.widgets.page_stack_manager - INFO - Refreshed page 'devices'
2025-09-24 18:16:27,338 - ui.widgets.page_stack_manager - INFO - Refreshed page 'devices'
2025-09-24 18:16:32,334 - ui.widgets.page_stack_manager - INFO - Refreshed page 'devices'
2025-09-24 18:16:37,332 - ui.widgets.page_stack_manager - INFO - Refreshed page 'devices'
2025-09-24 18:16:45,719 - ui.widgets.page_stack_manager - INFO - Refreshed page 'devices'
2025-09-24 18:16:47,332 - ui.widgets.page_stack_manager - INFO - Refreshed page 'devices'
2025-09-24 18:16:52,344 - ui.widgets.page_stack_manager - INFO - Refreshed page 'devices'
2025-09-24 18:16:57,332 - ui.widgets.page_stack_manager - INFO - Refreshed page 'devices'
2025-09-24 18:17:02,339 - ui.widgets.page_stack_manager - INFO - Refreshed page 'devices'
2025-09-24 18:17:07,344 - ui.widgets.page_stack_manager - INFO - Refreshed page 'devices'
2025-09-24 18:17:15,730 - ui.widgets.page_stack_manager - INFO - Refreshed page 'devices'
2025-09-24 18:17:17,345 - ui.widgets.page_stack_manager - INFO - Refreshed page 'devices'
2025-09-24 18:17:22,339 - ui.widgets.page_stack_manager - INFO - Refreshed page 'devices'
2025-09-24 18:17:27,346 - ui.widgets.page_stack_manager - INFO - Refreshed page 'devices'
2025-09-24 18:17:32,335 - ui.widgets.page_stack_manager - INFO - Refreshed page 'devices'
2025-09-24 18:17:37,344 - ui.widgets.page_stack_manager - INFO - Refreshed page 'devices'
2025-09-24 18:17:45,718 - ui.widgets.page_stack_manager - INFO - Refreshed page 'devices'
2025-09-24 18:17:47,342 - ui.widgets.page_stack_manager - INFO - Refreshed page 'devices'
2025-09-24 18:17:52,333 - ui.widgets.page_stack_manager - INFO - Refreshed page 'devices'
2025-09-24 18:17:57,334 - ui.widgets.page_stack_manager - INFO - Refreshed page 'devices'
2025-09-24 18:18:02,341 - ui.widgets.page_stack_manager - INFO - Refreshed page 'devices'
2025-09-24 18:18:07,333 - ui.widgets.page_stack_manager - INFO - Refreshed page 'devices'
2025-09-24 18:18:15,725 - ui.widgets.page_stack_manager - INFO - Refreshed page 'devices'
2025-09-24 18:18:17,341 - ui.widgets.page_stack_manager - INFO - Refreshed page 'devices'
2025-09-24 18:18:22,346 - ui.widgets.page_stack_manager - INFO - Refreshed page 'devices'
2025-09-24 18:18:27,348 - ui.widgets.page_stack_manager - INFO - Refreshed page 'devices'
2025-09-24 18:18:32,362 - ui.widgets.page_stack_manager - INFO - Refreshed page 'devices'
2025-09-24 18:18:37,347 - ui.widgets.page_stack_manager - INFO - Refreshed page 'devices'
2025-09-24 18:18:45,715 - ui.widgets.page_stack_manager - INFO - Refreshed page 'devices'
2025-09-24 18:18:47,358 - ui.widgets.page_stack_manager - INFO - Refreshed page 'devices'
2025-09-24 18:18:52,351 - ui.widgets.page_stack_manager - INFO - Refreshed page 'devices'
2025-09-24 18:18:57,348 - ui.widgets.page_stack_manager - INFO - Refreshed page 'devices'
2025-09-24 18:19:02,362 - ui.widgets.page_stack_manager - INFO - Refreshed page 'devices'
2025-09-24 18:19:07,348 - ui.widgets.page_stack_manager - INFO - Refreshed page 'devices'
2025-09-24 18:19:15,724 - ui.widgets.page_stack_manager - INFO - Refreshed page 'devices'
2025-09-24 18:19:17,361 - ui.widgets.page_stack_manager - INFO - Refreshed page 'devices'
2025-09-24 18:19:22,347 - ui.widgets.page_stack_manager - INFO - Refreshed page 'devices'
2025-09-24 18:19:27,348 - ui.widgets.page_stack_manager - INFO - Refreshed page 'devices'
2025-09-24 18:19:32,352 - ui.widgets.page_stack_manager - INFO - Refreshed page 'devices'
2025-09-24 18:19:37,352 - ui.widgets.page_stack_manager - INFO - Refreshed page 'devices'
2025-09-24 18:19:45,717 - ui.widgets.page_stack_manager - INFO - Refreshed page 'devices'
2025-09-24 18:19:47,361 - ui.widgets.page_stack_manager - INFO - Refreshed page 'devices'
2025-09-24 18:19:52,350 - ui.widgets.page_stack_manager - INFO - Refreshed page 'devices'
2025-09-24 18:19:57,360 - ui.widgets.page_stack_manager - INFO - Refreshed page 'devices'
2025-09-24 18:20:02,350 - ui.widgets.page_stack_manager - INFO - Refreshed page 'devices'
2025-09-24 18:20:07,352 - ui.widgets.page_stack_manager - INFO - Refreshed page 'devices'
2025-09-24 18:20:15,719 - ui.widgets.page_stack_manager - INFO - Refreshed page 'devices'
2025-09-24 18:20:17,348 - ui.widgets.page_stack_manager - INFO - Refreshed page 'devices'
2025-09-24 18:20:22,347 - ui.widgets.page_stack_manager - INFO - Refreshed page 'devices'
2025-09-24 18:20:27,351 - ui.widgets.page_stack_manager - INFO - Refreshed page 'devices'
2025-09-24 18:20:32,350 - ui.widgets.page_stack_manager - INFO - Refreshed page 'devices'
2025-09-24 18:20:37,351 - ui.widgets.page_stack_manager - INFO - Refreshed page 'devices'
2025-09-24 18:20:45,719 - ui.widgets.page_stack_manager - INFO - Refreshed page 'devices'
2025-09-24 18:20:47,358 - ui.widgets.page_stack_manager - INFO - Refreshed page 'devices'
2025-09-24 18:20:52,349 - ui.widgets.page_stack_manager - INFO - Refreshed page 'devices'
2025-09-24 18:20:57,347 - ui.widgets.page_stack_manager - INFO - Refreshed page 'devices'
2025-09-24 18:21:02,350 - ui.widgets.page_stack_manager - INFO - Refreshed page 'devices'
2025-09-24 18:21:07,362 - ui.widgets.page_stack_manager - INFO - Refreshed page 'devices'
2025-09-24 18:21:15,724 - ui.widgets.page_stack_manager - INFO - Refreshed page 'devices'
2025-09-24 18:21:17,347 - ui.widgets.page_stack_manager - INFO - Refreshed page 'devices'
2025-09-24 18:21:22,349 - ui.widgets.page_stack_manager - INFO - Refreshed page 'devices'
2025-09-24 18:21:27,354 - ui.widgets.page_stack_manager - INFO - Refreshed page 'devices'
2025-09-24 18:21:32,352 - ui.widgets.page_stack_manager - INFO - Refreshed page 'devices'
2025-09-24 18:21:37,359 - ui.widgets.page_stack_manager - INFO - Refreshed page 'devices'
2025-09-24 18:21:45,712 - ui.widgets.page_stack_manager - INFO - Refreshed page 'devices'
2025-09-24 18:21:47,358 - ui.widgets.page_stack_manager - INFO - Refreshed page 'devices'
2025-09-24 18:21:52,352 - ui.widgets.page_stack_manager - INFO - Refreshed page 'devices'
2025-09-24 18:21:57,358 - ui.widgets.page_stack_manager - INFO - Refreshed page 'devices'
2025-09-24 18:22:02,358 - ui.widgets.page_stack_manager - INFO - Refreshed page 'devices'
2025-09-24 18:22:07,356 - ui.widgets.page_stack_manager - INFO - Refreshed page 'devices'
2025-09-24 18:22:15,729 - ui.widgets.page_stack_manager - INFO - Refreshed page 'devices'
2025-09-24 18:22:17,362 - ui.widgets.page_stack_manager - INFO - Refreshed page 'devices'
2025-09-24 18:22:22,357 - ui.widgets.page_stack_manager - INFO - Refreshed page 'devices'
2025-09-24 18:22:27,353 - ui.widgets.page_stack_manager - INFO - Refreshed page 'devices'
2025-09-24 18:22:32,359 - ui.widgets.page_stack_manager - INFO - Refreshed page 'devices'
2025-09-24 18:22:37,362 - ui.widgets.page_stack_manager - INFO - Refreshed page 'devices'
2025-09-24 18:22:45,729 - ui.widgets.page_stack_manager - INFO - Refreshed page 'devices'
2025-09-24 18:22:47,361 - ui.widgets.page_stack_manager - INFO - Refreshed page 'devices'
2025-09-24 18:22:52,353 - ui.widgets.page_stack_manager - INFO - Refreshed page 'devices'
2025-09-24 18:22:57,349 - ui.widgets.page_stack_manager - INFO - Refreshed page 'devices'
2025-09-24 18:23:02,351 - ui.widgets.page_stack_manager - INFO - Refreshed page 'devices'
2025-09-24 18:23:07,360 - ui.widgets.page_stack_manager - INFO - Refreshed page 'devices'
2025-09-24 18:23:15,724 - ui.widgets.page_stack_manager - INFO - Refreshed page 'devices'
2025-09-24 18:23:17,359 - ui.widgets.page_stack_manager - INFO - Refreshed page 'devices'
2025-09-24 18:23:22,358 - ui.widgets.page_stack_manager - INFO - Refreshed page 'devices'
2025-09-24 18:23:27,349 - ui.widgets.page_stack_manager - INFO - Refreshed page 'devices'
2025-09-24 18:23:32,351 - ui.widgets.page_stack_manager - INFO - Refreshed page 'devices'
2025-09-24 18:23:37,363 - ui.widgets.page_stack_manager - INFO - Refreshed page 'devices'
2025-09-24 18:23:45,716 - ui.widgets.page_stack_manager - INFO - Refreshed page 'devices'
2025-09-24 18:23:47,360 - ui.widgets.page_stack_manager - INFO - Refreshed page 'devices'
2025-09-24 18:23:52,348 - ui.widgets.page_stack_manager - INFO - Refreshed page 'devices'
2025-09-24 18:23:57,349 - ui.widgets.page_stack_manager - INFO - Refreshed page 'devices'
2025-09-24 18:24:02,358 - ui.widgets.page_stack_manager - INFO - Refreshed page 'devices'
2025-09-24 18:24:07,350 - ui.widgets.page_stack_manager - INFO - Refreshed page 'devices'
2025-09-24 18:24:15,714 - ui.widgets.page_stack_manager - INFO - Refreshed page 'devices'
2025-09-24 18:24:17,362 - ui.widgets.page_stack_manager - INFO - Refreshed page 'devices'
2025-09-24 18:24:22,360 - ui.widgets.page_stack_manager - INFO - Refreshed page 'devices'
2025-09-24 18:24:27,362 - ui.widgets.page_stack_manager - INFO - Refreshed page 'devices'
2025-09-24 18:24:32,350 - ui.widgets.page_stack_manager - INFO - Refreshed page 'devices'
2025-09-24 18:24:37,354 - ui.widgets.page_stack_manager - INFO - Refreshed page 'devices'
2025-09-24 18:24:45,714 - ui.widgets.page_stack_manager - INFO - Refreshed page 'devices'
2025-09-24 18:24:47,349 - ui.widgets.page_stack_manager - INFO - Refreshed page 'devices'
2025-09-24 18:24:52,352 - ui.widgets.page_stack_manager - INFO - Refreshed page 'devices'
2025-09-24 18:24:57,347 - ui.widgets.page_stack_manager - INFO - Refreshed page 'devices'
2025-09-24 18:25:02,363 - ui.widgets.page_stack_manager - INFO - Refreshed page 'devices'
2025-09-24 18:25:07,352 - ui.widgets.page_stack_manager - INFO - Refreshed page 'devices'
2025-09-24 18:25:15,715 - ui.widgets.page_stack_manager - INFO - Refreshed page 'devices'
2025-09-24 18:25:17,355 - ui.widgets.page_stack_manager - INFO - Refreshed page 'devices'
2025-09-24 18:25:22,351 - ui.widgets.page_stack_manager - INFO - Refreshed page 'devices'
2025-09-24 18:25:27,346 - ui.widgets.page_stack_manager - INFO - Refreshed page 'devices'
2025-09-24 18:25:32,349 - ui.widgets.page_stack_manager - INFO - Refreshed page 'devices'
2025-09-24 18:25:37,356 - ui.widgets.page_stack_manager - INFO - Refreshed page 'devices'
2025-09-24 18:25:45,725 - ui.widgets.page_stack_manager - INFO - Refreshed page 'devices'
2025-09-24 18:25:47,349 - ui.widgets.page_stack_manager - INFO - Refreshed page 'devices'
2025-09-24 18:25:52,357 - ui.widgets.page_stack_manager - INFO - Refreshed page 'devices'
2025-09-24 18:25:57,349 - ui.widgets.page_stack_manager - INFO - Refreshed page 'devices'
2025-09-24 18:26:02,347 - ui.widgets.page_stack_manager - INFO - Refreshed page 'devices'
2025-09-24 18:26:07,353 - ui.widgets.page_stack_manager - INFO - Refreshed page 'devices'
2025-09-24 18:26:15,728 - ui.widgets.page_stack_manager - INFO - Refreshed page 'devices'
2025-09-24 18:26:17,376 - ui.widgets.page_stack_manager - INFO - Refreshed page 'devices'
2025-09-24 18:26:22,366 - ui.widgets.page_stack_manager - INFO - Refreshed page 'devices'
2025-09-24 18:26:27,363 - ui.widgets.page_stack_manager - INFO - Refreshed page 'devices'
2025-09-24 18:26:32,368 - ui.widgets.page_stack_manager - INFO - Refreshed page 'devices'
2025-09-24 18:26:37,363 - ui.widgets.page_stack_manager - INFO - Refreshed page 'devices'
2025-09-24 18:26:45,719 - ui.widgets.page_stack_manager - INFO - Refreshed page 'devices'
2025-09-24 18:26:47,374 - ui.widgets.page_stack_manager - INFO - Refreshed page 'devices'
2025-09-24 18:26:52,364 - ui.widgets.page_stack_manager - INFO - Refreshed page 'devices'
2025-09-24 18:26:57,378 - ui.widgets.page_stack_manager - INFO - Refreshed page 'devices'
2025-09-24 18:27:02,363 - ui.widgets.page_stack_manager - INFO - Refreshed page 'devices'
2025-09-24 18:27:07,373 - ui.widgets.page_stack_manager - INFO - Refreshed page 'devices'
2025-09-24 18:27:15,717 - ui.widgets.page_stack_manager - INFO - Refreshed page 'devices'
2025-09-24 18:27:17,365 - ui.widgets.page_stack_manager - INFO - Refreshed page 'devices'
2025-09-24 18:27:22,364 - ui.widgets.page_stack_manager - INFO - Refreshed page 'devices'
2025-09-24 18:27:27,373 - ui.widgets.page_stack_manager - INFO - Refreshed page 'devices'
2025-09-24 18:27:32,365 - ui.widgets.page_stack_manager - INFO - Refreshed page 'devices'
2025-09-24 18:27:37,370 - ui.widgets.page_stack_manager - INFO - Refreshed page 'devices'
2025-09-24 18:27:45,718 - ui.widgets.page_stack_manager - INFO - Refreshed page 'devices'
2025-09-24 18:27:47,364 - ui.widgets.page_stack_manager - INFO - Refreshed page 'devices'
2025-09-24 18:27:52,373 - ui.widgets.page_stack_manager - INFO - Refreshed page 'devices'
2025-09-24 18:27:57,365 - ui.widgets.page_stack_manager - INFO - Refreshed page 'devices'
2025-09-24 18:28:02,364 - ui.widgets.page_stack_manager - INFO - Refreshed page 'devices'
2025-09-24 18:28:07,364 - ui.widgets.page_stack_manager - INFO - Refreshed page 'devices'
2025-09-24 18:28:15,720 - ui.widgets.page_stack_manager - INFO - Refreshed page 'devices'
2025-09-24 18:28:17,362 - ui.widgets.page_stack_manager - INFO - Refreshed page 'devices'
2025-09-24 18:28:22,364 - ui.widgets.page_stack_manager - INFO - Refreshed page 'devices'
2025-09-24 18:28:27,362 - ui.widgets.page_stack_manager - INFO - Refreshed page 'devices'
2025-09-24 18:28:32,362 - ui.widgets.page_stack_manager - INFO - Refreshed page 'devices'
2025-09-24 18:28:37,364 - ui.widgets.page_stack_manager - INFO - Refreshed page 'devices'
2025-09-24 18:28:45,725 - ui.widgets.page_stack_manager - INFO - Refreshed page 'devices'
2025-09-24 18:28:47,374 - ui.widgets.page_stack_manager - INFO - Refreshed page 'devices'
2025-09-24 18:28:52,362 - ui.widgets.page_stack_manager - INFO - Refreshed page 'devices'
2025-09-24 18:28:57,374 - ui.widgets.page_stack_manager - INFO - Refreshed page 'devices'
2025-09-24 18:29:02,364 - ui.widgets.page_stack_manager - INFO - Refreshed page 'devices'
2025-09-24 18:29:07,366 - ui.widgets.page_stack_manager - INFO - Refreshed page 'devices'
2025-09-24 18:29:15,716 - ui.widgets.page_stack_manager - INFO - Refreshed page 'devices'
2025-09-24 18:29:17,363 - ui.widgets.page_stack_manager - INFO - Refreshed page 'devices'
2025-09-24 18:29:22,376 - ui.widgets.page_stack_manager - INFO - Refreshed page 'devices'
2025-09-24 18:29:27,373 - ui.widgets.page_stack_manager - INFO - Refreshed page 'devices'
2025-09-24 18:29:32,374 - ui.widgets.page_stack_manager - INFO - Refreshed page 'devices'
2025-09-24 18:29:37,368 - ui.widgets.page_stack_manager - INFO - Refreshed page 'devices'
2025-09-24 18:29:45,720 - ui.widgets.page_stack_manager - INFO - Refreshed page 'devices'
2025-09-24 18:29:47,385 - ui.widgets.page_stack_manager - INFO - Refreshed page 'devices'
2025-09-24 18:29:52,391 - ui.widgets.page_stack_manager - INFO - Refreshed page 'devices'
2025-09-24 18:29:57,378 - ui.widgets.page_stack_manager - INFO - Refreshed page 'devices'
2025-09-24 18:30:02,384 - ui.widgets.page_stack_manager - INFO - Refreshed page 'devices'
2025-09-24 18:30:07,383 - ui.widgets.page_stack_manager - INFO - Refreshed page 'devices'
2025-09-24 18:30:15,726 - ui.widgets.page_stack_manager - INFO - Refreshed page 'devices'
2025-09-24 18:30:17,381 - ui.widgets.page_stack_manager - INFO - Refreshed page 'devices'
2025-09-24 18:30:22,382 - ui.widgets.page_stack_manager - INFO - Refreshed page 'devices'
2025-09-24 18:30:27,389 - ui.widgets.page_stack_manager - INFO - Refreshed page 'devices'
2025-09-24 18:30:32,381 - ui.widgets.page_stack_manager - INFO - Refreshed page 'devices'
2025-09-24 18:30:37,386 - ui.widgets.page_stack_manager - INFO - Refreshed page 'devices'
2025-09-24 18:30:45,713 - ui.widgets.page_stack_manager - INFO - Refreshed page 'devices'
2025-09-24 18:30:47,380 - ui.widgets.page_stack_manager - INFO - Refreshed page 'devices'
2025-09-24 18:30:52,380 - ui.widgets.page_stack_manager - INFO - Refreshed page 'devices'
2025-09-24 18:30:57,379 - ui.widgets.page_stack_manager - INFO - Refreshed page 'devices'
2025-09-24 18:31:02,379 - ui.widgets.page_stack_manager - INFO - Refreshed page 'devices'
2025-09-24 18:31:07,378 - ui.widgets.page_stack_manager - INFO - Refreshed page 'devices'
2025-09-24 18:31:15,723 - ui.widgets.page_stack_manager - INFO - Refreshed page 'devices'
2025-09-24 18:31:17,396 - ui.widgets.page_stack_manager - INFO - Refreshed page 'devices'
2025-09-24 18:31:22,396 - ui.widgets.page_stack_manager - INFO - Refreshed page 'devices'
2025-09-24 18:31:27,397 - ui.widgets.page_stack_manager - INFO - Refreshed page 'devices'
2025-09-24 18:31:32,395 - ui.widgets.page_stack_manager - INFO - Refreshed page 'devices'
2025-09-24 18:31:37,397 - ui.widgets.page_stack_manager - INFO - Refreshed page 'devices'
2025-09-24 18:31:45,718 - ui.widgets.page_stack_manager - INFO - Refreshed page 'devices'
2025-09-24 18:31:47,396 - ui.widgets.page_stack_manager - INFO - Refreshed page 'devices'
2025-09-24 18:31:52,396 - ui.widgets.page_stack_manager - INFO - Refreshed page 'devices'
2025-09-24 18:31:57,403 - ui.widgets.page_stack_manager - INFO - Refreshed page 'devices'
2025-09-24 18:32:02,402 - ui.widgets.page_stack_manager - INFO - Refreshed page 'devices'
2025-09-24 18:32:07,402 - ui.widgets.page_stack_manager - INFO - Refreshed page 'devices'
2025-09-24 18:32:15,729 - ui.widgets.page_stack_manager - INFO - Refreshed page 'devices'
2025-09-24 18:32:17,400 - ui.widgets.page_stack_manager - INFO - Refreshed page 'devices'
2025-09-24 18:32:22,397 - ui.widgets.page_stack_manager - INFO - Refreshed page 'devices'
2025-09-24 18:32:27,395 - ui.widgets.page_stack_manager - INFO - Refreshed page 'devices'
2025-09-24 18:32:32,405 - ui.widgets.page_stack_manager - INFO - Refreshed page 'devices'
2025-09-24 18:32:37,396 - ui.widgets.page_stack_manager - INFO - Refreshed page 'devices'
2025-09-24 18:32:45,713 - ui.widgets.page_stack_manager - INFO - Refreshed page 'devices'
2025-09-24 18:32:47,394 - ui.widgets.page_stack_manager - INFO - Refreshed page 'devices'
2025-09-24 18:32:52,395 - ui.widgets.page_stack_manager - INFO - Refreshed page 'devices'
2025-09-24 18:32:57,396 - ui.widgets.page_stack_manager - INFO - Refreshed page 'devices'
2025-09-24 18:33:02,395 - ui.widgets.page_stack_manager - INFO - Refreshed page 'devices'
2025-09-24 18:33:07,404 - ui.widgets.page_stack_manager - INFO - Refreshed page 'devices'
2025-09-24 18:33:15,715 - ui.widgets.page_stack_manager - INFO - Refreshed page 'devices'
2025-09-24 18:33:17,394 - ui.widgets.page_stack_manager - INFO - Refreshed page 'devices'
2025-09-24 18:33:22,407 - ui.widgets.page_stack_manager - INFO - Refreshed page 'devices'
2025-09-24 18:33:27,408 - ui.widgets.page_stack_manager - INFO - Refreshed page 'devices'
2025-09-24 18:33:32,394 - ui.widgets.page_stack_manager - INFO - Refreshed page 'devices'
2025-09-24 18:33:37,406 - ui.widgets.page_stack_manager - INFO - Refreshed page 'devices'
2025-09-24 18:33:45,716 - ui.widgets.page_stack_manager - INFO - Refreshed page 'devices'
2025-09-24 18:33:47,409 - ui.widgets.page_stack_manager - INFO - Refreshed page 'devices'
2025-09-24 18:33:52,414 - ui.widgets.page_stack_manager - INFO - Refreshed page 'devices'
2025-09-24 18:33:57,419 - ui.widgets.page_stack_manager - INFO - Refreshed page 'devices'
2025-09-24 18:34:02,413 - ui.widgets.page_stack_manager - INFO - Refreshed page 'devices'
2025-09-24 18:34:07,412 - ui.widgets.page_stack_manager - INFO - Refreshed page 'devices'
2025-09-24 18:34:15,715 - ui.widgets.page_stack_manager - INFO - Refreshed page 'devices'
2025-09-24 18:34:17,413 - ui.widgets.page_stack_manager - INFO - Refreshed page 'devices'
2025-09-24 18:34:22,413 - ui.widgets.page_stack_manager - INFO - Refreshed page 'devices'
2025-09-24 18:34:27,411 - ui.widgets.page_stack_manager - INFO - Refreshed page 'devices'
2025-09-24 18:34:32,412 - ui.widgets.page_stack_manager - INFO - Refreshed page 'devices'
2025-09-24 18:34:37,410 - ui.widgets.page_stack_manager - INFO - Refreshed page 'devices'
2025-09-24 18:34:45,729 - ui.widgets.page_stack_manager - INFO - Refreshed page 'devices'
2025-09-24 18:34:47,410 - ui.widgets.page_stack_manager - INFO - Refreshed page 'devices'
2025-09-24 18:34:52,414 - ui.widgets.page_stack_manager - INFO - Refreshed page 'devices'
2025-09-24 18:34:57,414 - ui.widgets.page_stack_manager - INFO - Refreshed page 'devices'
2025-09-24 18:35:02,414 - ui.widgets.page_stack_manager - INFO - Refreshed page 'devices'
2025-09-24 18:35:07,412 - ui.widgets.page_stack_manager - INFO - Refreshed page 'devices'
2025-09-24 18:35:15,723 - ui.widgets.page_stack_manager - INFO - Refreshed page 'devices'
2025-09-24 18:35:17,412 - ui.widgets.page_stack_manager - INFO - Refreshed page 'devices'
2025-09-24 18:35:22,413 - ui.widgets.page_stack_manager - INFO - Refreshed page 'devices'
2025-09-24 18:35:27,414 - ui.widgets.page_stack_manager - INFO - Refreshed page 'devices'
2025-09-24 18:35:32,414 - ui.widgets.page_stack_manager - INFO - Refreshed page 'devices'
2025-09-24 18:35:37,411 - ui.widgets.page_stack_manager - INFO - Refreshed page 'devices'
2025-09-24 18:35:45,724 - ui.widgets.page_stack_manager - INFO - Refreshed page 'devices'
2025-09-24 18:35:47,411 - ui.widgets.page_stack_manager - INFO - Refreshed page 'devices'
2025-09-24 18:35:52,410 - ui.widgets.page_stack_manager - INFO - Refreshed page 'devices'
2025-09-24 18:35:57,413 - ui.widgets.page_stack_manager - INFO - Refreshed page 'devices'
2025-09-24 18:36:02,417 - ui.widgets.page_stack_manager - INFO - Refreshed page 'devices'
2025-09-24 18:36:07,413 - ui.widgets.page_stack_manager - INFO - Refreshed page 'devices'
2025-09-24 18:36:15,728 - ui.widgets.page_stack_manager - INFO - Refreshed page 'devices'
2025-09-24 18:36:17,414 - ui.widgets.page_stack_manager - INFO - Refreshed page 'devices'
2025-09-24 18:36:22,410 - ui.widgets.page_stack_manager - INFO - Refreshed page 'devices'
2025-09-24 18:36:27,413 - ui.widgets.page_stack_manager - INFO - Refreshed page 'devices'
2025-09-24 18:36:32,415 - ui.widgets.page_stack_manager - INFO - Refreshed page 'devices'
2025-09-24 18:36:37,409 - ui.widgets.page_stack_manager - INFO - Refreshed page 'devices'
2025-09-24 18:36:45,730 - ui.widgets.page_stack_manager - INFO - Refreshed page 'devices'
2025-09-24 18:36:47,414 - ui.widgets.page_stack_manager - INFO - Refreshed page 'devices'
2025-09-24 18:36:52,414 - ui.widgets.page_stack_manager - INFO - Refreshed page 'devices'
2025-09-24 18:36:57,409 - ui.widgets.page_stack_manager - INFO - Refreshed page 'devices'
2025-09-24 18:37:02,413 - ui.widgets.page_stack_manager - INFO - Refreshed page 'devices'
2025-09-24 18:37:07,413 - ui.widgets.page_stack_manager - INFO - Refreshed page 'devices'
2025-09-24 18:37:15,729 - ui.widgets.page_stack_manager - INFO - Refreshed page 'devices'
2025-09-24 18:37:17,413 - ui.widgets.page_stack_manager - INFO - Refreshed page 'devices'
2025-09-24 18:37:22,410 - ui.widgets.page_stack_manager - INFO - Refreshed page 'devices'
2025-09-24 18:37:27,412 - ui.widgets.page_stack_manager - INFO - Refreshed page 'devices'
2025-09-24 18:37:32,409 - ui.widgets.page_stack_manager - INFO - Refreshed page 'devices'
2025-09-24 18:37:37,415 - ui.widgets.page_stack_manager - INFO - Refreshed page 'devices'
2025-09-24 18:37:45,728 - ui.widgets.page_stack_manager - INFO - Refreshed page 'devices'
2025-09-24 18:37:47,414 - ui.widgets.page_stack_manager - INFO - Refreshed page 'devices'
2025-09-24 18:37:52,411 - ui.widgets.page_stack_manager - INFO - Refreshed page 'devices'
2025-09-24 18:37:57,414 - ui.widgets.page_stack_manager - INFO - Refreshed page 'devices'
2025-09-24 18:38:02,414 - ui.widgets.page_stack_manager - INFO - Refreshed page 'devices'
2025-09-24 18:38:07,418 - ui.widgets.page_stack_manager - INFO - Refreshed page 'devices'
2025-09-24 18:38:15,718 - ui.widgets.page_stack_manager - INFO - Refreshed page 'devices'
2025-09-24 18:38:17,412 - ui.widgets.page_stack_manager - INFO - Refreshed page 'devices'
2025-09-24 18:38:22,419 - ui.widgets.page_stack_manager - INFO - Refreshed page 'devices'
2025-09-24 18:38:27,413 - ui.widgets.page_stack_manager - INFO - Refreshed page 'devices'
2025-09-24 18:38:32,419 - ui.widgets.page_stack_manager - INFO - Refreshed page 'devices'
2025-09-24 18:38:37,418 - ui.widgets.page_stack_manager - INFO - Refreshed page 'devices'
2025-09-24 18:38:45,733 - ui.widgets.page_stack_manager - INFO - Refreshed page 'devices'
2025-09-24 18:38:47,413 - ui.widgets.page_stack_manager - INFO - Refreshed page 'devices'
2025-09-24 18:38:52,418 - ui.widgets.page_stack_manager - INFO - Refreshed page 'devices'
2025-09-24 18:38:57,418 - ui.widgets.page_stack_manager - INFO - Refreshed page 'devices'
2025-09-24 18:39:02,421 - ui.widgets.page_stack_manager - INFO - Refreshed page 'devices'
2025-09-24 18:39:07,421 - ui.widgets.page_stack_manager - INFO - Refreshed page 'devices'
2025-09-24 18:39:15,722 - ui.widgets.page_stack_manager - INFO - Refreshed page 'devices'
2025-09-24 18:39:17,413 - ui.widgets.page_stack_manager - INFO - Refreshed page 'devices'
2025-09-24 18:39:22,419 - ui.widgets.page_stack_manager - INFO - Refreshed page 'devices'
2025-09-24 18:39:27,417 - ui.widgets.page_stack_manager - INFO - Refreshed page 'devices'
2025-09-24 18:39:32,425 - ui.widgets.page_stack_manager - INFO - Refreshed page 'devices'
2025-09-24 18:39:37,418 - ui.widgets.page_stack_manager - INFO - Refreshed page 'devices'
2025-09-24 18:39:45,727 - ui.widgets.page_stack_manager - INFO - Refreshed page 'devices'
2025-09-24 18:39:47,423 - ui.widgets.page_stack_manager - INFO - Refreshed page 'devices'
2025-09-24 18:39:52,418 - ui.widgets.page_stack_manager - INFO - Refreshed page 'devices'
2025-09-24 18:39:57,415 - ui.widgets.page_stack_manager - INFO - Refreshed page 'devices'
2025-09-24 18:40:02,413 - ui.widgets.page_stack_manager - INFO - Refreshed page 'devices'
2025-09-24 18:40:07,423 - ui.widgets.page_stack_manager - INFO - Refreshed page 'devices'
2025-09-24 18:40:15,725 - ui.widgets.page_stack_manager - INFO - Refreshed page 'devices'
2025-09-24 18:40:17,422 - ui.widgets.page_stack_manager - INFO - Refreshed page 'devices'
2025-09-24 18:40:22,420 - ui.widgets.page_stack_manager - INFO - Refreshed page 'devices'
2025-09-24 18:40:27,420 - ui.widgets.page_stack_manager - INFO - Refreshed page 'devices'
2025-09-24 18:40:32,413 - ui.widgets.page_stack_manager - INFO - Refreshed page 'devices'
2025-09-24 18:40:37,412 - ui.widgets.page_stack_manager - INFO - Refreshed page 'devices'
2025-09-24 18:40:45,718 - ui.widgets.page_stack_manager - INFO - Refreshed page 'devices'
2025-09-24 18:40:47,410 - ui.widgets.page_stack_manager - INFO - Refreshed page 'devices'
2025-09-24 18:40:52,417 - ui.widgets.page_stack_manager - INFO - Refreshed page 'devices'
2025-09-24 18:40:57,414 - ui.widgets.page_stack_manager - INFO - Refreshed page 'devices'
2025-09-24 18:41:02,410 - ui.widgets.page_stack_manager - INFO - Refreshed page 'devices'
2025-09-24 18:41:07,422 - ui.widgets.page_stack_manager - INFO - Refreshed page 'devices'
2025-09-24 18:41:15,723 - ui.widgets.page_stack_manager - INFO - Refreshed page 'devices'
2025-09-24 18:41:17,425 - ui.widgets.page_stack_manager - INFO - Refreshed page 'devices'
2025-09-24 18:41:22,413 - ui.widgets.page_stack_manager - INFO - Refreshed page 'devices'
2025-09-24 18:41:27,417 - ui.widgets.page_stack_manager - INFO - Refreshed page 'devices'
2025-09-24 18:41:32,424 - ui.widgets.page_stack_manager - INFO - Refreshed page 'devices'
2025-09-24 18:41:37,414 - ui.widgets.page_stack_manager - INFO - Refreshed page 'devices'
2025-09-24 18:41:45,723 - ui.widgets.page_stack_manager - INFO - Refreshed page 'devices'
2025-09-24 18:41:47,410 - ui.widgets.page_stack_manager - INFO - Refreshed page 'devices'
2025-09-24 18:41:52,409 - ui.widgets.page_stack_manager - INFO - Refreshed page 'devices'
2025-09-24 18:41:57,422 - ui.widgets.page_stack_manager - INFO - Refreshed page 'devices'
2025-09-24 18:42:02,414 - ui.widgets.page_stack_manager - INFO - Refreshed page 'devices'
2025-09-24 18:42:07,422 - ui.widgets.page_stack_manager - INFO - Refreshed page 'devices'
2025-09-24 18:42:15,724 - ui.widgets.page_stack_manager - INFO - Refreshed page 'devices'
2025-09-24 18:42:17,422 - ui.widgets.page_stack_manager - INFO - Refreshed page 'devices'
2025-09-24 18:42:22,423 - ui.widgets.page_stack_manager - INFO - Refreshed page 'devices'
2025-09-24 18:42:27,413 - ui.widgets.page_stack_manager - INFO - Refreshed page 'devices'
2025-09-24 18:42:32,415 - ui.widgets.page_stack_manager - INFO - Refreshed page 'devices'
2025-09-24 18:42:37,410 - ui.widgets.page_stack_manager - INFO - Refreshed page 'devices'
2025-09-24 18:42:45,725 - ui.widgets.page_stack_manager - INFO - Refreshed page 'devices'
2025-09-24 18:42:47,415 - ui.widgets.page_stack_manager - INFO - Refreshed page 'devices'
2025-09-24 18:42:52,415 - ui.widgets.page_stack_manager - INFO - Refreshed page 'devices'
2025-09-24 18:42:57,423 - ui.widgets.page_stack_manager - INFO - Refreshed page 'devices'
2025-09-24 18:43:02,414 - ui.widgets.page_stack_manager - INFO - Refreshed page 'devices'
2025-09-24 18:43:07,411 - ui.widgets.page_stack_manager - INFO - Refreshed page 'devices'
2025-09-24 18:43:15,720 - ui.widgets.page_stack_manager - INFO - Refreshed page 'devices'
2025-09-24 18:43:17,414 - ui.widgets.page_stack_manager - INFO - Refreshed page 'devices'
2025-09-24 18:43:22,413 - ui.widgets.page_stack_manager - INFO - Refreshed page 'devices'
2025-09-24 18:43:27,412 - ui.widgets.page_stack_manager - INFO - Refreshed page 'devices'
2025-09-24 18:43:32,414 - ui.widgets.page_stack_manager - INFO - Refreshed page 'devices'
2025-09-24 18:43:37,411 - ui.widgets.page_stack_manager - INFO - Refreshed page 'devices'
2025-09-24 18:43:45,721 - ui.widgets.page_stack_manager - INFO - Refreshed page 'devices'
2025-09-24 18:43:47,414 - ui.widgets.page_stack_manager - INFO - Refreshed page 'devices'
2025-09-24 18:43:52,416 - ui.widgets.page_stack_manager - INFO - Refreshed page 'devices'
2025-09-24 18:43:57,415 - ui.widgets.page_stack_manager - INFO - Refreshed page 'devices'
2025-09-24 18:44:02,410 - ui.widgets.page_stack_manager - INFO - Refreshed page 'devices'
2025-09-24 18:44:07,411 - ui.widgets.page_stack_manager - INFO - Refreshed page 'devices'
2025-09-24 18:44:15,729 - ui.widgets.page_stack_manager - INFO - Refreshed page 'devices'
2025-09-24 18:44:17,413 - ui.widgets.page_stack_manager - INFO - Refreshed page 'devices'
2025-09-24 18:44:22,416 - ui.widgets.page_stack_manager - INFO - Refreshed page 'devices'
2025-09-24 18:44:27,415 - ui.widgets.page_stack_manager - INFO - Refreshed page 'devices'
2025-09-24 18:44:32,411 - ui.widgets.page_stack_manager - INFO - Refreshed page 'devices'
2025-09-24 18:44:37,420 - ui.widgets.page_stack_manager - INFO - Refreshed page 'devices'
2025-09-24 18:44:45,717 - ui.widgets.page_stack_manager - INFO - Refreshed page 'devices'
2025-09-24 18:44:47,410 - ui.widgets.page_stack_manager - INFO - Refreshed page 'devices'
2025-09-24 18:44:52,413 - ui.widgets.page_stack_manager - INFO - Refreshed page 'devices'
2025-09-24 18:44:57,411 - ui.widgets.page_stack_manager - INFO - Refreshed page 'devices'
2025-09-24 18:45:02,412 - ui.widgets.page_stack_manager - INFO - Refreshed page 'devices'
2025-09-24 18:45:07,415 - ui.widgets.page_stack_manager - INFO - Refreshed page 'devices'
2025-09-24 18:45:15,709 - ui.widgets.page_stack_manager - INFO - Refreshed page 'devices'
2025-09-24 18:45:17,415 - ui.widgets.page_stack_manager - INFO - Refreshed page 'devices'
2025-09-24 18:45:22,415 - ui.widgets.page_stack_manager - INFO - Refreshed page 'devices'
2025-09-24 18:45:27,421 - ui.widgets.page_stack_manager - INFO - Refreshed page 'devices'
2025-09-24 18:45:32,418 - ui.widgets.page_stack_manager - INFO - Refreshed page 'devices'
2025-09-24 18:45:37,413 - ui.widgets.page_stack_manager - INFO - Refreshed page 'devices'
2025-09-24 18:45:45,715 - ui.widgets.page_stack_manager - INFO - Refreshed page 'devices'
2025-09-24 18:45:47,415 - ui.widgets.page_stack_manager - INFO - Refreshed page 'devices'
2025-09-24 18:45:52,409 - ui.widgets.page_stack_manager - INFO - Refreshed page 'devices'
2025-09-24 18:45:57,413 - ui.widgets.page_stack_manager - INFO - Refreshed page 'devices'
2025-09-24 18:46:02,409 - ui.widgets.page_stack_manager - INFO - Refreshed page 'devices'
2025-09-24 18:46:07,421 - ui.widgets.page_stack_manager - INFO - Refreshed page 'devices'
2025-09-24 18:46:15,723 - ui.widgets.page_stack_manager - INFO - Refreshed page 'devices'
2025-09-24 18:46:17,411 - ui.widgets.page_stack_manager - INFO - Refreshed page 'devices'
2025-09-24 18:46:22,417 - ui.widgets.page_stack_manager - INFO - Refreshed page 'devices'
2025-09-24 18:46:27,420 - ui.widgets.page_stack_manager - INFO - Refreshed page 'devices'
2025-09-24 18:46:32,416 - ui.widgets.page_stack_manager - INFO - Refreshed page 'devices'
2025-09-24 18:46:37,420 - ui.widgets.page_stack_manager - INFO - Refreshed page 'devices'
2025-09-24 18:46:45,723 - ui.widgets.page_stack_manager - INFO - Refreshed page 'devices'
2025-09-24 18:46:47,425 - ui.widgets.page_stack_manager - INFO - Refreshed page 'devices'
2025-09-24 18:46:52,411 - ui.widgets.page_stack_manager - INFO - Refreshed page 'devices'
2025-09-24 18:46:57,424 - ui.widgets.page_stack_manager - INFO - Refreshed page 'devices'
2025-09-24 18:47:02,421 - ui.widgets.page_stack_manager - INFO - Refreshed page 'devices'
2025-09-24 18:47:07,414 - ui.widgets.page_stack_manager - INFO - Refreshed page 'devices'
2025-09-24 18:47:15,727 - ui.widgets.page_stack_manager - INFO - Refreshed page 'devices'
2025-09-24 18:47:17,423 - ui.widgets.page_stack_manager - INFO - Refreshed page 'devices'
2025-09-24 18:47:22,411 - ui.widgets.page_stack_manager - INFO - Refreshed page 'devices'
2025-09-24 18:47:27,416 - ui.widgets.page_stack_manager - INFO - Refreshed page 'devices'
2025-09-24 18:47:32,413 - ui.widgets.page_stack_manager - INFO - Refreshed page 'devices'
2025-09-24 18:47:37,409 - ui.widgets.page_stack_manager - INFO - Refreshed page 'devices'
2025-09-24 18:47:45,726 - ui.widgets.page_stack_manager - INFO - Refreshed page 'devices'
2025-09-24 18:47:47,413 - ui.widgets.page_stack_manager - INFO - Refreshed page 'devices'
2025-09-24 18:47:52,414 - ui.widgets.page_stack_manager - INFO - Refreshed page 'devices'
2025-09-24 18:47:57,423 - ui.widgets.page_stack_manager - INFO - Refreshed page 'devices'
2025-09-24 18:48:02,423 - ui.widgets.page_stack_manager - INFO - Refreshed page 'devices'
2025-09-24 18:48:07,415 - ui.widgets.page_stack_manager - INFO - Refreshed page 'devices'
2025-09-24 18:48:15,725 - ui.widgets.page_stack_manager - INFO - Refreshed page 'devices'
2025-09-24 18:48:17,423 - ui.widgets.page_stack_manager - INFO - Refreshed page 'devices'
2025-09-24 18:48:22,414 - ui.widgets.page_stack_manager - INFO - Refreshed page 'devices'
2025-09-24 18:48:27,410 - ui.widgets.page_stack_manager - INFO - Refreshed page 'devices'
2025-09-24 18:48:32,417 - ui.widgets.page_stack_manager - INFO - Refreshed page 'devices'
2025-09-24 18:48:37,424 - ui.widgets.page_stack_manager - INFO - Refreshed page 'devices'
2025-09-24 18:48:45,729 - ui.widgets.page_stack_manager - INFO - Refreshed page 'devices'
2025-09-24 18:48:47,414 - ui.widgets.page_stack_manager - INFO - Refreshed page 'devices'
2025-09-24 18:48:52,411 - ui.widgets.page_stack_manager - INFO - Refreshed page 'devices'
2025-09-24 18:48:57,424 - ui.widgets.page_stack_manager - INFO - Refreshed page 'devices'
2025-09-24 18:49:02,422 - ui.widgets.page_stack_manager - INFO - Refreshed page 'devices'
2025-09-24 18:49:07,419 - ui.widgets.page_stack_manager - INFO - Refreshed page 'devices'
2025-09-24 18:49:15,753 - ui.widgets.page_stack_manager - INFO - Refreshed page 'devices'
2025-09-24 18:49:17,418 - ui.widgets.page_stack_manager - INFO - Refreshed page 'devices'
2025-09-24 18:49:22,414 - ui.widgets.page_stack_manager - INFO - Refreshed page 'devices'
2025-09-24 18:49:27,412 - ui.widgets.page_stack_manager - INFO - Refreshed page 'devices'
2025-09-24 18:49:32,417 - ui.widgets.page_stack_manager - INFO - Refreshed page 'devices'
2025-09-24 18:49:37,418 - ui.widgets.page_stack_manager - INFO - Refreshed page 'devices'
2025-09-24 18:49:45,721 - ui.widgets.page_stack_manager - INFO - Refreshed page 'devices'
2025-09-24 18:49:47,411 - ui.widgets.page_stack_manager - INFO - Refreshed page 'devices'
2025-09-24 18:49:52,421 - ui.widgets.page_stack_manager - INFO - Refreshed page 'devices'
2025-09-24 18:49:57,414 - ui.widgets.page_stack_manager - INFO - Refreshed page 'devices'
2025-09-24 18:50:02,413 - ui.widgets.page_stack_manager - INFO - Refreshed page 'devices'
2025-09-24 18:50:07,412 - ui.widgets.page_stack_manager - INFO - Refreshed page 'devices'
2025-09-24 18:50:15,716 - ui.widgets.page_stack_manager - INFO - Refreshed page 'devices'
2025-09-24 18:50:17,422 - ui.widgets.page_stack_manager - INFO - Refreshed page 'devices'
2025-09-24 18:50:22,422 - ui.widgets.page_stack_manager - INFO - Refreshed page 'devices'
2025-09-24 18:50:27,418 - ui.widgets.page_stack_manager - INFO - Refreshed page 'devices'
2025-09-24 18:50:32,412 - ui.widgets.page_stack_manager - INFO - Refreshed page 'devices'
2025-09-24 18:50:37,410 - ui.widgets.page_stack_manager - INFO - Refreshed page 'devices'
2025-09-24 18:50:45,717 - ui.widgets.page_stack_manager - INFO - Refreshed page 'devices'
2025-09-24 18:50:47,415 - ui.widgets.page_stack_manager - INFO - Refreshed page 'devices'
2025-09-24 18:50:52,419 - ui.widgets.page_stack_manager - INFO - Refreshed page 'devices'
2025-09-24 18:50:57,412 - ui.widgets.page_stack_manager - INFO - Refreshed page 'devices'
2025-09-24 18:51:02,411 - ui.widgets.page_stack_manager - INFO - Refreshed page 'devices'
2025-09-24 18:51:07,413 - ui.widgets.page_stack_manager - INFO - Refreshed page 'devices'
2025-09-24 18:51:15,723 - ui.widgets.page_stack_manager - INFO - Refreshed page 'devices'
2025-09-24 18:51:17,414 - ui.widgets.page_stack_manager - INFO - Refreshed page 'devices'
2025-09-24 18:51:22,418 - ui.widgets.page_stack_manager - INFO - Refreshed page 'devices'
2025-09-24 18:51:27,414 - ui.widgets.page_stack_manager - INFO - Refreshed page 'devices'
2025-09-24 18:51:32,417 - ui.widgets.page_stack_manager - INFO - Refreshed page 'devices'
2025-09-24 18:51:37,412 - ui.widgets.page_stack_manager - INFO - Refreshed page 'devices'
2025-09-24 18:51:45,728 - ui.widgets.page_stack_manager - INFO - Refreshed page 'devices'
2025-09-24 18:51:47,416 - ui.widgets.page_stack_manager - INFO - Refreshed page 'devices'
2025-09-24 18:51:52,417 - ui.widgets.page_stack_manager - INFO - Refreshed page 'devices'
2025-09-24 18:51:57,417 - ui.widgets.page_stack_manager - INFO - Refreshed page 'devices'
2025-09-24 18:52:02,420 - ui.widgets.page_stack_manager - INFO - Refreshed page 'devices'
2025-09-24 18:52:07,421 - ui.widgets.page_stack_manager - INFO - Refreshed page 'devices'
2025-09-24 18:52:15,708 - ui.widgets.page_stack_manager - INFO - Refreshed page 'devices'
2025-09-24 18:52:17,422 - ui.widgets.page_stack_manager - INFO - Refreshed page 'devices'
2025-09-24 18:52:22,413 - ui.widgets.page_stack_manager - INFO - Refreshed page 'devices'
2025-09-24 18:52:27,411 - ui.widgets.page_stack_manager - INFO - Refreshed page 'devices'
2025-09-24 18:52:32,419 - ui.widgets.page_stack_manager - INFO - Refreshed page 'devices'
2025-09-24 18:52:37,410 - ui.widgets.page_stack_manager - INFO - Refreshed page 'devices'
2025-09-24 18:52:45,713 - ui.widgets.page_stack_manager - INFO - Refreshed page 'devices'
2025-09-24 18:52:47,411 - ui.widgets.page_stack_manager - INFO - Refreshed page 'devices'
2025-09-24 18:52:52,411 - ui.widgets.page_stack_manager - INFO - Refreshed page 'devices'
2025-09-24 18:52:57,415 - ui.widgets.page_stack_manager - INFO - Refreshed page 'devices'
2025-09-24 18:53:02,419 - ui.widgets.page_stack_manager - INFO - Refreshed page 'devices'
2025-09-24 18:53:07,412 - ui.widgets.page_stack_manager - INFO - Refreshed page 'devices'
2025-09-24 18:53:15,710 - ui.widgets.page_stack_manager - INFO - Refreshed page 'devices'
2025-09-24 18:53:17,414 - ui.widgets.page_stack_manager - INFO - Refreshed page 'devices'
2025-09-24 18:53:22,415 - ui.widgets.page_stack_manager - INFO - Refreshed page 'devices'
2025-09-24 18:53:27,409 - ui.widgets.page_stack_manager - INFO - Refreshed page 'devices'
2025-09-24 18:53:32,412 - ui.widgets.page_stack_manager - INFO - Refreshed page 'devices'
2025-09-24 18:53:37,415 - ui.widgets.page_stack_manager - INFO - Refreshed page 'devices'
2025-09-24 18:53:45,725 - ui.widgets.page_stack_manager - INFO - Refreshed page 'devices'
2025-09-24 18:53:47,414 - ui.widgets.page_stack_manager - INFO - Refreshed page 'devices'
2025-09-24 18:53:52,414 - ui.widgets.page_stack_manager - INFO - Refreshed page 'devices'
2025-09-24 18:53:57,409 - ui.widgets.page_stack_manager - INFO - Refreshed page 'devices'
2025-09-24 18:54:02,419 - ui.widgets.page_stack_manager - INFO - Refreshed page 'devices'
2025-09-24 18:54:07,409 - ui.widgets.page_stack_manager - INFO - Refreshed page 'devices'
2025-09-24 18:54:15,724 - ui.widgets.page_stack_manager - INFO - Refreshed page 'devices'
2025-09-24 18:54:17,415 - ui.widgets.page_stack_manager - INFO - Refreshed page 'devices'
2025-09-24 18:54:22,414 - ui.widgets.page_stack_manager - INFO - Refreshed page 'devices'
2025-09-24 18:54:27,415 - ui.widgets.page_stack_manager - INFO - Refreshed page 'devices'
2025-09-24 18:54:32,412 - ui.widgets.page_stack_manager - INFO - Refreshed page 'devices'
2025-09-24 18:54:37,415 - ui.widgets.page_stack_manager - INFO - Refreshed page 'devices'
2025-09-24 18:54:45,723 - ui.widgets.page_stack_manager - INFO - Refreshed page 'devices'
2025-09-24 18:54:47,414 - ui.widgets.page_stack_manager - INFO - Refreshed page 'devices'
2025-09-24 18:54:52,418 - ui.widgets.page_stack_manager - INFO - Refreshed page 'devices'
2025-09-24 18:54:57,417 - ui.widgets.page_stack_manager - INFO - Refreshed page 'devices'
2025-09-24 18:55:02,413 - ui.widgets.page_stack_manager - INFO - Refreshed page 'devices'
2025-09-24 18:55:07,418 - ui.widgets.page_stack_manager - INFO - Refreshed page 'devices'
2025-09-24 18:55:15,711 - ui.widgets.page_stack_manager - INFO - Refreshed page 'devices'
2025-09-24 18:55:17,410 - ui.widgets.page_stack_manager - INFO - Refreshed page 'devices'
2025-09-24 18:55:22,419 - ui.widgets.page_stack_manager - INFO - Refreshed page 'devices'
2025-09-24 18:55:27,415 - ui.widgets.page_stack_manager - INFO - Refreshed page 'devices'
2025-09-24 18:55:32,412 - ui.widgets.page_stack_manager - INFO - Refreshed page 'devices'
2025-09-24 18:55:37,424 - ui.widgets.page_stack_manager - INFO - Refreshed page 'devices'
2025-09-24 18:55:45,718 - ui.widgets.page_stack_manager - INFO - Refreshed page 'devices'
2025-09-24 18:55:47,417 - ui.widgets.page_stack_manager - INFO - Refreshed page 'devices'
2025-09-24 18:55:52,413 - ui.widgets.page_stack_manager - INFO - Refreshed page 'devices'
2025-09-24 18:55:57,415 - ui.widgets.page_stack_manager - INFO - Refreshed page 'devices'
2025-09-24 18:56:00,871 - ui.main_window - INFO - Application closing gracefully
